{"type":"FeatureCollection","features":[{"type":"Feature","geometry":{"type":"Polygon","coordinates":[[[146.71486641976736,-19.265107519410645],[146.71523928018104,-19.265182839224522],[146.71539811197988,-19.265179905360316],[146.71541146375446,-19.26517965502073],[146.71661669150234,-19.265157388075327],[146.7188112056573,-19.265116818252565],[146.72045671727918,-19.265086382058815],[146.72378377858203,-19.265024796679572],[146.72425673319842,-19.265016039355615],[146.72426103469607,-19.265015955468648],[146.72426332812827,-19.26501594988966],[146.72668996894637,-19.265010573724442],[146.73255333125232,-19.265608324897833],[146.73319202523996,-19.265669085200102],[146.739203428799,-19.266240893302996],[146.74121872118576,-19.266432546893434],[146.74384515162527,-19.266666706738828],[146.74734757184487,-19.266983377659937],[146.74861604505256,-19.267112498528682],[146.74865259192586,-19.267116217938664],[146.74838267290139,-19.269189910393457],[146.74810584272774,-19.271683820154703],[146.75025865320288,-19.27208894509934],[146.75092754527785,-19.272157439023513],[146.75137669296663,-19.272203436031145],[146.75221581897918,-19.272285920589923],[146.75364369439777,-19.272427929458086],[146.7540290831251,-19.272460142433527],[146.75400138107295,-19.272644322553248],[146.75398119275238,-19.272825096657893],[146.75396100438508,-19.273005870756283],[146.75394081595763,-19.273186653885695],[146.753920627497,-19.273367427971483],[146.7539004485064,-19.273548202063807],[146.75388025996588,-19.273728967099693],[146.75386007136515,-19.273909741166626],[146.75383988270426,-19.274090524264615],[146.75381969401016,-19.274271298318965],[146.75379950526937,-19.274452072367033],[146.75377931648188,-19.274632846408803],[146.7537591276477,-19.274813620444288],[146.75373834078246,-19.274999707629682],[146.75371835451645,-19.27517860215671],[146.75371755388122,-19.275185785771104],[146.75369665122898,-19.275372866895747],[146.75367593184615,-19.275558276351045],[146.75365813502987,-19.275717598911232],[146.75365522191757,-19.275743694849872],[146.75363451207497,-19.27592902296879],[146.75361344523412,-19.276117576933483],[146.75359268689712,-19.276303447214737],[146.75357206363967,-19.276488052442726],[146.75355108351698,-19.276675793142903],[146.75353038307952,-19.27686103086808],[146.7535095476117,-19.277047434222503],[146.75348874078034,-19.277233747235435],[146.75346801123857,-19.277419256022085],[146.75344719479116,-19.277605569008855],[146.7534263878788,-19.277791836815133],[146.75340571621064,-19.277976731120535],[146.75338552655302,-19.278157477927667],[146.75334298645132,-19.278538227192143],[146.75330934975926,-19.278839260980774],[146.75328808923493,-19.27902952263776],[146.7532653204973,-19.279210049030162],[146.75324769017286,-19.27939109748269],[146.75322750014973,-19.279571844240596],[146.75320739695223,-19.27975177774846],[146.7531872261409,-19.279932343772998],[146.75316447009797,-19.280135996715188],[146.75314427037873,-19.280316734396987],[146.75311823436456,-19.280549763299366],[146.75308997971592,-19.280802544827736],[146.75303565960854,-19.28128872570477],[146.75283829655447,-19.283055187030616],[146.7533402145479,-19.283880061813495],[146.75348178550536,-19.283810186376485],[146.75458023327494,-19.283152598897946],[146.755982096083,-19.282313361884064],[146.75779616604,-19.281227534518443],[146.75931893197327,-19.280316033428864],[146.75949467391666,-19.281152219459774],[146.75967464622724,-19.28193417771057],[146.7599237329572,-19.2830506173835],[146.7599997781884,-19.283317318975445],[146.76009879009436,-19.283746713859113],[146.7607817584929,-19.286734442410342],[146.7609414290773,-19.287380812341304],[146.76113769685614,-19.288217023156786],[146.76157578179374,-19.29007927853521],[146.7618727781412,-19.291399108404697],[146.76214559312587,-19.292587864766645],[146.76086949254213,-19.292875384133204],[146.76034970187888,-19.29299218818177],[146.7599397075469,-19.293077504421376],[146.75912476715186,-19.29327073412053],[146.75807178477845,-19.293513341286072],[146.75608781023965,-19.29398063463536],[146.75462301897304,-19.294322081984703],[146.75396679639044,-19.294777584306456],[146.75313792460096,-19.295314177836676],[146.75157688780675,-19.29635586333522],[146.75021083383353,-19.297275798106288],[146.74980800820447,-19.297925925029404],[146.74968184389408,-19.298151685246076],[146.7487168822436,-19.29974542940237],[146.74818875459837,-19.30062583167059],[146.74785684612706,-19.301181168856825],[146.7474679953231,-19.301817753472957],[146.7473290181546,-19.30205253150232],[146.74696399407915,-19.302666554621762],[146.7465957024071,-19.303280581444493],[146.74577500483625,-19.304644057204264],[146.74570079554556,-19.30471338754079],[146.74563244590425,-19.30477282111268],[146.74532844451122,-19.304856823845423],[146.74497444653008,-19.304857820776686],[146.74459444178123,-19.304847827408466],[146.74104645006744,-19.30454182284464],[146.74082144507622,-19.304520826140656],[146.7399704431911,-19.30443882229911],[146.73951344229934,-19.30434582746915],[146.73910744230128,-19.304192824338347],[146.73877744857268,-19.30407582529832],[146.73833444174028,-19.3039588263769],[146.7377004459146,-19.30388982034451],[146.737591444516,-19.303880825197666],[146.73666744374196,-19.30380282206811],[146.73475832096346,-19.30362668632283],[146.73459276250506,-19.303492765784195],[146.73407593677757,-19.303445254600195],[146.73325662995083,-19.30336992620769],[146.73312270560643,-19.303357611435292],[146.7330808970854,-19.303353763676267],[146.7327051629106,-19.30331921554525],[146.7325694018533,-19.3033067350068],[146.73176151697635,-19.303232446902847],[146.73174759350647,-19.3032311702574],[146.7313043554318,-19.30319041082098],[146.7226534423588,-19.292733821913753],[146.72299444281995,-19.29248282190652],[146.7239784505502,-19.29200382469539],[146.72763944372667,-19.290268823382544],[146.72921144789743,-19.289465826839105],[146.73198944088432,-19.287677822487737],[146.73375644665583,-19.28652482142842],[146.7335681310491,-19.286055238450356],[146.73451614360425,-19.277453529581727],[146.73372667433867,-19.277368541681863],[146.73236683778657,-19.27723411323063],[146.73164269370434,-19.277161828119596],[146.7309170361551,-19.277090116306542],[146.73069111099386,-19.27706780473347],[146.73067963537838,-19.277066667193584],[146.73041426879934,-19.277040456285704],[146.73033719374354,-19.27703285062775],[146.7301326213821,-19.277012648457386],[146.725927314144,-19.276580488110607],[146.7232044617505,-19.2758875321403],[146.72261067573305,-19.2811838894203],[146.7224366610113,-19.281168162310532],[146.7222791656878,-19.281153924190047],[146.72183526523057,-19.281113782984416],[146.72153219807294,-19.281086381111496],[146.72134278711576,-19.281069246787727],[146.7211533666682,-19.281052121290816],[146.72096395577992,-19.281034995612565],[146.72077453543181,-19.28101786068659],[146.72058512462772,-19.28100073461656],[146.72036256105338,-19.280980602413532],[146.72017314082365,-19.280963475902922],[146.7199837301532,-19.28094634921097],[146.71860790798706,-19.280822322214057],[146.71813105649866,-19.280779211264623],[146.7180363656529,-19.280770651427936],[146.71616209624034,-19.28060117379181],[146.71498919313385,-19.280495102651393],[146.71489448360316,-19.280486541160812],[146.71217469851788,-19.280240556230495],[146.71177147312636,-19.2802040967302],[146.71157112494112,-19.28019478847839],[146.71152982148817,-19.280085516298495],[146.7114417646844,-19.27995206775278],[146.71126733564628,-19.279734272959043],[146.71090721348432,-19.27931880020463],[146.71065387037166,-19.27909005326038],[146.71054442195916,-19.278966565688048],[146.71032110204155,-19.278772677598454],[146.71007757835645,-19.278578558365638],[146.70975403668749,-19.278346210396695],[146.70949605659922,-19.27809886472407],[146.7090754652766,-19.277778536578563],[146.70867115782033,-19.27736205825556],[146.70824492679495,-19.276977012000103],[146.7081626762129,-19.276931486212852],[146.70787988526234,-19.276767386610576],[146.7076697754528,-19.27663026176135],[146.70741862926957,-19.276514426174842],[146.70726002381727,-19.276399822971843],[146.70708003274572,-19.27628061247425],[146.70675247557455,-19.27607957615501],[146.70631997563757,-19.27582557462671],[146.70611412829365,-19.275669124021945],[146.70583060529455,-19.27547498004083],[146.70551883750807,-19.275275186979332],[146.70521673575823,-19.275019007055786],[146.7049579559192,-19.274757302469745],[146.70462927363351,-19.274475629576067],[146.7043481882955,-19.274224488864537],[146.70413580568368,-19.27405275240463],[146.70394095030252,-19.273888048014093],[146.70373358401227,-19.27368447169258],[146.70354820646205,-19.27350483451731],[146.70336592556666,-19.273355088604852],[146.70317733416917,-19.27321131497225],[146.70299501083534,-19.27308549041571],[146.70280956472064,-19.272944703833613],[146.70263984998752,-19.2728039516938],[146.70249528842976,-19.272684161737683],[146.7023979028004,-19.27257938717255],[146.70228486179877,-19.27243275329422],[146.70221580753898,-19.272328024772158],[146.70218137492617,-19.27222336167029],[146.70217217202162,-19.27209182652183],[146.7021755663028,-19.2719513559084],[146.70220502501422,-19.27174859733853],[146.7022609365672,-19.27155295806893],[146.7024030905735,-19.271171199955145],[146.7025537505593,-19.270885043323965],[146.7026952310647,-19.270617470438953],[146.70281657411653,-19.270349855659614],[146.7029429949844,-19.27006312605837],[146.70306440611293,-19.269757256200812],[146.70316062752286,-19.269456135132213],[146.70323159051992,-19.269198008747257],[146.70327745971107,-19.268896796814133],[146.70331316475728,-19.268643393897143],[146.70336895573453,-19.268423506850677],[146.70343478915146,-19.268217969270946],[146.7034954592026,-19.268084170629972],[146.70355957837052,-19.26790565182385],[146.7036365422027,-19.267691384067195],[146.70369652731284,-19.267509586988048],[146.7037022239538,-19.267485159284643],[146.70375539282188,-19.267256998677134],[146.703770430436,-19.267192478441554],[146.7038965295974,-19.26679641390858],[146.70397797954564,-19.266552917476012],[146.70401044273748,-19.26645586392715],[146.7041496427803,-19.266055572836216],[146.70433433753317,-19.265645802724773],[146.7045556567635,-19.26495603372552],[146.70487745949637,-19.264072801741417],[146.70490850154215,-19.26398761171879],[146.7051153353998,-19.263466509347413],[146.70521496152992,-19.26321554959452],[146.7053402778609,-19.262668025878504],[146.7053584048783,-19.262588797665956],[146.70536745120017,-19.26259076430484],[146.70541762931177,-19.262601653791318],[146.70686764459688,-19.26280228096418],[146.707756395863,-19.262925237476917],[146.70937929441425,-19.263537843936465],[146.70989910584672,-19.263705860009054],[146.71242786453186,-19.26454541919782],[146.7129624256022,-19.264722884790373],[146.7130882813926,-19.264748314548793],[146.7143239534431,-19.264997935482203],[146.71452502852816,-19.26503855603317],[146.71486641976736,-19.265107519410645]]]},"properties":{"Division":7,"DivisionName":"Division 7","Dogs2024":2991,"Dogs2026":2688,"Decrease":303,"DeclineRate":0.10130391173520562,"LabelLongitude":146.7285207459135,"LabelLatitude":-19.27315605344364}},{"type":"Feature","geometry":{"type":"Polygon","coordinates":[[[146.73451614360425,-19.277453529581727],[146.7335681310491,-19.286055238450356],[146.73375644665583,-19.28652482142842],[146.73198944088432,-19.287677822487737],[146.72921144789743,-19.289465826839105],[146.72763944372667,-19.290268823382544],[146.7239784505502,-19.29200382469539],[146.72299444281995,-19.29248282190652],[146.7226534423588,-19.292733821913753],[146.7313043554318,-19.30319041082098],[146.73174759350647,-19.3032311702574],[146.73176151697635,-19.303232446902847],[146.7325694018533,-19.3033067350068],[146.7327051629106,-19.30331921554525],[146.7330808970854,-19.303353763676267],[146.73312270560643,-19.303357611435292],[146.73325662995083,-19.30336992620769],[146.73407593677757,-19.303445254600195],[146.73459276250506,-19.303492765784195],[146.73475832096346,-19.30362668632283],[146.73666744374196,-19.30380282206811],[146.737591444516,-19.303880825197666],[146.7377004459146,-19.30388982034451],[146.73833444174028,-19.3039588263769],[146.73877744857268,-19.30407582529832],[146.73910744230128,-19.304192824338347],[146.73951344229934,-19.30434582746915],[146.7399704431911,-19.30443882229911],[146.74082144507622,-19.304520826140656],[146.74104645006744,-19.30454182284464],[146.74459444178123,-19.304847827408466],[146.74497444653008,-19.304857820776686],[146.74532844451122,-19.304856823845423],[146.74563244590425,-19.30477282111268],[146.74575794398956,-19.30485581391687],[146.74606974227035,-19.30502380880858],[146.74643068074968,-19.305219778673145],[146.7468255161612,-19.305434149635754],[146.74687980312632,-19.305463632350705],[146.74715586041884,-19.30561357349904],[146.74861493293076,-19.30640567618163],[146.74884620710176,-19.30653123368782],[146.74901175351738,-19.306620334372123],[146.74920875264723,-19.3067263688706],[146.7493825834626,-19.306819926962916],[146.74955793620242,-19.306914318412044],[146.7498243088087,-19.307057690205923],[146.74999816887149,-19.307151256792896],[146.75019114613158,-19.307255133847256],[146.75046168566402,-19.307400742636705],[146.7504798801638,-19.30741053685013],[146.7505113424999,-19.307427461566252],[146.75073849872513,-19.307539943100597],[146.75101795699268,-19.306969364932417],[146.75102336633483,-19.306973863857905],[146.7516709589,-19.30751249356621],[146.75201200472063,-19.30779763274894],[146.75270600112887,-19.308372434962287],[146.7542969290653,-19.309689513255467],[146.75598595746388,-19.31106996110934],[146.75654617673925,-19.311539420684408],[146.75591927538343,-19.31216809551035],[146.75470034929089,-19.313365631199126],[146.75358236718262,-19.314428711134067],[146.75254073517553,-19.31520615490238],[146.75180331998595,-19.315667402615663],[146.75129009626932,-19.31594726698622],[146.75014591727037,-19.316652113878586],[146.74950835104679,-19.316966605488506],[146.74858552620702,-19.31734988252941],[146.74800455145044,-19.31750604090028],[146.7473581929943,-19.317633711664],[146.74687228238128,-19.31769931771365],[146.74683372105386,-19.317704523917744],[146.74606478935854,-19.317931159165063],[146.74539096506663,-19.317708019836108],[146.74505004254192,-19.317460527113546],[146.7446808710311,-19.317192524733812],[146.74395289175033,-19.316868466097798],[146.74300615661525,-19.316274143276047],[146.7422337097151,-19.31553787798544],[146.7421774342217,-19.315494057921875],[146.74165402316422,-19.315086503322735],[146.74145172964063,-19.314942071781733],[146.74092074973058,-19.31469460020645],[146.7408067653721,-19.31464147972206],[146.74004095338378,-19.314638908135173],[146.73999931368598,-19.314652793364324],[146.74004643551424,-19.313989070538373],[146.74004834014485,-19.31397049255444],[146.74006446635556,-19.31381337488132],[146.74008801753982,-19.313583906082602],[146.74010444980806,-19.313425821842873],[146.7397244416536,-19.31344182750322],[146.7385094454519,-19.31367482532496],[146.7370834478122,-19.31422182848387],[146.7359764421764,-19.314682822372436],[146.73430568888443,-19.31511223546931],[146.73143644444252,-19.316197824373877],[146.72851544690948,-19.31730482649228],[146.7264474493433,-19.31807482360598],[146.72522344792804,-19.318515829511675],[146.7249904474254,-19.318603826974652],[146.72388244838558,-19.31900682509774],[146.72063345190227,-19.319789821574616],[146.71989744309067,-19.319780821458828],[146.71973644420765,-19.319778820944347],[146.71856244936066,-19.31975682419373],[146.71754444555683,-19.319731826141496],[146.7162254515589,-19.319720823131856],[146.71566344573355,-19.319680825606213],[146.7137844458289,-19.31942782554664],[146.7125304454433,-19.319279829345618],[146.7120744465234,-19.319252829783444],[146.7116344443451,-19.31935382228432],[146.70968945267165,-19.319841823207913],[146.70902245070374,-19.319999825657227],[146.7074524470564,-19.320400829064422],[146.70702644417534,-19.320345822289916],[146.70550645162413,-19.32017082600395],[146.70433944914592,-19.319833827010942],[146.7022507399592,-19.31915735150704],[146.70250818840884,-19.31889098208416],[146.70265363887,-19.318730916001304],[146.70276194678027,-19.318611719110958],[146.70286568026506,-19.318479473911236],[146.70304969417765,-19.31824489468787],[146.7032084442855,-19.31807303806379],[146.70333586190912,-19.317935092437725],[146.7035316857254,-19.317664816578457],[146.70366008737733,-19.31748760533574],[146.70386408813934,-19.317211513330605],[146.7039966365865,-19.316893128184073],[146.70414949129034,-19.316467684084774],[146.7043110982839,-19.316002435754484],[146.70451476108525,-19.315414791161828],[146.7047050989599,-19.31487298892897],[146.70472804470444,-19.314828011361158],[146.70486310150855,-19.31456324771649],[146.70511710163987,-19.314100687428542],[146.70519781680042,-19.31393455895537],[146.70531077760927,-19.313702067524837],[146.7053550236008,-19.313611007008788],[146.70536360134864,-19.313589159670293],[146.70548729449604,-19.313274229265428],[146.7055518873147,-19.313020955168085],[146.70560539170583,-19.31266583102509],[146.7056124999436,-19.31239065716651],[146.70561320579594,-19.31236325725685],[146.70561093977932,-19.312342259987858],[146.70557187444177,-19.311980298871983],[146.7055053302305,-19.311563943155416],[146.70532871337196,-19.310768114788665],[146.70531274864564,-19.310721140306242],[146.70511932651291,-19.310151831260615],[146.70505850935837,-19.309860434107353],[146.70505004365913,-19.309819879155025],[146.70505278627604,-19.309792672315577],[146.70507719927213,-19.309550033490055],[146.70508206447548,-19.30950164667726],[146.70520300142763,-19.30924128802312],[146.70520622431823,-19.309238202476518],[146.7055264159222,-19.308931162396462],[146.7059170045398,-19.30851914958005],[146.70599114647356,-19.30839122871832],[146.70609973817525,-19.30820387082451],[146.7062232782867,-19.307902206167455],[146.70623948305024,-19.307846734252504],[146.70630716549118,-19.307615099945128],[146.70633115109078,-19.307242702763578],[146.70632734325585,-19.307205571446985],[146.70629045303608,-19.30684592732396],[146.70627006372592,-19.30678744131502],[146.70610070889765,-19.306301676381246],[146.70607287304392,-19.30616499674962],[146.70603047772514,-19.305956817724738],[146.7060348243168,-19.30566570644314],[146.70603885318474,-19.305627015247158],[146.70606690059788,-19.30535746895136],[146.70607221743944,-19.30509330841773],[146.70609395915685,-19.30487943070781],[146.70618387278674,-19.304564228153417],[146.70607712120741,-19.30419178307477],[146.70588037823808,-19.30361382045112],[146.70587945976015,-19.303611125857696],[146.70586252297804,-19.303357403650935],[146.70586343888817,-19.30330295542932],[146.70586807272124,-19.303026963926456],[146.7057508364803,-19.302604932159454],[146.7057500326186,-19.302602020854845],[146.7056074572267,-19.302117102789357],[146.70559212119807,-19.302064941902174],[146.70543256670265,-19.301553001898863],[146.70531885017985,-19.301266209586835],[146.7052724121231,-19.30087706999466],[146.70527758776004,-19.300697651868855],[146.70529832393402,-19.300535239937215],[146.70531614559434,-19.30041640114052],[146.70536860288541,-19.300234565016453],[146.70540165934804,-19.300176400091146],[146.7054062192867,-19.30008561876281],[146.70550097630613,-19.299993826169803],[146.7055798269768,-19.29992398658332],[146.70572681979183,-19.299699276186356],[146.70573069942762,-19.29966946839426],[146.70576867085325,-19.29960918755261],[146.70590846812536,-19.299442629450038],[146.70604223491992,-19.299316259427894],[146.7061077950913,-19.29924247601632],[146.7061459838412,-19.299193618585672],[146.70621219168473,-19.299108873933736],[146.70633848383616,-19.298909117828032],[146.7064116425744,-19.29878544255657],[146.7064873501296,-19.298673537913633],[146.70663121050978,-19.298474731632727],[146.70675853031057,-19.29832267573008],[146.70682607220013,-19.29823671294677],[146.70696225660205,-19.298098706053736],[146.70714563281769,-19.29785315857682],[146.70724057179066,-19.29761497009171],[146.70715494223833,-19.297376609533355],[146.7070704724759,-19.297192673418817],[146.7072893963491,-19.296990679312966],[146.70748953960663,-19.29675167421207],[146.70771379364365,-19.2964579052732],[146.70793271432646,-19.296176237495516],[146.70808281000254,-19.29604443346968],[146.70823596437617,-19.295851496847884],[146.7083090966989,-19.29573577352738],[146.7084710173739,-19.295510162771055],[146.70859816511563,-19.295345498176985],[146.70873917189385,-19.295169468590128],[146.708821140881,-19.295024225231778],[146.70893274550792,-19.294875432222668],[146.7091149303318,-19.29464325591872],[146.70945113312152,-19.294260763019054],[146.70970189400362,-19.29398500884995],[146.70969287245552,-19.293881616767514],[146.70981259010009,-19.293692005531355],[146.70984425603933,-19.293465273679722],[146.709969933892,-19.292971656793554],[146.71002948608862,-19.292734531079912],[146.71009876392915,-19.29263877330259],[146.71022090492124,-19.292374761449665],[146.71018286674587,-19.291490644498914],[146.7102399305626,-19.291109387717576],[146.71068625742444,-19.29045911975462],[146.7109486841178,-19.289920224702904],[146.71109351219536,-19.28952038111531],[146.71115681367516,-19.28932538375021],[146.71102883028632,-19.288912700357656],[146.71090541156292,-19.288497114073838],[146.71084457431186,-19.288269765533236],[146.7107308836326,-19.28800583157672],[146.71063729476032,-19.287638786539983],[146.71059613099203,-19.287297680258],[146.71056775243363,-19.287106523238943],[146.71055127662348,-19.286955411332404],[146.7106313241398,-19.286632906053633],[146.71070083368218,-19.286398118281504],[146.7108445066579,-19.285733099996822],[146.71088539908462,-19.28541008974594],[146.71092385047336,-19.285257718197315],[146.71104528437147,-19.284790581678074],[146.71115248005265,-19.284523996731597],[146.71123363575902,-19.284360612857352],[146.7112685697817,-19.284102417714177],[146.71135457460065,-19.283849210509],[146.71156686455436,-19.28356350564295],[146.71178708760954,-19.28322545984546],[146.71202208426052,-19.282645752041024],[146.7118764812509,-19.281643256726653],[146.71186145892312,-19.281215695525336],[146.7117086871638,-19.28063458985758],[146.7115834128658,-19.28025929819263],[146.71157112494112,-19.28019478847839],[146.71177147312636,-19.2802040967302],[146.71217469851788,-19.280240556230495],[146.7148944835875,-19.280486550198116],[146.7149891931182,-19.280495111688698],[146.71616209624034,-19.28060117379181],[146.71803635613574,-19.280770651413253],[146.71813105649866,-19.280779211264623],[146.71860790798706,-19.280822322214057],[146.7199837301532,-19.28094634921097],[146.72017314082365,-19.280963475902922],[146.72036256105338,-19.280980602413532],[146.72058512462772,-19.28100073461656],[146.72077453543181,-19.28101786068659],[146.72096395577992,-19.281034995612565],[146.7211533666682,-19.281052121290816],[146.72134278711576,-19.281069246787727],[146.72153219807294,-19.281086381111496],[146.72183526523057,-19.281113782984416],[146.7222791656878,-19.281153924190047],[146.7224366610113,-19.281168162310532],[146.72261067573305,-19.2811838894203],[146.7232044522336,-19.275887532125882],[146.725927314144,-19.276580488110607],[146.7301326213821,-19.277012648457386],[146.73033719374354,-19.27703285062775],[146.73041426879934,-19.277040456285704],[146.73067963537838,-19.277066667193584],[146.73069111099386,-19.27706780473347],[146.7309170361551,-19.277090116306542],[146.73164269370434,-19.277161828119596],[146.73236683778657,-19.27723411323063],[146.73372667433867,-19.277368541681863],[146.73451614360425,-19.277453529581727]]]},"properties":{"Division":5,"DivisionName":"Division 5","Dogs2024":2746,"Dogs2026":2444,"Decrease":302,"DeclineRate":0.1099781500364166,"LabelLongitude":146.73099384199367,"LabelLatitude":-19.311498169676714}},{"type":"Feature","geometry":{"type":"Polygon","coordinates":[[[146.78291439825588,-19.27930639969183],[146.78305761271076,-19.280982990965978],[146.78296862950467,-19.281927280221794],[146.78284318649034,-19.28300708635334],[146.7826695103426,-19.284791739570903],[146.78199677393238,-19.28880801425137],[146.78189961984717,-19.28969017863397],[146.7816743357244,-19.29173571220258],[146.78157142579258,-19.292634796168613],[146.78145347268182,-19.29365134747256],[146.7814344499201,-19.293863702328885],[146.78131539222585,-19.29527337654408],[146.7815286534801,-19.295273631801543],[146.783904820573,-19.295111852837923],[146.78433343752468,-19.29508267184536],[146.78550158928448,-19.29499368323755],[146.78655944863584,-19.295085296170228],[146.78735231010168,-19.295167557253862],[146.78756525292252,-19.295185879783798],[146.78830221433026,-19.295254515693472],[146.78896549497932,-19.29502032139132],[146.79088645790637,-19.294231772148883],[146.79282643280538,-19.293447742723757],[146.79367398279646,-19.293087217172406],[146.79422800585894,-19.292681170407878],[146.79587619151934,-19.29092527263041],[146.79601507503904,-19.292131905571235],[146.7961569455541,-19.29327224357782],[146.7962518765856,-19.293988360872216],[146.79638951995153,-19.29424704591314],[146.79685225661584,-19.29508802591083],[146.7971262119542,-19.295553754045393],[146.7943747673246,-19.296975559300975],[146.79502349916729,-19.29858644582498],[146.79508474088422,-19.29877657900934],[146.79478758251835,-19.301424124228955],[146.79467882538248,-19.301400974796877],[146.79376553717222,-19.3013370274139],[146.79181374579284,-19.301075729629716],[146.79056733117883,-19.300948160850478],[146.7896305077213,-19.30083998224627],[146.7886678821441,-19.3008719291162],[146.7877094811157,-19.30099342683561],[146.78679347727498,-19.301273782215986],[146.78589567219205,-19.30161797600368],[146.78502541724237,-19.30210218615752],[146.78417385594923,-19.302372518473017],[146.78343568255642,-19.30268132675332],[146.78292195219936,-19.302853447231744],[146.78242948248234,-19.30301316525364],[146.78200008175622,-19.30337387532608],[146.7814796371252,-19.303753923743148],[146.78060960969174,-19.304456310207655],[146.78008490598074,-19.304984155023487],[146.77883722895405,-19.306121053301066],[146.777712869274,-19.30711692084432],[146.7768366265577,-19.30780101675914],[146.775889541036,-19.308189048866414],[146.77467289579528,-19.308536292325243],[146.77335584498152,-19.308832107088712],[146.7720821347439,-19.309089322820075],[146.77113238574435,-19.30919597668552],[146.77014722718587,-19.309144653751993],[146.76941848429067,-19.309204700289833],[146.7683592048961,-19.30912498722382],[146.76733829663615,-19.308978269034196],[146.76637588765206,-19.308607422120993],[146.7655394568573,-19.30828858819772],[146.76491200151384,-19.308151841658038],[146.76364174275255,-19.30788984484165],[146.76229227357578,-19.307765790206073],[146.76125425247045,-19.307863683214556],[146.7611277460392,-19.307910891329684],[146.76031420029,-19.30821445478188],[146.7596073569206,-19.308694265398913],[146.75848154824908,-19.30943891819879],[146.75765050134024,-19.310299922423592],[146.75676412441544,-19.311255514845456],[146.75654617673925,-19.311539420684408],[146.75598595746388,-19.31106996110934],[146.7542969290653,-19.309689513255467],[146.75270600112887,-19.308372434962287],[146.75201200472063,-19.30779763274894],[146.7516709589,-19.30751249356621],[146.75102336633483,-19.306973863857905],[146.75101795699268,-19.306969364932417],[146.75073849872513,-19.307539943100597],[146.7505113424999,-19.307427461566252],[146.7504798801638,-19.30741053685013],[146.75046168566402,-19.307400742636705],[146.75019114613158,-19.307255133847256],[146.74999816887149,-19.307151256792896],[146.7498243088087,-19.307057690205923],[146.74955793620242,-19.306914318412044],[146.7493825834626,-19.306819926962916],[146.74920875264723,-19.3067263688706],[146.74901175351738,-19.306620334372123],[146.74884620710176,-19.30653123368782],[146.74861493293076,-19.30640567618163],[146.74715586041884,-19.30561357349904],[146.74687980312632,-19.305463632350705],[146.7468255161612,-19.305434149635754],[146.74643068074968,-19.305219778673145],[146.74606974227035,-19.30502380880858],[146.74575794398956,-19.30485581391687],[146.74563244590425,-19.30477282111268],[146.74570079554556,-19.30471338754079],[146.74577500483625,-19.304644057204264],[146.7465957024071,-19.303280581444493],[146.74696399407915,-19.302666554621762],[146.7473290181546,-19.30205253150232],[146.7474679953231,-19.301817753472957],[146.74785684612706,-19.301181168856825],[146.74818875459837,-19.30062583167059],[146.7487168822436,-19.29974542940237],[146.74968184389408,-19.298151685246076],[146.74980800820447,-19.297925925029404],[146.75021083383353,-19.297275798106288],[146.75157688780675,-19.29635586333522],[146.75313792460096,-19.295314177836676],[146.75396679639044,-19.294777584306456],[146.75462301897304,-19.294322081984703],[146.75608781023965,-19.29398063463536],[146.75807178477845,-19.293513341286072],[146.75912476715186,-19.29327073412053],[146.7599397075469,-19.293077504421376],[146.76034970187888,-19.29299218818177],[146.76086949254213,-19.292875384133204],[146.76214559312587,-19.292587864766645],[146.7618727781412,-19.291399108404697],[146.76157578179374,-19.29007927853521],[146.76113769685614,-19.288217023156786],[146.7609414290773,-19.287380812341304],[146.7607817584929,-19.286734442410342],[146.76009879009436,-19.283746713859113],[146.7599997781884,-19.283317318975445],[146.7599237329572,-19.2830506173835],[146.75967464622724,-19.28193417771057],[146.75949467391666,-19.281152219459774],[146.75931893197327,-19.280316033428864],[146.75779616604,-19.281227534518443],[146.755982096083,-19.282313361884064],[146.75458023327494,-19.283152598897946],[146.75348178550536,-19.283810186376485],[146.7533402145479,-19.283880061813495],[146.75283829655447,-19.283055187030616],[146.75303565960854,-19.28128872570477],[146.75308997971592,-19.280802544827736],[146.75311823436456,-19.280549763299366],[146.75314427037873,-19.280316734396987],[146.75316447009797,-19.280135996715188],[146.7531872261409,-19.279932343772998],[146.75320739695223,-19.27975177774846],[146.75322750014973,-19.279571844240596],[146.75324769017286,-19.27939109748269],[146.7532653204973,-19.279210049030162],[146.75328808923493,-19.27902952263776],[146.75330934975926,-19.278839260980774],[146.75334298645132,-19.278538227192143],[146.75338552655302,-19.278157477927667],[146.75340571621064,-19.277976731120535],[146.7534263878788,-19.277791836815133],[146.75344719479116,-19.277605569008855],[146.75346801123857,-19.277419256022085],[146.75348874078034,-19.277233747235435],[146.7535095476117,-19.277047434222503],[146.75353038307952,-19.27686103086808],[146.75355108351698,-19.276675793142903],[146.75357206363967,-19.276488052442726],[146.75359268689712,-19.276303447214737],[146.75361344523412,-19.276117576933483],[146.75363451207497,-19.27592902296879],[146.75365522191757,-19.275743694849872],[146.75365813502987,-19.275717598911232],[146.75367593184615,-19.275558276351045],[146.75369665122898,-19.275372866895747],[146.75371755388122,-19.275185785771104],[146.75371835451645,-19.27517860215671],[146.75373834078246,-19.274999707629682],[146.7537591276477,-19.274813620444288],[146.75377931648188,-19.274632846408803],[146.75379950526937,-19.274452072367033],[146.75381969401016,-19.274271298318965],[146.75383988270426,-19.274090524264615],[146.75386007136515,-19.273909741166626],[146.75388025996588,-19.273728967099693],[146.7539004485064,-19.273548202063807],[146.753920627497,-19.273367427971483],[146.75394081595763,-19.273186653885695],[146.75396100438508,-19.273005870756283],[146.75398119275238,-19.272825096657893],[146.75400138107295,-19.272644322553248],[146.7540290831251,-19.272460142433527],[146.75364369439777,-19.272427929458086],[146.75221581897918,-19.272285920589923],[146.75137669296663,-19.272203436031145],[146.75092754527785,-19.272157439023513],[146.75025865320288,-19.27208894509934],[146.74810584272774,-19.271683820154703],[146.74838267290139,-19.269189910393457],[146.74865259192586,-19.267116217938664],[146.74875712001662,-19.26596708106516],[146.74881985551443,-19.26527736389064],[146.74890098090216,-19.264634349843693],[146.74891371500624,-19.264533465229434],[146.7491037238724,-19.26302746041861],[146.74922823028834,-19.261965569680733],[146.74923797037994,-19.261962212100787],[146.74923838930803,-19.261962068077434],[146.74924059880283,-19.261942134689566],[146.75104990984389,-19.2617513516353],[146.75112764269568,-19.261760449607255],[146.7511801337682,-19.26176660317519],[146.75123347164023,-19.26177284825356],[146.7523664790191,-19.261905509000158],[146.7528216127833,-19.261996398924406],[146.76781211099456,-19.2634061102205],[146.77126887674075,-19.264769976173486],[146.77212835715667,-19.26510918241778],[146.77319959971229,-19.26521917956665],[146.7745784443218,-19.265360755956593],[146.7767653646585,-19.265598410536413],[146.77933320739064,-19.26586813894648],[146.78152432558483,-19.266101232130755],[146.78314924989346,-19.266315553749628],[146.78300223405014,-19.266848575312743],[146.78252823353202,-19.268397912397955],[146.7822244972592,-19.269369059152403],[146.78205331381108,-19.27018220938311],[146.78202821185005,-19.27071990290307],[146.78213560595296,-19.271822580791234],[146.7821384581526,-19.271903920498122],[146.78222731218275,-19.272857459557798],[146.7822733925717,-19.273318420134853],[146.7825086317593,-19.27557350471069],[146.78259747659533,-19.276522533588835],[146.78268964508683,-19.277448963843305],[146.7827773474937,-19.278370869977376],[146.78291439825588,-19.27930639969183]]]},"properties":{"Division":8,"DivisionName":"Division 8","Dogs2024":2786,"Dogs2026":2636,"Decrease":150,"DeclineRate":0.05384063173007897,"LabelLongitude":146.77163577094632,"LabelLatitude":-19.30033710514836}},{"type":"Feature","geometry":{"type":"Polygon","coordinates":[[[146.8007885225395,-19.30408644002319],[146.80155216808888,-19.304363751261747],[146.80200217013603,-19.304323318818824],[146.80258522512554,-19.305582102228986],[146.80379186674392,-19.30708384622926],[146.8039333720289,-19.307259964384468],[146.80614022204912,-19.3097792033541],[146.80892111356647,-19.312918075183628],[146.80962350687855,-19.313684073111066],[146.81092784939415,-19.31510652363197],[146.81230941509958,-19.316613136651306],[146.81278960101795,-19.317136783343535],[146.812133356801,-19.317478560535942],[146.80904974866226,-19.318440456034036],[146.80845933423473,-19.318564362510106],[146.80838610297766,-19.318979560089],[146.80833742678462,-19.319431520172397],[146.80832913120818,-19.319508545675614],[146.80831806407366,-19.319611252363078],[146.80829871082742,-19.31979099359513],[146.8082793575265,-19.319970743858562],[146.8082599946724,-19.320150485068712],[146.80824064129365,-19.320330226282923],[146.8082125783395,-19.320590851484283],[146.80819116765994,-19.320787743374574],[146.80815498059044,-19.321125014647],[146.8081247334056,-19.32140534792996],[146.80809360200843,-19.32169279264684],[146.80808449670445,-19.32177824909492],[146.8080741042324,-19.321873581988612],[146.80804356686588,-19.322157602158118],[146.8080299588242,-19.322283730878993],[146.80802384773324,-19.32234035235196],[146.8080038014357,-19.322526057401905],[146.8079766335193,-19.32277770033609],[146.80796749066505,-19.32286259641336],[146.80795714500485,-19.322958480614393],[146.80793757076864,-19.323139260796438],[146.80791800601773,-19.323320031945144],[146.80789845073102,-19.323500812135137],[146.8078788858797,-19.323681592309065],[146.80785932098348,-19.323862372476945],[146.80783975604237,-19.324043152638776],[146.80782019106687,-19.324223923757238],[146.80780063555565,-19.324404703917015],[146.80778107047976,-19.324585484060698],[146.80776150536954,-19.324766255161027],[146.8077419402038,-19.32494703529262],[146.80772237499318,-19.325127815418167],[146.80770281926797,-19.32530858651039],[146.80768325396753,-19.325489366623856],[146.80766373610487,-19.32567024619191],[146.80764421819737,-19.32585112575393],[146.80762468112073,-19.326032077588344],[146.8076051630177,-19.326213047511416],[146.80758563537114,-19.326393999343775],[146.8075660980328,-19.326575059607798],[146.80754656066014,-19.326756110828477],[146.8075270329,-19.32693704456806],[146.80748922834175,-19.32728738172433],[146.80746967159362,-19.327468568460745],[146.8074481899965,-19.32766752053708],[146.80741454305723,-19.327979164218902],[146.80739307094666,-19.328178025913395],[146.80737306175027,-19.328363297012285],[146.80735305252796,-19.328548550030188],[146.80733354353262,-19.328729339133],[146.8073140249724,-19.32891012821972],[146.8072870377567,-19.329160044921824],[146.80726724026349,-19.329343174365814],[146.8072372982925,-19.329620326411987],[146.807208665259,-19.32988527944419],[146.80718777025902,-19.330078665062793],[146.8071668751865,-19.33027206874913],[146.80714785687834,-19.33044809564575],[146.80714407444225,-19.330483057039174],[146.80711014739364,-19.330797104191017],[146.80711062334626,-19.330797149881125],[146.80732786683728,-19.330818310005835],[146.80753208820147,-19.33083831742424],[146.8077308742544,-19.330857785680923],[146.80791751405843,-19.330876066074214],[146.80792963178553,-19.330877262728457],[146.8081284179262,-19.330896739589765],[146.80832719461702,-19.33091619815007],[146.80854017377897,-19.330937045080702],[146.80889947224293,-19.33097057994123],[146.80903225146747,-19.33098534144259],[146.80910937366625,-19.330993908245468],[146.80933180540117,-19.3310157311421],[146.80955085791862,-19.331037233931916],[146.80974964443024,-19.331056736140567],[146.80993895951624,-19.331075315490665],[146.81012828416698,-19.331093894654433],[146.81031760886242,-19.331112473621953],[146.81050692408235,-19.331131052383316],[146.81060158171945,-19.33114033265308],[146.81069623936776,-19.33114961287381],[146.81095182645848,-19.331174703578302],[146.81216569016163,-19.331293849987315],[146.81328430742,-19.332978661000254],[146.81328516277316,-19.332979954213123],[146.81430812023288,-19.334524338340618],[146.81452070659026,-19.336955195805885],[146.81337127336087,-19.33929808541566],[146.8123069426818,-19.33984083997969],[146.81117129372592,-19.340972647721877],[146.80997077285463,-19.341669008059604],[146.80997068981753,-19.34167494548626],[146.80994729561826,-19.34339559780099],[146.81022245790666,-19.344705291166942],[146.8102167855204,-19.344711719822577],[146.8102174388704,-19.344714829336958],[146.8081084458779,-19.347102834427247],[146.80568756758663,-19.348143200658495],[146.80445685795615,-19.34995644751818],[146.80421580617096,-19.350956418890355],[146.80381280198716,-19.351702140863505],[146.80380125352124,-19.35170934019001],[146.8029713720707,-19.35222632684664],[146.802581027435,-19.352382294659993],[146.80252631713338,-19.35223235178534],[146.80135267443046,-19.351399400375985],[146.80078724300668,-19.350998096263602],[146.8005512702704,-19.351105309610027],[146.80036139880295,-19.351213006964695],[146.7993799760408,-19.352439654542515],[146.79930413700106,-19.352464053037192],[146.7986192510053,-19.3526843674974],[146.79818027593663,-19.352654112825746],[146.7974917547108,-19.35156699351262],[146.79743715805148,-19.351498683154453],[146.79715263437285,-19.35114273089086],[146.79706909040618,-19.3510382209278],[146.79643389437828,-19.35120865151676],[146.79591647942487,-19.351222947990415],[146.79493003275581,-19.350180129246876],[146.79491401051092,-19.350170902206205],[146.79463235616282,-19.350008654652267],[146.7937801475177,-19.350123224776993],[146.79364204147933,-19.350199316056752],[146.79298532978538,-19.35062437219267],[146.79257558676377,-19.351012356145876],[146.79251814741272,-19.35110821257493],[146.7923177608534,-19.351598356830642],[146.7928026772011,-19.35247691820076],[146.79267627452714,-19.35324319099654],[146.79263675176315,-19.353272815438164],[146.79255104440793,-19.353337054330662],[146.79247010620597,-19.353379509705068],[146.7909989725656,-19.35298082852542],[146.78856287156248,-19.3514749710382],[146.78840642011744,-19.351206924051848],[146.78828178322374,-19.350604073182957],[146.78841603056478,-19.34984526824497],[146.78786804505626,-19.3492568002479],[146.78781403602466,-19.34926056012909],[146.78702937179824,-19.349315151629266],[146.78660581193716,-19.349344614635566],[146.7856339223495,-19.349209540997048],[146.78488910764077,-19.349283067137222],[146.7842073805241,-19.34905903982165],[146.7838862196983,-19.34887263551937],[146.7827194448014,-19.34792625426296],[146.78268838769105,-19.347695549362843],[146.78301085265883,-19.34689977524732],[146.7829169914833,-19.346743408633372],[146.78251826017947,-19.346405426367898],[146.7826713369361,-19.346263235479707],[146.78367566325892,-19.346008449225153],[146.78420549874306,-19.34571753432903],[146.78441707970822,-19.345524639693508],[146.7852043476879,-19.344179771319936],[146.7858335091469,-19.34364545860751],[146.78537779021244,-19.34321798240935],[146.78520110290972,-19.342970260701474],[146.78492754665348,-19.342442720121134],[146.78462810426856,-19.34189410969174],[146.78448473292147,-19.341370472692912],[146.78408475252695,-19.34060680830563],[146.78359888980677,-19.340125176557258],[146.7832432772302,-19.33981278636082],[146.7832185258213,-19.339818296788795],[146.78270752644815,-19.33993208244419],[146.78268563860706,-19.339931993087003],[146.78216287233667,-19.339929932100105],[146.78215974006204,-19.3399299193191],[146.78215395963824,-19.339930969774333],[146.78212944416498,-19.339930832023196],[146.78247444738972,-19.330998835237015],[146.78247459195015,-19.330997506925016],[146.78246802391146,-19.330996866477463],[146.78265872616467,-19.32929478999485],[146.77496526341835,-19.32852814035968],[146.7740859547884,-19.32844200300838],[146.7736190735955,-19.328395568698948],[146.77288863331503,-19.328320906969875],[146.77230782394227,-19.32826325668069],[146.7675883358849,-19.327796029637685],[146.7674184017163,-19.32777823542168],[146.76722511862692,-19.329451634281302],[146.76624650742178,-19.338497504350894],[146.75892719015346,-19.337786884922995],[146.75205653521374,-19.337119546220517],[146.75160793973453,-19.337075963181775],[146.74493573718675,-19.338460162614453],[146.7436966391919,-19.338710320621907],[146.74111428385746,-19.339254610427584],[146.73677500844772,-19.33786730048917],[146.73659187086977,-19.337808727407946],[146.73603551278572,-19.337630638278714],[146.73313639421076,-19.33670360245035],[146.73293152491252,-19.33663869491249],[146.73274025345842,-19.33657809075216],[146.73022894489458,-19.335773842436904],[146.7300445656546,-19.335714800074488],[146.7294380952899,-19.33552057553408],[146.72855535858017,-19.335612518899723],[146.72851956795623,-19.334404949867146],[146.72860892756194,-19.333614149399367],[146.72869771617886,-19.332828426911377],[146.7287138699667,-19.33268549926785],[146.72871645221736,-19.332666823054083],[146.72870846692967,-19.332665518841164],[146.7286670271893,-19.332658751512575],[146.72787945393569,-19.332530106899345],[146.72760969641988,-19.332486044980413],[146.7273568518249,-19.332444746251603],[146.72735794838547,-19.332437960895174],[146.7262698915067,-19.33226398967321],[146.72624896223718,-19.332260641568595],[146.7260325557738,-19.332222802770527],[146.725962279372,-19.332210514904844],[146.7255598278763,-19.332151176290505],[146.72528856834649,-19.332123664980617],[146.72419052204003,-19.33203905404623],[146.72385209587355,-19.33201297532183],[146.72309450701036,-19.331953093040937],[146.7227998211407,-19.33195263620996],[146.72258424748244,-19.331952308330575],[146.7219835789769,-19.331983014820246],[146.72195296752687,-19.331985480502496],[146.72176367158883,-19.33200075391331],[146.72149200080702,-19.332014229418238],[146.7206152543459,-19.332057721958915],[146.71929238528094,-19.332128060539457],[146.71904870982686,-19.332132203845884],[146.71923377056794,-19.335180173532923],[146.71908638363783,-19.33518730281441],[146.71827189406423,-19.33511316031605],[146.71814874881662,-19.3351019535308],[146.71802559408218,-19.335090737610596],[146.71788349687108,-19.335077802324435],[146.71776035169563,-19.335066586240195],[146.71763720652262,-19.335055379110216],[146.71751405186282,-19.335044162845268],[146.71737195473784,-19.3350312271613],[146.7172488096215,-19.33502001976958],[146.7171256550184,-19.335008803242857],[146.7169835674791,-19.334995867271644],[146.71686041289914,-19.334984659603425],[146.71673726787301,-19.334973442829725],[146.7165951708788,-19.334960506541734],[146.71647202587582,-19.334949298626544],[146.7163488713861,-19.33493808157631],[146.71622572641903,-19.33492687349513],[146.71610258148553,-19.334915656293727],[146.7160741582918,-19.334913072555235],[146.71596048459824,-19.334902719512197],[146.71581839725516,-19.334889782635035],[146.7156763004157,-19.334876845632518],[146.71454475233162,-19.334773850867254],[146.71440223924978,-19.334759511445323],[146.71450602422422,-19.333738209558785],[146.71474873000304,-19.331574289636382],[146.71530766656258,-19.326287688709964],[146.71528494638144,-19.326285601778586],[146.7138394890004,-19.326152913421517],[146.7080434070914,-19.325620748597196],[146.7058898925071,-19.32557807567055],[146.70441811693993,-19.32567371448564],[146.70419147785762,-19.325272769971665],[146.70394770696333,-19.324886238922762],[146.70385516891622,-19.32479464053293],[146.7037034002824,-19.324644411471144],[146.70332083374126,-19.324337353746866],[146.70316079290052,-19.324171593784605],[146.70308980102686,-19.323936427822918],[146.70307486021437,-19.323569996334605],[146.7030743772233,-19.323558066348706],[146.703067519638,-19.323523080940326],[146.70306568972876,-19.323513724384227],[146.70302492181588,-19.32330561095791],[146.7030059548398,-19.3232129118805],[146.70296321779082,-19.32300409032167],[146.70288452114968,-19.322565826108793],[146.70287327741497,-19.322503233712727],[146.70287014119162,-19.32249506794599],[146.70270407431724,-19.322062164991035],[146.7025300668985,-19.321819817919728],[146.70252370484732,-19.321810951015898],[146.70251075244485,-19.321803645849183],[146.70234921842913,-19.32171252157653],[146.702340583499,-19.321707654469737],[146.7022717228614,-19.32166880833064],[146.70222704414678,-19.321628709313604],[146.70214685821918,-19.32155674110528],[146.70209074616108,-19.321506384153917],[146.70203894218045,-19.321432139670623],[146.70203826804888,-19.321431171581136],[146.70195594768745,-19.321313182004133],[146.7019420943258,-19.32126728616557],[146.70194094936608,-19.321263479602358],[146.7019120504714,-19.321167682460853],[146.70189203698956,-19.321101352311864],[146.70189049810944,-19.3210575461293],[146.70188316715874,-19.320848077243497],[146.70193239623973,-19.320625461174554],[146.70193344242895,-19.320620736389436],[146.70198172492533,-19.320494862779988],[146.70203035737995,-19.320301915072253],[146.70203635975102,-19.320278084545368],[146.70195567162452,-19.32003194906506],[146.70195119506923,-19.319991274012573],[146.7019330924511,-19.319826648539443],[146.70192474858862,-19.319703303207937],[146.7019191580515,-19.319620747598282],[146.70202037212974,-19.319450677793313],[146.70217281173262,-19.319206016552386],[146.7022507399592,-19.31915735150704],[146.70433944914592,-19.319833827010942],[146.70550645162413,-19.32017082600395],[146.70702644417534,-19.320345822289916],[146.7074524470564,-19.320400829064422],[146.70902245070374,-19.319999825657227],[146.70968945267165,-19.319841823207913],[146.7116344443451,-19.31935382228432],[146.7120744465234,-19.319252829783444],[146.7125304454433,-19.319279829345618],[146.7137844458289,-19.31942782554664],[146.71566344573355,-19.319680825606213],[146.7162254515589,-19.319720823131856],[146.71754444555683,-19.319731826141496],[146.71856244936066,-19.31975682419373],[146.71973644420765,-19.319778820944347],[146.71989744309067,-19.319780821458828],[146.72063345190227,-19.319789821574616],[146.72388244838558,-19.31900682509774],[146.7249904474254,-19.318603826974652],[146.72522344792804,-19.318515829511675],[146.7264474493433,-19.31807482360598],[146.72851544690948,-19.31730482649228],[146.73143644444252,-19.316197824373877],[146.73430568888443,-19.31511223546931],[146.7359764421764,-19.314682822372436],[146.7370834478122,-19.31422182848387],[146.7385094454519,-19.31367482532496],[146.7397244416536,-19.31344182750322],[146.74010444980806,-19.313425821842873],[146.74008801753982,-19.313583906082602],[146.74006446635556,-19.31381337488132],[146.74004834014485,-19.31397049255444],[146.74004643551424,-19.313989070538373],[146.73999931368598,-19.314652793364324],[146.74004095338378,-19.314638908135173],[146.7408067653721,-19.31464147972206],[146.74092074973058,-19.31469460020645],[146.74145172964063,-19.314942071781733],[146.74165402316422,-19.315086503322735],[146.7421774342217,-19.315494057921875],[146.7422337097151,-19.31553787798544],[146.74300615661525,-19.316274143276047],[146.74395289175033,-19.316868466097798],[146.7446808710311,-19.317192524733812],[146.74505004254192,-19.317460527113546],[146.74539096506663,-19.317708019836108],[146.74606478935854,-19.317931159165063],[146.74683372105386,-19.317704523917744],[146.74687228238128,-19.31769931771365],[146.7473581929943,-19.317633711664],[146.74800455145044,-19.31750604090028],[146.74858552620702,-19.31734988252941],[146.74950835104679,-19.316966605488506],[146.75014591727037,-19.316652113878586],[146.75129009626932,-19.31594726698622],[146.75180331998595,-19.315667402615663],[146.75254073517553,-19.31520615490238],[146.75358236718262,-19.314428711134067],[146.75470034929089,-19.313365631199126],[146.75591927538343,-19.31216809551035],[146.75654617673925,-19.311539420684408],[146.75676412441544,-19.311255514845456],[146.75765050134024,-19.310299922423592],[146.75848154824908,-19.30943891819879],[146.7596073569206,-19.308694265398913],[146.76031420029,-19.30821445478188],[146.7611277460392,-19.307910891329684],[146.76125425247045,-19.307863683214556],[146.76229227357578,-19.307765790206073],[146.76364174275255,-19.30788984484165],[146.76491200151384,-19.308151841658038],[146.7655394568573,-19.30828858819772],[146.76637588765206,-19.308607422120993],[146.76733829663615,-19.308978269034196],[146.7683592048961,-19.30912498722382],[146.76941848429067,-19.309204700289833],[146.77014722718587,-19.309144653751993],[146.77113238574435,-19.30919597668552],[146.7720821347439,-19.309089322820075],[146.77335584498152,-19.308832107088712],[146.77467289579528,-19.308536292325243],[146.775889541036,-19.308189048866414],[146.7768366265577,-19.30780101675914],[146.777712869274,-19.30711692084432],[146.77883722895405,-19.306121053301066],[146.78008490598074,-19.304984155023487],[146.78060960969174,-19.304456310207655],[146.7814796371252,-19.303753923743148],[146.78200008175622,-19.30337387532608],[146.78242948248234,-19.30301316525364],[146.78292195219936,-19.302853447231744],[146.78343568255642,-19.30268132675332],[146.78417385594923,-19.302372518473017],[146.78502541724237,-19.30210218615752],[146.78589567219205,-19.30161797600368],[146.78679347727498,-19.301273782215986],[146.7877094811157,-19.30099342683561],[146.7886678821441,-19.3008719291162],[146.7896305077213,-19.30083998224627],[146.79056733117883,-19.300948160850478],[146.79181374579284,-19.301075729629716],[146.79376553717222,-19.3013370274139],[146.79467882538248,-19.301400974796877],[146.79478758251835,-19.301424124228955],[146.79541611730923,-19.30155794068752],[146.7961308054786,-19.302044425128663],[146.79683758400958,-19.302580422622643],[146.79778904579348,-19.303096761236645],[146.79890944853915,-19.30347307573474],[146.7999831267169,-19.30379714152971],[146.8007885225395,-19.30408644002319]]]},"properties":{"Division":6,"DivisionName":"Division 6","Dogs2024":2530,"Dogs2026":2313,"Decrease":217,"DeclineRate":0.0857707509881423,"LabelLongitude":146.75509066633174,"LabelLatitude":-19.32054230504332}},{"type":"Feature","geometry":{"type":"Polygon","coordinates":[[[146.66459067499216,-19.315606581502816],[146.66777907966468,-19.31654435487273],[146.6681330294331,-19.31664974083806],[146.67096309353096,-19.317492358416],[146.67278047939257,-19.31807390315499],[146.67381663786995,-19.318313474736257],[146.67381914092323,-19.31831374129211],[146.6738516520589,-19.318317206464048],[146.67503353167305,-19.31844324350664],[146.67901548276092,-19.31852875465391],[146.68724396216587,-19.31870518463076],[146.687528759618,-19.318651476174917],[146.6894481151083,-19.318033269690815],[146.69037553562947,-19.31773454661651],[146.69221894940745,-19.31742897076355],[146.69222067291707,-19.317428693515755],[146.69235138234023,-19.31741845785588],[146.6936087366337,-19.317495375311665],[146.6953758974775,-19.31760346516108],[146.69579764033978,-19.317629256346976],[146.69592560875387,-19.31763415098854],[146.69647727985833,-19.317655267949384],[146.69716743771278,-19.31768168308509],[146.6984397770384,-19.317822557999964],[146.69970172230697,-19.31806315136788],[146.7003073520205,-19.318261304480206],[146.7022332198729,-19.319149270697345],[146.7022507399592,-19.31915735150704],[146.70217281173262,-19.319206016552386],[146.70202037212974,-19.319450677793313],[146.7019191580515,-19.319620747598282],[146.70192474858862,-19.319703303207937],[146.7019330924511,-19.319826648539443],[146.70195119506923,-19.319991274012573],[146.70195567162452,-19.32003194906506],[146.70203635975102,-19.320278084545368],[146.70203035737995,-19.320301915072253],[146.70198172492533,-19.320494862779988],[146.70193344242895,-19.320620736389436],[146.70193239623973,-19.320625461174554],[146.70188316715874,-19.320848077243497],[146.70189049810944,-19.3210575461293],[146.70189203698956,-19.321101352311864],[146.7019120504714,-19.321167682460853],[146.70194094936608,-19.321263479602358],[146.7019420943258,-19.32126728616557],[146.70195594768745,-19.321313182004133],[146.70203826804888,-19.321431171581136],[146.70203894218045,-19.321432139670623],[146.70209074616108,-19.321506384153917],[146.70214685821918,-19.32155674110528],[146.70222704414678,-19.321628709313604],[146.7022717228614,-19.32166880833064],[146.702340583499,-19.321707654469737],[146.70234921842913,-19.32171252157653],[146.70251075244485,-19.321803645849183],[146.70252370484732,-19.321810951015898],[146.7025300668985,-19.321819817919728],[146.70270407431724,-19.322062164991035],[146.70287014119162,-19.32249506794599],[146.70287327741497,-19.322503233712727],[146.70288452114968,-19.322565826108793],[146.70296321779082,-19.32300409032167],[146.7030059548398,-19.3232129118805],[146.70302492181588,-19.32330561095791],[146.70306568972876,-19.323513724384227],[146.703067519638,-19.323523080940326],[146.7030743772233,-19.323558066348706],[146.70307486021437,-19.323569996334605],[146.70308980102686,-19.323936427822918],[146.70316079290052,-19.324171593784605],[146.70332083374126,-19.324337353746866],[146.7037034002824,-19.324644411471144],[146.70385516891622,-19.32479464053293],[146.70394770696333,-19.324886238922762],[146.70419147785762,-19.325272769971665],[146.70441811693993,-19.32567371448564],[146.7058898925071,-19.32557807567055],[146.7080434070914,-19.325620748597196],[146.7138394890004,-19.326152913421517],[146.71528494638144,-19.326285601778586],[146.71530766656258,-19.326287688709964],[146.71474873000304,-19.331574289636382],[146.71450602422422,-19.333738209558785],[146.71440223924978,-19.334759511445323],[146.71454475233162,-19.334773850867254],[146.7156763004157,-19.334876845632518],[146.71581839725516,-19.334889782635035],[146.71596048459824,-19.334902719512197],[146.7160741582918,-19.334913072555235],[146.71610258148553,-19.334915656293727],[146.71622572641903,-19.33492687349513],[146.7163488713861,-19.33493808157631],[146.71647202587582,-19.334949298626544],[146.7165951708788,-19.334960506541734],[146.71673726787301,-19.334973442829725],[146.71686041289914,-19.334984659603425],[146.7169835674791,-19.334995867271644],[146.7171256550184,-19.335008803242857],[146.7172488096215,-19.33502001976958],[146.71737195473784,-19.3350312271613],[146.71751405186282,-19.335044162845268],[146.71763720652262,-19.335055379110216],[146.71776035169563,-19.335066586240195],[146.71788349687108,-19.335077802324435],[146.71802559408218,-19.335090737610596],[146.71814874881662,-19.3351019535308],[146.71827189406423,-19.33511316031605],[146.71908638363783,-19.33518730281441],[146.71923377056794,-19.335180173532923],[146.71904870982686,-19.332132203845884],[146.71929238528094,-19.332128060539457],[146.7206152543459,-19.332057721958915],[146.72149200080702,-19.332014229418238],[146.72176367158883,-19.33200075391331],[146.72195296752687,-19.331985480502496],[146.7219835789769,-19.331983014820246],[146.72258424748244,-19.331952308330575],[146.7227998211407,-19.33195263620996],[146.72309450701036,-19.331953093040937],[146.72385209587355,-19.33201297532183],[146.72419052204003,-19.33203905404623],[146.72528856834649,-19.332123664980617],[146.7255598278763,-19.332151176290505],[146.725962279372,-19.332210514904844],[146.7260325557738,-19.332222802770527],[146.72624896223718,-19.332260641568595],[146.7262698915067,-19.33226398967321],[146.72735794838547,-19.332437960895174],[146.7273568518249,-19.332444746251603],[146.72760969641988,-19.332486044980413],[146.72787945393569,-19.332530106899345],[146.7286670271893,-19.332658751512575],[146.72870846692967,-19.332665518841164],[146.72871645221736,-19.332666823054083],[146.7287138699667,-19.33268549926785],[146.72869771617886,-19.332828426911377],[146.72860892756194,-19.333614149399367],[146.72851956795623,-19.334404949867146],[146.72855535858017,-19.335612518899723],[146.72860943648942,-19.336446685749685],[146.72875233995143,-19.337454301565234],[146.7287504333091,-19.33825137726573],[146.7286700588407,-19.33854665899856],[146.7286338131326,-19.338679814447595],[146.7287510544012,-19.339016690643938],[146.72881136637346,-19.339109412437036],[146.72909517819218,-19.339545783493403],[146.72933745473037,-19.3399638100246],[146.72940789745402,-19.340085339411687],[146.72963061127228,-19.340936682718926],[146.7297048915611,-19.341185399198714],[146.72992141810113,-19.34191046415729],[146.73006106317033,-19.34241156177431],[146.73034724644253,-19.343438429540555],[146.73067400629057,-19.344671424554303],[146.73095468381794,-19.34557091180626],[146.73103328541413,-19.345822815160652],[146.73154285398408,-19.347221695113323],[146.73158155041406,-19.347365471772154],[146.73184984359798,-19.348362369995563],[146.73251209709096,-19.350299884766116],[146.7330615216748,-19.351855353013192],[146.73330058018792,-19.352589239687628],[146.73354449928155,-19.35356782601334],[146.73365430687085,-19.354314554742707],[146.73373242151993,-19.35542899023969],[146.73371089295665,-19.356461809032588],[146.7337078465235,-19.357623074157193],[146.73367809350373,-19.35809101597641],[146.73363809987154,-19.358720131292063],[146.73359132358075,-19.35909301235413],[146.73349379592156,-19.359870435114317],[146.73341315011692,-19.360430681090378],[146.73337026880054,-19.360872874418906],[146.73333345290476,-19.361291489364383],[146.73324968246945,-19.36224410099603],[146.7331780150771,-19.36323665679381],[146.7331826014152,-19.3641575684407],[146.73318933433225,-19.364666248984218],[146.73319385774477,-19.36518688254292],[146.73314358967028,-19.36583117378155],[146.73324218246984,-19.366421902477335],[146.7332845499493,-19.36673008049756],[146.73341331893644,-19.36766679005935],[146.73346415052066,-19.367946775149495],[146.73367105556395,-19.369086367509396],[146.73373214650394,-19.369968446872097],[146.73377170817884,-19.370539550174584],[146.73380876237636,-19.37121826527111],[146.73382274027543,-19.371734999163728],[146.73394750542107,-19.371997894250285],[146.73405891060773,-19.372360757784758],[146.73414359104305,-19.37257994426862],[146.7342876715604,-19.37295288671555],[146.7345457854235,-19.373843214841894],[146.73473974737303,-19.37454565517677],[146.73500052012696,-19.375249240889648],[146.73503160651617,-19.375346653386003],[146.73529857577952,-19.376183212571434],[146.73556161084974,-19.376715337151612],[146.73599435785417,-19.377551919189788],[146.7363706553347,-19.378230194417824],[146.73657678610553,-19.37874598607039],[146.73671951609782,-19.37908901124088],[146.7370158131025,-19.37964567268675],[146.7372444806272,-19.380344509203535],[146.7372835997479,-19.380464056041017],[146.73732469200783,-19.38078443119116],[146.73738666466554,-19.381267542864077],[146.73739242086648,-19.381312393938394],[146.73744607021305,-19.381962239585967],[146.73735258955853,-19.382225061088434],[146.73722288132825,-19.382589715992424],[146.73716381587386,-19.382757931086502],[146.73699095255898,-19.3832502376306],[146.73674232101084,-19.383654212868684],[146.7366898637917,-19.38373944843038],[146.7361668416896,-19.384656331225997],[146.7359467289479,-19.385042019127226],[146.73547114513755,-19.38587531995912],[146.73542975830662,-19.385927540144536],[146.73522644042586,-19.38618410045918],[146.73439530776443,-19.387232870147866],[146.73427570242737,-19.387392238681244],[146.73350023776632,-19.38842544189719],[146.73342256156397,-19.388538510291145],[146.73341216591007,-19.388553641445707],[146.73288661472637,-19.389318684879182],[146.7327409524196,-19.389558336921947],[146.73225815534667,-19.39035262241055],[146.73181133583125,-19.391075809501928],[146.73137539821218,-19.391775550842453],[146.7313233574047,-19.391859077304392],[146.73089401006277,-19.39247519667849],[146.73069404049454,-19.39308390088164],[146.7306877136239,-19.393780625042286],[146.73081472712954,-19.394507532092092],[146.73081973713158,-19.394536196531142],[146.7308265239898,-19.39475851313112],[146.73084058541008,-19.39521934173225],[146.73086745989082,-19.39568967835541],[146.73090923593398,-19.396220053169365],[146.7309316426642,-19.396650655516034],[146.73107957855166,-19.397050075379422],[146.73135309451442,-19.397550292052465],[146.73151536131593,-19.39783051375993],[146.73169762007333,-19.398145268916423],[146.73174500598677,-19.39838108366078],[146.73178670491845,-19.398588612549872],[146.73213579730592,-19.399642685822243],[146.7324549235103,-19.40017705635015],[146.73260870619038,-19.4005288031498],[146.7326181252956,-19.400563944656543],[146.73271150244855,-19.400912321991374],[146.73280747157418,-19.401300918679922],[146.73283672466943,-19.401607485885165],[146.73287462083545,-19.402004654801964],[146.73300899964758,-19.402429863316495],[146.73309615385662,-19.402705662445776],[146.73316392034567,-19.403137071934097],[146.73316670464422,-19.40317015221763],[146.73322240035668,-19.403831757870858],[146.7333782275797,-19.40429374283329],[146.73358808469996,-19.404839337792442],[146.73372836013883,-19.40536593375424],[146.73413057487184,-19.406023310870747],[146.73442408544273,-19.406431028984322],[146.73483754573215,-19.40700535996009],[146.73531043325676,-19.407702890451933],[146.73535654589594,-19.4077709083834],[146.73536737614353,-19.40778217547989],[146.73591712465085,-19.40835424428381],[146.73603620718848,-19.408834528027537],[146.73626790143538,-19.409769040603653],[146.73634743932044,-19.410089823248242],[146.7362324370498,-19.411401822546317],[146.73590444436462,-19.413010827062788],[146.73598119101476,-19.41485461838141],[146.73599044298211,-19.41507682951111],[146.73621030463516,-19.415510103154983],[146.73660444626748,-19.416286826053014],[146.7377504425252,-19.417635822298113],[146.73842507782695,-19.41870845334139],[146.73868434259856,-19.41912066977725],[146.73882343857497,-19.419341820324927],[146.7414364290312,-19.425460822610642],[146.7422854280457,-19.428165822339675],[146.74251942759167,-19.429447826957816],[146.74169097619642,-19.432026722575582],[146.739973872638,-19.435886294234916],[146.73927572138402,-19.437888501590997],[146.73920335197025,-19.438096053954258],[146.73831483930758,-19.442151627580856],[146.73822266218028,-19.44257234687415],[146.73808553233056,-19.442883759838168],[146.73715686564566,-19.444992714545247],[146.73683101142052,-19.445732702892467],[146.73487866951382,-19.44894820420997],[146.73325146814287,-19.451744384804964],[146.73235480660256,-19.453044135176913],[146.73205083245765,-19.453484763099347],[146.7319206760296,-19.453673420319245],[146.73138095410928,-19.45453832748664],[146.7309730982289,-19.454990538845816],[146.73043004326198,-19.4560967753205],[146.73035252080285,-19.456291709042926],[146.73015074919667,-19.45679903507128],[146.73013460151898,-19.457155382285347],[146.73013294025486,-19.45719205259483],[146.7300761700852,-19.457506470182146],[146.73005831400442,-19.45760534623971],[146.72997916115065,-19.45788663639283],[146.72989763124588,-19.458176354625184],[146.7296068669584,-19.458811224241284],[146.7292719371938,-19.459528220299227],[146.72921596387383,-19.459648050709323],[146.72915378502364,-19.459827065185493],[146.72880560951623,-19.46082952411617],[146.72875595185664,-19.460972498914852],[146.72857056473873,-19.461303369826364],[146.72845875875606,-19.461502905381817],[146.7284266981105,-19.46156011675202],[146.7283535613065,-19.46162439688816],[146.72833190173435,-19.46164343282313],[146.72780103066705,-19.462110028966787],[146.72739704877583,-19.462706759515324],[146.72732771557176,-19.46280917267257],[146.72727242279169,-19.46289083955447],[146.72703948627048,-19.46314231818135],[146.72675482435295,-19.463449631376704],[146.72672324927638,-19.46348371709215],[146.72672181624833,-19.463486019404815],[146.7263082078163,-19.46414851424342],[146.72614698465475,-19.46462099489562],[146.72611271574652,-19.46472142715918],[146.72604467413612,-19.46523938780564],[146.72601331697646,-19.465478065665486],[146.7259682148901,-19.466162308231514],[146.72593202948792,-19.466711151637476],[146.7259282522759,-19.46752425394983],[146.72586623710876,-19.468520017220865],[146.7255842719602,-19.469550475422324],[146.72534186496566,-19.469986683492696],[146.7250589340877,-19.470495813678145],[146.72504779037172,-19.470515868261003],[146.7243978244384,-19.471242325574895],[146.72364107708964,-19.471992159374054],[146.72282302998053,-19.472768230342762],[146.7224617029018,-19.47303290823472],[146.7222193992149,-19.47321039684663],[146.7218465073473,-19.473483532582687],[146.72143690838863,-19.47404803159424],[146.7210309359488,-19.47460752862516],[146.72076105761835,-19.474988109446063],[146.72040821046212,-19.47598142400887],[146.7201777121228,-19.477054408296965],[146.72007494415286,-19.478109650826827],[146.71999178780757,-19.47896354009365],[146.7199973922557,-19.479500534945558],[146.72000055058052,-19.47980302154921],[146.71998399790434,-19.479886914736518],[146.71990684793934,-19.480277949474544],[146.7197503552068,-19.481071112988715],[146.71965071185772,-19.481636231064982],[146.71955220325742,-19.482194925404343],[146.719489214901,-19.48244536409957],[146.71935458320382,-19.482980659432588],[146.7191349399639,-19.483605959097723],[146.71915442911597,-19.484687949872452],[146.71915657700401,-19.484807315520214],[146.71915952572186,-19.48497067512073],[146.71916641016963,-19.485537403731918],[146.71898478295526,-19.48599197841929],[146.71873226273723,-19.486521017125565],[146.718597773339,-19.486998031425234],[146.71848677760866,-19.48752728955289],[146.71841494395593,-19.488146084985992],[146.7182329246293,-19.488824362949476],[146.718035180417,-19.489502616178363],[146.7180143432506,-19.489583176743736],[146.71792820270068,-19.48991617782913],[146.71788478216078,-19.49008401077944],[146.71790552712767,-19.490414340669787],[146.71790773434313,-19.490449426193955],[146.71792358483748,-19.49057964862016],[146.71800852242086,-19.49127727455715],[146.7181179993499,-19.491627913393227],[146.7184711433611,-19.492023664904497],[146.71873818605408,-19.49219558629169],[146.71941428979633,-19.492263744901912],[146.72057785433293,-19.492355029817087],[146.72072860312488,-19.492376183319806],[146.72093436198236,-19.49240506689164],[146.7212224645407,-19.492445499947532],[146.72123132228856,-19.49244823375749],[146.7214365837822,-19.492511719113295],[146.72238557388596,-19.492805211085415],[146.72253503875422,-19.49284203148185],[146.7228174228398,-19.492911606985935],[146.7231165244994,-19.492985292394806],[146.72366703064458,-19.492926479414102],[146.72398873147603,-19.49280652341037],[146.7243043386439,-19.492688834903483],[146.7244304944697,-19.492630050722248],[146.72489452739472,-19.49241382938518],[146.72536629974505,-19.492422010243093],[146.7257748949091,-19.49258667132235],[146.72601663631696,-19.492950943993627],[146.72605724350555,-19.493012132508294],[146.7264125650855,-19.49353746428274],[146.72690043331335,-19.493967825448557],[146.7274564425092,-19.494306100255486],[146.72753326785895,-19.494341659467892],[146.72798521587086,-19.494634454877314],[146.72827160498613,-19.49481999223685],[146.7284931686905,-19.495065917370944],[146.72851263032092,-19.495087527194357],[146.72855415042514,-19.495133606457873],[146.72873438255417,-19.495506711939434],[146.7287102155728,-19.49584967952309],[146.72852844132473,-19.496401204361348],[146.72837986186244,-19.496664820108734],[146.7283608700481,-19.496698509093015],[146.72820509281175,-19.49697489236383],[146.72774799308252,-19.497593112339114],[146.72723592065637,-19.498166505501846],[146.72698373285226,-19.498501673357627],[146.72688099344003,-19.498807243921306],[146.72684096956885,-19.499232217032073],[146.72686727538678,-19.499485811002426],[146.72688739171824,-19.499679696458678],[146.7270875390471,-19.500128736160292],[146.72723992173,-19.500470631954574],[146.7274326581848,-19.500759414023484],[146.72760856941383,-19.501022984134494],[146.7280221941209,-19.501573948174972],[146.72823624853146,-19.501859083311327],[146.72953171855687,-19.50306155894595],[146.7300734639967,-19.503569421970937],[146.73055966324227,-19.504375470508887],[146.73081605330097,-19.505101866348785],[146.73084142777373,-19.505173758148498],[146.73094042546774,-19.50550954360521],[146.73112294579974,-19.506128630923147],[146.73134250815852,-19.50650180101873],[146.73143693318707,-19.50658925772667],[146.73156353122388,-19.50670650323971],[146.73164087562787,-19.506778137636896],[146.73214079819763,-19.50698127344077],[146.7322302569509,-19.50701762657547],[146.73241353208994,-19.507077443203524],[146.73241358924219,-19.507077461362265],[146.7328678365174,-19.507250443084946],[146.7331109670515,-19.507423916707744],[146.73355802931454,-19.507742889634656],[146.73447687458741,-19.508489910221854],[146.73506568349578,-19.509087312848216],[146.73539472423934,-19.509848375413352],[146.73540128250224,-19.510134707671295],[146.73537686213348,-19.51021279774496],[146.73536081496476,-19.51026413215175],[146.73528740337514,-19.51036820452325],[146.73526457268815,-19.51040056914502],[146.73519888766924,-19.510494522187216],[146.73501019089372,-19.510764419236985],[146.73481778027613,-19.510985266258572],[146.7345767725752,-19.51113020238426],[146.73451568821838,-19.51116693896155],[146.73380179036587,-19.511504085522215],[146.7337534422901,-19.511526923436083],[146.73365428530997,-19.51157375235093],[146.73356840517104,-19.51161431093935],[146.73352717210759,-19.511668861432426],[146.73339655752335,-19.51184169339563],[146.73332156361306,-19.5119912101953],[146.73327268316243,-19.512088657522312],[146.7332478366715,-19.51228048763736],[146.733244892493,-19.51230324776017],[146.73324488941023,-19.512305127473162],[146.73324482691055,-19.512343236846963],[146.73324471024006,-19.51241437675417],[146.73324452983852,-19.512524376111603],[146.73326959047614,-19.51263787389618],[146.7333045751269,-19.512796327821118],[146.73348627189395,-19.513148898023218],[146.73382370077982,-19.513589339074127],[146.73391445954883,-19.513689874807106],[146.7340266523799,-19.51381415536795],[146.73444383085712,-19.514276265990212],[146.7349538030068,-19.515007772096848],[146.7353698395254,-19.515478156893032],[146.7359274454085,-19.515933827216802],[146.73628451310253,-19.516114231671903],[146.73656392068864,-19.516255391685547],[146.73709021323583,-19.51662899210423],[146.73709082192747,-19.516629788253944],[146.73745120946663,-19.517099292120093],[146.7375919806015,-19.517584183250673],[146.7376052740822,-19.51792222625126],[146.73748642921194,-19.51860882821632],[146.73728942486,-19.519987820352814],[146.73698942813053,-19.520915828610494],[146.7367199153626,-19.521510185845603],[146.73668269389856,-19.52158210308629],[146.73667730141756,-19.521592524043275],[146.73663087255156,-19.52168222190708],[146.73634572930752,-19.522086433325665],[146.73594563555054,-19.522908532448195],[146.7358478483542,-19.523134949582772],[146.7358173286426,-19.52320562929575],[146.73571570484262,-19.523399733131413],[146.73555892315576,-19.523699210091294],[146.73553289800543,-19.52374891219145],[146.73547694375867,-19.524009884859726],[146.7354514828446,-19.52412865827411],[146.7354045607893,-19.52428625074154],[146.7353232041331,-19.524559467576573],[146.7352613627144,-19.525414963740715],[146.73524868448808,-19.52574937178663],[146.73519778622506,-19.526036224894565],[146.73511652232406,-19.52638041901773],[146.73503525806981,-19.526724613087225],[146.73491361538936,-19.52708787942252],[146.7348626848746,-19.52739386385467],[146.73482187583508,-19.52767116131128],[146.7348314547554,-19.527986795697423],[146.73479039575636,-19.528417126817523],[146.73471891144322,-19.528952623038773],[146.73461744480386,-19.529315918667727],[146.73450578991554,-19.52973658476019],[146.7344548482075,-19.530042568955228],[146.7344037751503,-19.53043462214036],[146.73428190920617,-19.530931790030284],[146.73404893284834,-19.53151486355709],[146.73375552188023,-19.53204047127256],[146.73340153482317,-19.532594672827514],[146.73293634909027,-19.533292182084097],[146.73242081099906,-19.533932221004743],[146.73210735317667,-19.53437170889117],[146.73188452143023,-19.53491654938825],[146.73170170539854,-19.535662289028636],[146.7315493415845,-19.536293302743772],[146.73149809172614,-19.536781002918786],[146.7314670842438,-19.537230479180277],[146.7313753419463,-19.53780419724865],[146.73127371964995,-19.538253568435454],[146.73120248810116,-19.538626467822265],[146.73109077017483,-19.53907582383712],[146.73096902989306,-19.53948690185607],[146.73076630982172,-19.540060454172064],[146.7305638675859,-19.54047141158937],[146.73039193390989,-19.540729398546326],[146.73011913506508,-19.54097765539863],[146.72977564665916,-19.541264069081777],[146.72936159873038,-19.541521683709053],[146.7288567282054,-19.541788731350664],[146.72846291199676,-19.542008111275532],[146.72826085204653,-19.54217997272854],[146.72814961980458,-19.54233283011881],[146.72804822587523,-19.542638735996295],[146.72797695284476,-19.543030756211174],[146.72798639727338,-19.543413345742945],[146.72803583382336,-19.54401596676566],[146.7281358194291,-19.544551717212148],[146.72825609816326,-19.54502054246779],[146.7284969935297,-19.545757353408764],[146.72867769443374,-19.54629322477526],[146.72880841299383,-19.546551655256344],[146.729009551908,-19.546934523260806],[146.7292508522113,-19.547432231016447],[146.72943174871202,-19.54785332209374],[146.729572309934,-19.548264800417975],[146.7297730706102,-19.548877208433083],[146.7300440860265,-19.549709710481487],[146.73023504102102,-19.550149947195074],[146.7305068072447,-19.550532918939272],[146.73069817069293,-19.55073405312321],[146.7309600814126,-19.550973555137055],[146.73119164038812,-19.551270387917498],[146.73133235142498,-19.55159578698884],[146.73141251918815,-19.55192108687776],[146.73145232785,-19.552255896962706],[146.73146189150873,-19.552571530596087],[146.73139084363424,-19.552829658991474],[146.73122884131755,-19.55317373001874],[146.73112750951896,-19.55344137442323],[146.73095565787452,-19.55364196716108],[146.73069306041407,-19.553813731751422],[146.73039016923292,-19.553937620710123],[146.72989567542555,-19.554013389509525],[146.72928009498665,-19.554098545709337],[146.72887636140848,-19.55419358823802],[146.72839180809896,-19.554355454849475],[146.7280586561188,-19.55447928530642],[146.72760438488478,-19.554631625138356],[146.7271198933666,-19.554755234529605],[146.72668587316932,-19.554859778522566],[146.72615116643902,-19.554849407211456],[146.72564668562094,-19.5548582026552],[146.72526319455812,-19.554915004911724],[146.72497045773378,-19.55500063725226],[146.7247583728285,-19.555124654961332],[146.7245562208811,-19.555344317691578],[146.72436409619243,-19.555592697178646],[146.72410136532017,-19.55583140737581],[146.7237881935279,-19.55607003098714],[146.72345188297177,-19.556281082698337],[146.7229729181811,-19.55673095406146],[146.7227727757865,-19.556910122757493],[146.7226212065508,-19.55704379199176],[146.72240396773904,-19.557229964826515],[146.72221705391163,-19.557382701769182],[146.7220099987234,-19.557511504500265],[146.72180799453153,-19.557635525133577],[146.72161616783677,-19.557711746188456],[146.72143942106288,-19.557816673904092],[146.72131310788393,-19.557931249532555],[146.72123718599337,-19.558074595514785],[146.7212066465311,-19.558232362380117],[146.72120639178996,-19.558380605766743],[146.72124137590967,-19.558576727632904],[146.72128637115117,-19.55881111877751],[146.7213714844288,-19.559189034992595],[146.72146169051007,-19.55953827541781],[146.7215418680803,-19.559854018053265],[146.72159671245782,-19.56022710684253],[146.72172730887357,-19.560562058555405],[146.72184270105592,-19.560935240567694],[146.72190267300974,-19.561265293670985],[146.7219522540868,-19.561767495538554],[146.7219918896175,-19.56219316537234],[146.72200639648926,-19.562556630637715],[146.72196518014633,-19.563058683548103],[146.72191909106388,-19.563455528659983],[146.72188319628575,-19.56379500420782],[146.72180670743592,-19.564273099670814],[146.72170506445192,-19.564703332250343],[146.72148185930772,-19.565420303354],[146.72125866858423,-19.566127712934485],[146.72111671562766,-19.56652919019771],[146.72089394019628,-19.56698792757103],[146.72070139363055,-19.567475404021543],[146.72047829548612,-19.56812542734571],[146.72025559851215,-19.568536339913393],[146.72016434216746,-19.56879443184649],[146.72014382168453,-19.568995248229346],[146.72015336386306,-19.569310890659736],[146.7202638303917,-19.569617110289844],[146.72044494175978,-19.569913887148132],[146.72074728422538,-19.570124764634397],[146.7210899850575,-19.57033570399918],[146.7213520208229,-19.570517834617128],[146.72156365223358,-19.570671185456952],[146.72167441785444,-19.570805258132445],[146.72172456710373,-19.570977491057043],[146.72172423877592,-19.57116877754018],[146.72164589337865,-19.57142076295496],[146.72146924233678,-19.57174978194899],[146.72141511838123,-19.572048580330698],[146.72131688116792,-19.572335354558984],[146.72114581457342,-19.572792382392223],[146.72102529975658,-19.573192699464],[146.72099017706216,-19.573446694301442],[146.72099579425543,-19.573850188538678],[146.72105483308883,-19.574358378070766],[146.72114234918465,-19.57480684063126],[146.72133697134413,-19.57531823079321],[146.7214312884499,-19.575482760089695],[146.72165170998488,-19.575662431189645],[146.7220550860532,-19.57580949820746],[146.72256569285565,-19.575941800076887],[146.72307321035345,-19.57604120999903],[146.7233127343965,-19.576113304441296],[146.72346705475104,-19.576227118493463],[146.72359604539065,-19.576400664552665],[146.72364609947567,-19.576630878340875],[146.72366780916101,-19.57684910173885],[146.7236106997181,-19.577049265880504],[146.7234873931505,-19.57724334603092],[146.72331033115668,-19.57752103561204],[146.72312723177888,-19.57764329685367],[146.72274212670536,-19.577875833715645],[146.72242330415685,-19.578069612502585],[146.72205406454154,-19.578245383570092],[146.72142931233574,-19.578468583446785],[146.72100017123222,-19.57863529508134],[146.72016716204976,-19.578935877743604],[146.71968442118649,-19.579093529286304],[146.71932155549754,-19.579230454402015],[146.7190784383995,-19.57940342423528],[146.71870898467049,-19.579698738866842],[146.71863941382568,-19.57981220772978],[146.7186012907526,-19.579973549574753],[146.7185786108514,-19.580323201965168],[146.7186256526267,-19.580472711632208],[146.71883638597575,-19.58078686907143],[146.71918271783792,-19.581098246166036],[146.71962365937023,-19.581406778433408],[146.72027274081793,-19.581712650328008],[146.720909272853,-19.581976650013313],[146.72136629380606,-19.582108863424523],[146.7219932066556,-19.58246848330632],[146.7224562661405,-19.58275613111009],[146.72265779185156,-19.58292978936396],[146.722752165773,-19.5830644325326],[146.72281176022744,-19.583252819623485],[146.72279882864387,-19.58343810398065],[146.7227102242841,-19.583620280748057],[146.7225933061617,-19.583760581524082],[146.72241024593407,-19.58384996523242],[146.72185487809844,-19.58406130797781],[146.72170968661047,-19.584135811160508],[146.72144119071078,-19.584398410230687],[146.72138744691844,-19.584479027843056],[146.72129880000068,-19.584679142300764],[146.72126680019997,-19.58495107112956],[146.72126305790272,-19.585291788260882],[146.72130377524394,-19.585456234651495],[146.72156749890652,-19.586135105591254],[146.72186282813536,-19.586778156925746],[146.72194131980672,-19.58697852935727],[146.72196316764402,-19.587110069795582],[146.72195981659664,-19.58722364192578],[146.7219154436361,-19.587355080250102],[146.7217699301806,-19.587620860531608],[146.72148538000602,-19.58804482689662],[146.720919395209,-19.588913701769442],[146.7203725122499,-19.589677991811733],[146.72002150029158,-19.59023635054832],[146.71966727280673,-19.590827589247564],[146.71959127074888,-19.59101277509911],[146.71955629683862,-19.59117710404135],[146.71954017871633,-19.591377330224788],[146.7195619475067,-19.591553703391707],[146.71968122304023,-19.59187966428619],[146.7200048545568,-19.592567594927054],[146.7202184162273,-19.59308200614941],[146.7202684496763,-19.593324176393565],[146.72033694645367,-19.593835371046225],[146.7203485758822,-19.59440624825231],[146.72030692211433,-19.594788756579078],[146.7202590692591,-19.59510549291176],[146.72016075427794,-19.595422150888673],[146.72001192954102,-19.595771616038967],[146.7197272049635,-19.59628524400524],[146.7194487134186,-19.596843722824115],[146.71923975149195,-19.597315626467438],[146.71903415814305,-19.597659019761682],[146.71881280146417,-19.59800238820816],[146.7186673022471,-19.598223983598306],[146.73689996490887,-19.599884988460754],[146.73723213598976,-19.600107810825207],[146.73805074302481,-19.60227353087956],[146.7355992573734,-19.60490733100124],[146.73563594128146,-19.605141732633],[146.7358056022469,-19.60622575416292],[146.7357737084889,-19.606263708027647],[146.73430880560866,-19.608006989001638],[146.73166725195304,-19.614832401185453],[146.73108837714307,-19.61632805590128],[146.73092779994533,-19.618670431698632],[146.73090604266798,-19.618987769450126],[146.7283627163519,-19.6200652183041],[146.7280519417436,-19.62019687007683],[146.72775921513283,-19.62466407188102],[146.7288107229927,-19.62946410888394],[146.7316403308435,-19.63311225140823],[146.73295001310012,-19.63480071724756],[146.73315279719057,-19.63543620936936],[146.7320898767948,-19.638545754510695],[146.7294485565917,-19.647179158531102],[146.72339258618854,-19.707702079864266],[146.62832844964302,-19.697553106380848],[146.62775266694436,-19.697491483720064],[146.5380081165874,-19.687862829998142],[146.53956405428076,-19.68663869245811],[146.54024922115104,-19.686315765627064],[146.542608495382,-19.68522444523002],[146.54418612513558,-19.684179195601505],[146.54570548085218,-19.683021908795535],[146.5477139329098,-19.68248132776898],[146.54989455066533,-19.68232964731034],[146.55277566607788,-19.681783422520336],[146.5553902199992,-19.68126181257337],[146.55676635828007,-19.680449642670602],[146.5575079350853,-19.679021767653825],[146.55730758437116,-19.678081825936736],[146.55664915403256,-19.677512329268424],[146.5559166712551,-19.67678224390446],[146.55542571221366,-19.675890190408776],[146.5546632276647,-19.67431113541994],[146.5532202792311,-19.672460990136994],[146.55182651600498,-19.67070239958192],[146.55176975419866,-19.669532099946295],[146.55199365815648,-19.66684495769176],[146.55309538964124,-19.664909765443074],[146.5544176838084,-19.663340371565976],[146.55569008933637,-19.661587685693107],[146.5564044848424,-19.65974676101984],[146.5569280254662,-19.65834319670674],[146.55764187078088,-19.656410468536826],[146.55901207123065,-19.654794796373412],[146.55923861152397,-19.652520808732262],[146.55828764661376,-19.651700551735917],[146.55661363868433,-19.651481735082292],[146.5550341291943,-19.6508949582747],[146.5541511921133,-19.649385536801944],[146.55380152404442,-19.64789568013069],[146.55373945665173,-19.645921990488613],[146.55447664919538,-19.642046825708494],[146.55523332117636,-19.639518247387116],[146.5562225283765,-19.637611756384782],[146.55672630373718,-19.63598054633489],[146.5569820821387,-19.634017713381187],[146.55680026971214,-19.631975145756467],[146.5558225672401,-19.629708643127508],[146.55446983391505,-19.627530003398267],[146.55366686162535,-19.624918605040754],[146.5536073356334,-19.623335110175336],[146.5539603869318,-19.621817892686288],[146.5548460740781,-19.62022824185537],[146.55580504359045,-19.618753001839128],[146.5561586371238,-19.617304722320757],[146.55607486481605,-19.615721266224714],[146.5556017469881,-19.61388787492983],[146.55472048443673,-19.612607984971046],[146.5530591542356,-19.610644497103383],[146.55175891101584,-19.60833424461531],[146.55104057022467,-19.606066379740223],[146.5500778020602,-19.60350149226455],[146.5494911654044,-19.602747616668385],[146.54849058367475,-19.60172106321862],[146.5467162774011,-19.60090583009076],[146.5449927051462,-19.60043474146404],[146.543632080439,-19.599892432673883],[146.54221640489584,-19.598386291285],[146.54138421411997,-19.59715210706271],[146.54093952265447,-19.59589241924871],[146.5411035971971,-19.59512922143391],[146.54180042132126,-19.59425713747466],[146.5425714863848,-19.59363238847311],[146.5434516099014,-19.592202645253824],[146.5432034269562,-19.59104684166905],[146.54271387900917,-19.589670739160574],[146.5417380149724,-19.5878372273619],[146.53832823178064,-19.583027190974118],[146.53881152060208,-19.58256628133103],[146.53977935029454,-19.582103724574978],[146.5407464908455,-19.58141143410975],[146.54171040462958,-19.579800720308466],[146.5429198804318,-19.57910785834262],[146.54388855774624,-19.578874718542384],[146.5453388123843,-19.577721576149887],[146.54557479161105,-19.575883894827967],[146.54581322122723,-19.57473483041369],[146.5475009537687,-19.57220315464532],[146.54725465232193,-19.571055853527128],[146.54576162819873,-19.570214118641783],[146.54381503005072,-19.57007285044016],[146.54224005517312,-19.57003696185904],[146.5413415002304,-19.569698146249355],[146.54102079547965,-19.568850944130048],[146.54093702932568,-19.56722175790268],[146.54104440823082,-19.565223981459177],[146.54102975576095,-19.563091253407887],[146.5412037633316,-19.560218701112518],[146.5407585798322,-19.558867111993607],[146.5410031676116,-19.55567483143726],[146.5413873532176,-19.55516758077708],[146.5420102639952,-19.554176456937384],[146.54260147667262,-19.552083758930245],[146.54353734628177,-19.550815364563533],[146.54568418442364,-19.549493353523136],[146.54705860171947,-19.54856636388436],[146.54813601684367,-19.54676909671892],[146.54994549951223,-19.545724517061277],[146.55171563049228,-19.546011774379895],[146.55290003947218,-19.545659919796332],[146.55308727771816,-19.54471747860938],[146.5533643867586,-19.54274161470103],[146.55446734017528,-19.541150683160364],[146.55758163351857,-19.539661646501575],[146.55885732639084,-19.53852855954185],[146.55945461242374,-19.53733108509526],[146.56065414317797,-19.53569371793206],[146.5610788490906,-19.53408401290882],[146.56036714944995,-19.53273425014794],[146.5590947508472,-19.53088300380823],[146.55826254162412,-19.529625838714992],[146.5582542532192,-19.52843221763516],[146.5589708816398,-19.527004420384436],[146.55988127223972,-19.52557528423503],[146.56167984850924,-19.52379377828669],[146.56477246121028,-19.52231458656582],[146.56646751276313,-19.52207881726788],[146.56743336042993,-19.52115683807815],[146.56839746147665,-19.519775680734217],[146.56936091539845,-19.518164796330243],[146.570810346566,-19.517011427379682],[146.57226068795504,-19.516087578722804],[146.57298244545353,-19.51470726767127],[146.57394582314458,-19.5130964468825],[146.57467086936097,-19.51263455573982],[146.57588137464947,-19.51240044799395],[146.57709279489146,-19.512395973117822],[146.58088242915088,-19.513486068530014],[146.5852285203944,-19.50976087858364],[146.58502101334682,-19.509754058780597],[146.58443272223394,-19.50970877060801],[146.58409470048076,-19.509633312148914],[146.58391898369902,-19.50950111257413],[146.58380364664376,-19.50930754593622],[146.5837208522058,-19.509074508203103],[146.5836705024944,-19.508832770164993],[146.58358279562555,-19.50870955672364],[146.58343475804526,-19.50862134923212],[146.58304569061616,-19.508580916198596],[146.5825083740375,-19.508531347321068],[146.58199882197044,-19.508499417954493],[146.58149866914732,-19.50841479610172],[146.58115611034336,-19.50830416780095],[146.58089698693053,-19.508176164219346],[146.5807167106014,-19.50801759010443],[146.58058297622534,-19.507775658014296],[146.58047765360894,-19.507296543455734],[146.58039152666672,-19.506558283245937],[146.58035191709956,-19.505749841067505],[146.58035831622908,-19.505064508091095],[146.580376069769,-19.50469167368387],[146.5804635201123,-19.504465355042505],[146.58062336022087,-19.5042391950838],[146.58092787359,-19.504054560693096],[146.58128314556575,-19.503835720698337],[146.58148649216383,-19.50358220618201],[146.5817265879818,-19.503109113978354],[146.5818725839055,-19.50263581306661],[146.58189539600434,-19.50221026816717],[146.5818748413365,-19.501757168646474],[146.58183979330073,-19.501310894703074],[146.58184791777936,-19.500967697133806],[146.58192831529317,-19.500665848130073],[146.58194340818247,-19.500425625209957],[146.58190788406586,-19.500164699072446],[146.58182169033185,-19.49990364682732],[146.5816776727823,-19.499608147403244],[146.58153348882112,-19.49938128352846],[146.58135327838917,-19.499085700168386],[146.58108631142989,-19.498748725201377],[146.58085553927037,-19.49841183366059],[146.58070441553568,-19.498068258215998],[146.58053910807863,-19.497607954926295],[146.58040978261377,-19.49723011622727],[146.58033835131954,-19.496859270739982],[146.58031016139728,-19.496564038693787],[146.5802608377805,-19.49604222699131],[146.5801603858337,-19.4956987685381],[146.58000214751812,-19.495307126203183],[146.5798003151692,-19.49497716856711],[146.57967851932656,-19.494489510983502],[146.5797631182861,-19.49412182885319],[146.57975983869875,-19.493830712092443],[146.57973152621545,-19.493583529374337],[146.57962386992028,-19.49322632663395],[146.5794365254495,-19.492896402208927],[146.57915830777594,-19.49254133328465],[146.5790329856934,-19.492195285976987],[146.57901939798796,-19.491852037798907],[146.579150551701,-19.49151598517577],[146.57931052239624,-19.491234908267593],[146.57941267199004,-19.490919383373434],[146.5794497858347,-19.490562516670213],[146.57946515653092,-19.490219335705454],[146.5794950633433,-19.489848725002027],[146.57943793454155,-19.48954655730455],[146.57935927586632,-19.489175694423867],[146.5793096910817,-19.488756849246162],[146.5793104889806,-19.488447947913897],[146.57928948143146,-19.4881733275294],[146.57919602032257,-19.487925984202867],[146.57908108292844,-19.48758935943447],[146.57884298174847,-19.487293638917002],[146.5786539442843,-19.486947226153735],[146.57857137254038,-19.486635121476315],[146.57855812719168,-19.48638467497915],[146.57862354005593,-19.486165164464197],[146.57877698110076,-19.485945858673432],[146.5790231528045,-19.48569162335323],[146.5792740097163,-19.48541982156572],[146.57947391659152,-19.485143509127294],[146.5796736640599,-19.484928711055023],[146.57978554017,-19.484656585912603],[146.57986032418972,-19.48439755965921],[146.579921543443,-19.4840110980202],[146.57992234775475,-19.483699178155714],[146.57992336729018,-19.483303783835268],[146.5799244773958,-19.48287325377605],[146.57993939931137,-19.482477891660018],[146.5798754189903,-19.482139469545515],[146.5797001787361,-19.48183153322408],[146.57943670540777,-19.481611258852794],[146.57911290761533,-19.481434772907363],[146.5787936410587,-19.481293450935205],[146.578483691924,-19.481134573084702],[146.57823404591582,-19.48094069015371],[146.5780724943107,-19.48072065110394],[146.5779849903342,-19.480522753424957],[146.57793447507908,-19.48035129383646],[146.5779258050134,-19.48012282680104],[146.57799582231027,-19.479916512075594],[146.57811219012788,-19.479701512242535],[146.57823784397206,-19.47947335796673],[146.57842365924435,-19.479271695556953],[146.57865116139183,-19.47907013894132],[146.5789574407991,-19.478855580112114],[146.57928222966513,-19.478649856755037],[146.5795187762298,-19.478531785956015],[146.57985278015983,-19.478343650908275],[146.58007089484173,-19.47818599964357],[146.5802380037313,-19.47805019894379],[146.58043778659578,-19.47781781373487],[146.58056808737138,-19.47758527648553],[146.5806986138402,-19.47726487265219],[146.58080119850544,-19.47700150902603],[146.58089495049802,-19.476571192944032],[146.58096080606163,-19.47618034926319],[146.58100349789376,-19.47578944293533],[146.5810603849165,-19.475284350402685],[146.5811262959589,-19.474871537703677],[146.5811411026745,-19.47451572085418],[146.5811000600324,-19.47426520990412],[146.58101257823162,-19.474058529602857],[146.58080481616489,-19.473794447982375],[146.5805784432309,-19.473561085098968],[146.5803613323601,-19.47332774338645],[146.5801212157408,-19.473037225050735],[146.57991820028062,-19.47272923346359],[146.57971045298615,-19.47246075864425],[146.57954888667234,-19.47224511277364],[146.5794104496464,-19.472042705469352],[146.5793692401837,-19.47185809174777],[146.5794068504358,-19.47164290794929],[146.57951872871172,-19.471366399478597],[146.5796027434564,-19.471120570269132],[146.57967754377762,-19.470852750616448],[146.5796644918503,-19.47052323018349],[146.5795772385823,-19.470233074635836],[146.57946206958053,-19.46998678328021],[146.57931453201226,-19.469722848729507],[146.57914371900722,-19.469502789024943],[146.57888032277472,-19.46926054503924],[146.57858446962697,-19.469031410242444],[146.57833941366854,-19.468863899195693],[146.57807128678334,-19.4686611800624],[146.57783100083543,-19.46843656540214],[146.57762313715583,-19.46821641798505],[146.57736464910562,-19.46786874821946],[146.5771617021195,-19.467538784695094],[146.57698207769386,-19.467147369334885],[146.5768719765683,-19.46673853907207],[146.57685864548554,-19.466518844796408],[146.57689654261915,-19.46619383503256],[146.57690201662533,-19.46586874053324],[146.57683334954612,-19.465556667026743],[146.57667655920494,-19.465292699698775],[146.57648261525603,-19.465063799498274],[146.57625626048278,-19.464830431335116],[146.5761966390755,-19.464601835734832],[146.5761879033202,-19.464399729151275],[146.57622562997716,-19.464140617124507],[146.5763190092893,-19.463855274125613],[146.57649106755892,-19.46359208392056],[146.57665819837348,-19.46344310112434],[146.57687615905272,-19.46333817487995],[146.57708957832918,-19.463202475701685],[146.5773124079302,-19.46300530117035],[146.57743340588976,-19.46278591998638],[146.57748499674082,-19.462540015928294],[146.57743487415442,-19.462219192720504],[146.57732907519193,-19.461937776738278],[146.57713078855463,-19.46159903995123],[146.5769648906532,-19.461273545488606],[146.57678513837004,-19.460930459568697],[146.57659581640013,-19.460710354252893],[146.57634608936903,-19.46056039769185],[146.57606387050802,-19.46044111786372],[146.57578614529638,-19.460374570195174],[146.57566971665548,-19.460353584856765],[146.5754157755029,-19.460307805177255],[146.57509201257852,-19.4601357135211],[146.5747035575894,-19.459901954447783],[146.57438002742364,-19.459637602969643],[146.57414444541772,-19.459395417507555],[146.57397813116668,-19.459232477622074],[146.57378882644304,-19.459007977469586],[146.5735347614565,-19.458748179780784],[146.5733037777826,-19.45851918909764],[146.57310073539506,-19.458233149832388],[146.5729626055042,-19.457920902186796],[146.57276869842465,-19.45768320510848],[146.57176393864205,-19.456418857910318],[146.57056619346358,-19.455508896687927],[146.5676945043541,-19.453004968848994],[146.56625771265527,-19.451867308954988],[146.56554034783647,-19.451184199424574],[146.56458399449664,-19.450273421862214],[146.56362756587117,-19.44936272049959],[146.56291012753388,-19.44867969998285],[146.56243613666842,-19.4477677142527],[146.56196225605146,-19.44685563717904],[146.5607731048086,-19.44503216027615],[146.56077728675186,-19.444575438428025],[146.56102715840836,-19.44366149467591],[146.5618905253948,-19.442849081872968],[146.56273048567792,-19.44205846894759],[146.56346061693606,-19.44137151376458],[146.56467315007924,-19.440683183024156],[146.56540316227068,-19.439996219391933],[146.5663722445438,-19.43953693417835],[146.5668632827609,-19.43862220174572],[146.5666283814244,-19.43793789764962],[146.56663680631408,-19.43702454290373],[146.5662301715948,-19.435508057708766],[146.56630173133334,-19.435213801494157],[146.5662213365887,-19.434996720079216],[146.5659629587221,-19.433327410235872],[146.56572663511054,-19.432967260564936],[146.56564377101367,-19.43260476673389],[146.5656376887304,-19.432241101036887],[146.56563027595834,-19.43180460250125],[146.56498098516641,-19.42970482377164],[146.56468773942515,-19.42943553950852],[146.564433275008,-19.42905853571802],[146.56411931745515,-19.428626895292126],[146.56397047361307,-19.428289907458073],[146.56395967934407,-19.42826557184662],[146.56357161428195,-19.427980604698806],[146.56326126952675,-19.427767026686016],[146.56340211147133,-19.427037360816314],[146.56339470415105,-19.42660103376364],[146.56315734229736,-19.42616812991446],[146.56299781363703,-19.425806715495867],[146.56275418726275,-19.425010235092067],[146.56165891534576,-19.423717545048376],[146.56142279551875,-19.423357480657067],[146.5611854434682,-19.422924574269977],[146.5610245837708,-19.422490496926127],[146.56145592761786,-19.420810564005322],[146.5610603885211,-19.420089083401443],[146.56120739119308,-19.419723076015007],[146.56026296418403,-19.41828254313056],[146.56010723387692,-19.41813946175704],[146.5602353777633,-19.417950364194287],[146.56032721681993,-19.41755404007325],[146.5600924370836,-19.417266635167042],[146.5603222843227,-19.41726303460657],[146.56054843139657,-19.417041360387834],[146.5606904991568,-19.416384347765206],[146.56091673974876,-19.416162673263347],[146.56121956350896,-19.415939647158734],[146.5613703579207,-19.415791893773545],[146.56152361009916,-19.415789552626812],[146.561678106015,-19.41585978201513],[146.56305384478196,-19.41562036963498],[146.56350991650072,-19.415394997047624],[146.5636620384742,-19.41531990295052],[146.5638932129598,-19.41538904943577],[146.56397236075432,-19.415533380713658],[146.56566828373596,-19.416089256084476],[146.56605139134558,-19.416083303493803],[146.5664333485825,-19.416004689280594],[146.56666195813278,-19.415928329269157],[146.5665779591157,-19.41549308414844],[146.56634555675194,-19.415351280054907],[146.5661119100449,-19.41513654351157],[146.56580159515966,-19.414923069377295],[146.56493250069812,-19.41340872618423],[146.5647767805088,-19.4132655674379],[146.56445791132694,-19.412543012153645],[146.5643007574479,-19.41232710111768],[146.5640683618022,-19.41218520381708],[146.5633626118286,-19.41125034078816],[146.56305343750319,-19.411109604212278],[146.56312897464616,-19.411035681834896],[146.56273335555193,-19.410314204188783],[146.5624256176076,-19.41024622751847],[146.56219568497679,-19.410249830707095],[146.56187295042818,-19.409309016257726],[146.56179380739925,-19.409164684061587],[146.56179266884823,-19.409091932856963],[146.56246488798362,-19.408063054832223],[146.56292465158546,-19.408055946538767],[146.56345376829293,-19.40761123858191],[146.56438745043133,-19.40728780988053],[146.56670545295754,-19.40644880906544],[146.56690645480052,-19.406430816392646],[146.56718145339332,-19.40642281401614],[146.5674394583683,-19.406386810038867],[146.56763345231101,-19.406378812967795],[146.56786845112003,-19.406351808800746],[146.56810145442222,-19.406315816724206],[146.5683114585749,-19.406289809917656],[146.5684204502775,-19.40628081480743],[146.56859445513138,-19.40627181130557],[146.5688374561231,-19.406236808980925],[146.5691604591845,-19.406191811212935],[146.5695514582896,-19.406138813443544],[146.56976545532743,-19.406111811289165],[146.56993445411902,-19.40605781707006],[146.5700684535392,-19.406031818125097],[146.57023445397058,-19.405940809660265],[146.57026645004456,-19.405895817369036],[146.57028245021078,-19.40585981529989],[146.57025045803888,-19.405859811948474],[146.5703454543753,-19.405739816190998],[146.5703644543644,-19.405714810303266],[146.5704574517025,-19.405579817229082],[146.5706104496203,-19.405434817223504],[146.5706914567371,-19.405353810363874],[146.57080445663573,-19.405308810483216],[146.57093845034507,-19.405273809928833],[146.5711524501329,-19.40521981233962],[146.5713094574425,-19.405201810352],[146.5714074563349,-19.405156810854837],[146.57154445755813,-19.405129814764695],[146.57165345236928,-19.40509381488416],[146.5717864533332,-19.4050668091817],[146.57195544939682,-19.405067812766028],[146.57212945281313,-19.405058814886907],[146.57222245790754,-19.405076809775156],[146.57231545028537,-19.405077814857957],[146.5724804499973,-19.40511380919803],[146.5726094512366,-19.405104813439564],[146.5727634561487,-19.4051058171676],[146.5729494512986,-19.405114812427648],[146.57307045018763,-19.40512481157555],[146.57319545121686,-19.405115815040958],[146.5732804584592,-19.4050708111252],[146.57343045119362,-19.404871814051848],[146.5735114559322,-19.40477281304863],[146.57362445540082,-19.404745813276275],[146.57380945231506,-19.404691816782833],[146.57398045572208,-19.404583817787874],[146.57408544901045,-19.404474814462414],[146.5742074562321,-19.404294810352823],[146.57428445272637,-19.40407781131981],[146.57442145100887,-19.404014809251382],[146.5745264502907,-19.404005810134482],[146.57455045048619,-19.403987810205198],[146.57467644979118,-19.40396081308299],[146.57475645751063,-19.40395180956988],[146.57479644966133,-19.40395181276346],[146.57493045790076,-19.40390681423679],[146.57521845262562,-19.403898811938078],[146.57541745571723,-19.40388981508924],[146.57586445221077,-19.40379181219079],[146.57611945575138,-19.40366581546319],[146.57624445576204,-19.403575817327916],[146.5765834566465,-19.40352181547119],[146.57682545350434,-19.40346781308183],[146.57701145535663,-19.40337781183129],[146.577274454282,-19.40331581469715],[146.5776134491675,-19.4033708163422],[146.57793145717127,-19.403416812862293],[146.57820245396567,-19.40346281721937],[146.5785294539211,-19.403345813376074],[146.57860644933166,-19.40320081093758],[146.57865544894605,-19.403064816811586],[146.57865945763737,-19.402983817563772],[146.57893344920197,-19.402794809004273],[146.57929345786602,-19.40280381217449],[146.57962745626813,-19.402786808968855],[146.57995945809603,-19.402660813122573],[146.58012845794678,-19.40252580977137],[146.58034644885157,-19.402498813302234],[146.58062445361085,-19.402589816900083],[146.58104945370107,-19.402617808880166],[146.58131145391962,-19.402546811637134],[146.5816254582317,-19.40247481311903],[146.58184445749305,-19.40246681315468],[146.5819284563938,-19.40247580851386],[146.58198945449968,-19.402484814199692],[146.58208645779013,-19.402484811328495],[146.58226445544358,-19.402394813334258],[146.58234945154842,-19.4023228112513],[146.58244245175513,-19.40224180848686],[146.58251945099641,-19.402078811446962],[146.5825737733246,-19.401968041928427],[146.58262145132284,-19.401870812787607],[146.5827434511222,-19.401554812375483],[146.58267445311367,-19.401418808253062],[146.58267545578954,-19.40121981355464],[146.58274245448692,-19.40101181576907],[146.58280145762785,-19.40090281010379],[146.58289045493498,-19.400803814057948],[146.58301144875608,-19.40058681257065],[146.5831344506913,-19.40026181316691],[146.58323945046837,-19.399944815412454],[146.5833744580585,-19.399609812145243],[146.58356045800306,-19.39917680972111],[146.5837034529864,-19.398823813504873],[146.5837814509761,-19.39832681569292],[146.58387044979727,-19.398087816251014],[146.58389545395693,-19.39801881191113],[146.5840124511342,-19.397892813196176],[146.5843484536814,-19.3976938164465],[146.58454245477463,-19.397404810350846],[146.5846474512585,-19.397124809524907],[146.58466445140309,-19.396925815080742],[146.58471345754083,-19.39662681679442],[146.5847985746759,-19.396201318158013],[146.58417885336,-19.395541467115454],[146.5836621222551,-19.39510787700127],[146.5830935138531,-19.394713477927723],[146.582873246632,-19.394557868836223],[146.58253526988616,-19.394319100899818],[146.58212226640555,-19.393826777462092],[146.58196807208049,-19.393374359700317],[146.5819903663756,-19.39275528757054],[146.58229157724276,-19.39241201825442],[146.5827892102268,-19.392206789191093],[146.58318257102823,-19.39213916283823],[146.5832334299046,-19.392130414],[146.58371575300245,-19.39183669201166],[146.58417498557404,-19.391454478713626],[146.58461334748168,-19.391264761293808],[146.58515558278293,-19.391078054175725],[146.58544174184067,-19.39079678488219],[146.5857223748102,-19.39039941173161],[146.58584568121012,-19.390012732292217],[146.58582919845284,-19.389620212770797],[146.5855389345916,-19.389221547840133],[146.58503884337068,-19.38887214412121],[146.5844045329862,-19.388616409375683],[146.58406184890865,-19.38821761330216],[146.58380139764665,-19.38755366598973],[146.5837842353562,-19.38743428254555],[146.583715530023,-19.386956459424713],[146.58383328658073,-19.386464739148355],[146.5839591474987,-19.386066408807462],[146.58393474289267,-19.385825161317655],[146.58388673406796,-19.385664967968584],[146.5838001219582,-19.38537597962808],[146.58373325401303,-19.384906149437718],[146.58369412095652,-19.384453752025305],[146.58354722267927,-19.384114713548765],[146.58359091271635,-19.383871895763622],[146.5836608472334,-19.383674386891094],[146.58377013759474,-19.383489168150934],[146.5840359258728,-19.383515206555067],[146.58475173747044,-19.38358897622809],[146.58855013200522,-19.383980365454804],[146.58874125803783,-19.384000055762236],[146.59533816804992,-19.384683841968794],[146.60026623992988,-19.385177528926903],[146.60174796349855,-19.373544971800857],[146.61313746639013,-19.374857324535547],[146.6131605082616,-19.374676910561444],[146.6134776083274,-19.372242097658205],[146.61414912572585,-19.3722795356041],[146.62683224369405,-19.372986218907386],[146.62690335791277,-19.372990178390953],[146.62710172361423,-19.371037950824476],[146.62716852097589,-19.370377208393794],[146.62721779904868,-19.36989554674977],[146.62731274618102,-19.36896117104532],[146.6273230901966,-19.368859361360514],[146.62761121180318,-19.368885246060746],[146.64480307048288,-19.370448849973776],[146.644860107505,-19.37045403112985],[146.64697682252927,-19.349222127212908],[146.64700836790954,-19.348911290312515],[146.6482664737345,-19.336515405565425],[146.64857981820563,-19.336270233636462],[146.64861389575225,-19.33593447616524],[146.65867548607548,-19.336854270625377],[146.65961694995624,-19.32757095102093],[146.66500575264143,-19.32806333793191],[146.6659515866182,-19.318706181116088],[146.66568222034707,-19.318634727175397],[146.66552894682897,-19.318598613520894],[146.66515336991802,-19.31863655879128],[146.66490383098713,-19.318724846400897],[146.6647127198056,-19.318753296974418],[146.66457235370652,-19.318754963874156],[146.66432829505848,-19.318657906754716],[146.6641093823887,-19.318507078784297],[146.66383869170338,-19.318255209060887],[146.6636699080312,-19.31806746539083],[146.66357704685967,-19.317909467622002],[146.66352634278576,-19.317823194888213],[146.66356046341224,-19.31756095160129],[146.66360254123236,-19.317410766815232],[146.6636844179778,-19.317251762731267],[146.66371797810146,-19.31715634602947],[146.66374705708353,-19.3170736906979],[146.66380077919976,-19.316912935655584],[146.6638149447678,-19.316870568009247],[146.66390126810197,-19.316645581989015],[146.66384195405794,-19.316580287010012],[146.6636215989869,-19.316517225599984],[146.66339517245302,-19.316439422003],[146.66323707596135,-19.316393672876174],[146.6628597255934,-19.31641668971696],[146.662928379454,-19.315157484464013],[146.66459067499216,-19.315606581502816]]]},"properties":{"Division":4,"DivisionName":"Division 4","Dogs2024":3183,"Dogs2026":2928,"Decrease":255,"DeclineRate":0.08011310084825636,"LabelLongitude":146.63947200783178,"LabelLatitude":-19.599752316129198}},{"type":"Feature","geometry":{"type":"MultiPolygon","coordinates":[[[[146.6158090916856,-19.0268904581866],[146.61615703129908,-19.02715787784173],[146.6165396704139,-19.027125143152972],[146.61671522941066,-19.02731204136027],[146.61693518313004,-19.027653120795506],[146.61721331092704,-19.028567569013052],[146.6177880965445,-19.02878421283147],[146.6181229425132,-19.02863009282084],[146.61839383566445,-19.028600557611753],[146.6187787820098,-19.028890732947705],[146.61919855775233,-19.028705163973864],[146.61931336582293,-19.028489585051908],[146.61975516944707,-19.028474227256968],[146.62035500547591,-19.02833186381996],[146.6205184473095,-19.028417152067412],[146.620739254393,-19.029098129227883],[146.62098875454987,-19.029572649047246],[146.6214277772243,-19.0298255146059],[146.62192818460258,-19.029950090908194],[146.62214865311978,-19.030237844057122],[146.6220478764255,-19.03067902040797],[146.62189482685713,-19.031249244608066],[146.62194350042495,-19.031866596365354],[146.6218752994826,-19.03227350572482],[146.6215481836288,-19.032747024386335],[146.62102349379995,-19.033181465761295],[146.62037667782775,-19.03353692903103],[146.61987209930626,-19.033696117201572],[146.61935195984069,-19.033719266653893],[146.61906079674355,-19.034216261874036],[146.61856036670093,-19.034300995044216],[146.6178288608619,-19.034913662093956],[146.61745755297676,-19.035464171489252],[146.61721909441732,-19.035849307247556],[146.61720510451264,-19.03618999166006],[146.61750444461975,-19.03643796788918],[146.6175043779046,-19.036550113972016],[146.61708359757006,-19.036791356499926],[146.61643864147334,-19.037117618263295],[146.61604266116424,-19.037239072759338],[146.61584075336128,-19.037224283320676],[146.61557747934737,-19.037075159248577],[146.6153011155849,-19.03683716903282],[146.6149446533014,-19.036635251776787],[146.61436266583092,-19.036482108400275],[146.61385530091994,-19.03627824720179],[146.61335761216245,-19.036082267492993],[146.61286987019258,-19.035818345399424],[146.61246286852085,-19.035853099645905],[146.61178594159142,-19.035990123445426],[146.61138679217518,-19.03596217166049],[146.61106423511103,-19.035808759251946],[146.61063801690267,-19.035856202825418],[146.6103514366681,-19.035964680963318],[146.61023263232565,-19.035812690936204],[146.61006317253663,-19.035332804314443],[146.6097002286985,-19.034939991678314],[146.6088976478794,-19.034803816384564],[146.60819840959346,-19.03489215816708],[146.60768174917055,-19.03500999488038],[146.60535201147232,-19.036469845210856],[146.60476036920542,-19.036830847539623],[146.60470652068204,-19.036952973251253],[146.6046102223746,-19.036922211418137],[146.6044709110556,-19.03695247790369],[146.60423492991222,-19.037104787151527],[146.6040277323802,-19.03726551746549],[146.60370283748708,-19.037470531734417],[146.6032207763716,-19.037628466017633],[146.6027487534677,-19.037692909842924],[146.60198844426583,-19.037776478331665],[146.60159155283523,-19.037557909839943],[146.60131252691124,-19.0373923376717],[146.6010776600209,-19.03719600652512],[146.60081545636768,-19.037308544039558],[146.60055754511998,-19.0373665583318],[146.600482227892,-19.036967273405462],[146.60062234079825,-19.036757030341676],[146.60094302053503,-19.036666571458266],[146.6012229541088,-19.036741870779647],[146.60140541494843,-19.03658203015433],[146.60121062072963,-19.03601268244573],[146.60082487697213,-19.035513658310556],[146.6002727282445,-19.03534435818022],[146.59937944404533,-19.03534837866929],[146.5987813656815,-19.035390324900934],[146.59833091394324,-19.03540173632347],[146.59809593747323,-19.03540369244913],[146.59967465760383,-19.033804712659744],[146.60010298803513,-19.03315558357972],[146.59995213110673,-19.032301576666548],[146.5999009930907,-19.031556786607887],[146.59975582106193,-19.031067815592188],[146.59940110490015,-19.03109804536489],[146.59922570307873,-19.03097104986102],[146.59928262571538,-19.030574337556878],[146.59979231521487,-19.03031246063797],[146.60050449859244,-19.030089510863238],[146.60123024377256,-19.029721816133357],[146.60194533935447,-19.029511157982462],[146.60234405996334,-19.029392550033226],[146.60238970760946,-19.02957764557925],[146.60302492515,-19.029629530994583],[146.60348054361225,-19.029885004928243],[146.60389348467422,-19.03030170537321],[146.6042404036174,-19.030709949011875],[146.60473276992138,-19.030657862617957],[146.60478897318242,-19.03068030543906],[146.6048527227852,-19.03088712908568],[146.6057247117936,-19.030993745502908],[146.60650842255626,-19.030659863470245],[146.60684463377618,-19.030416024810208],[146.60716921785905,-19.030347849561064],[146.60751727024484,-19.03051975927548],[146.60781953781387,-19.0306476489693],[146.60801461105459,-19.03117811161645],[146.60861223106104,-19.031340878517625],[146.60911558278988,-19.031224013969986],[146.6092750807861,-19.030921956973746],[146.609168342178,-19.030687750616277],[146.6093488887487,-19.03048705734945],[146.60981270007582,-19.030246555707798],[146.61019259934235,-19.03017379243503],[146.6103357170059,-19.030171030618277],[146.61046256516258,-19.03037653047628],[146.61120038783483,-19.0302005972965],[146.6121626515861,-19.029861915291207],[146.61271776587162,-19.029626758287254],[146.61296476285094,-19.02933021342971],[146.61300007870477,-19.029098746808636],[146.61337204777917,-19.028796416993274],[146.61371978290694,-19.028654803738814],[146.61401087469716,-19.028191164945227],[146.61414361955886,-19.027704321153063],[146.61431143469392,-19.027086967636237],[146.6142473276996,-19.02579936094145],[146.61425147470607,-19.02552589489577],[146.61443602604112,-19.025314169936717],[146.61499968847573,-19.025279113750155],[146.61547686021228,-19.025338670232365],[146.61559267366886,-19.025472033545746],[146.61557633648215,-19.02575405992363],[146.61545828920015,-19.026178567741397],[146.6158090916856,-19.0268904581866]]],[[[146.62721312905364,-19.02263141021376],[146.62723382065064,-19.022641935461333],[146.62725834338693,-19.022638912164908],[146.62729469078457,-19.02265977174262],[146.62735657516123,-19.0226915278177],[146.627400249212,-19.02270797376592],[146.6274317414137,-19.02273289040946],[146.62745254269186,-19.022775227896766],[146.6274759468914,-19.022805098861355],[146.62750699481617,-19.02281618720318],[146.6275249982281,-19.0228390883924],[146.62752790346764,-19.022857259646774],[146.62752121783333,-19.02287251956856],[146.6274840809782,-19.0228647628361],[146.62744751809078,-19.022855290125904],[146.6274185012937,-19.022828209472276],[146.62739614118033,-19.022803130486885],[146.62737251351192,-19.0227882613319],[146.62735224361987,-19.022801686356853],[146.62733576356112,-19.02282008965274],[146.6273183937082,-19.02281137861686],[146.6272907807253,-19.022793970912016],[146.62726312785279,-19.02279445739639],[146.62724891201344,-19.022820185635403],[146.62723269585197,-19.0228480788416],[146.62719221064296,-19.02285043731073],[146.62715537641293,-19.022834818487624],[146.62713383644427,-19.022821218765646],[146.62710552457568,-19.022776335587395],[146.6270518842917,-19.022669675090874],[146.62699940456562,-19.022596546090192],[146.626986014368,-19.022550337380224],[146.62699284667863,-19.022511941743062],[146.62702528975493,-19.022493932191644],[146.62706983243174,-19.022504324836802],[146.62713191965258,-19.022530297387647],[146.62715287070347,-19.022552300807963],[146.62718185234286,-19.022595106702912],[146.62721312905364,-19.02263141021376]]],[[[146.63335183580915,-19.022252320276817],[146.63420182488434,-19.02228789517138],[146.63471838814306,-19.02227979794584],[146.63499394774885,-19.022409398108106],[146.63502787656083,-19.022668028513706],[146.63556802855814,-19.02320791122064],[146.63591321000567,-19.023575062907362],[146.63629476033432,-19.02373180173385],[146.6362937866666,-19.02421864187983],[146.63663714441861,-19.02476635824272],[146.6365249265258,-19.025371018594686],[146.63643489508632,-19.025910643323023],[146.63676297175002,-19.026495563911144],[146.6370139590485,-19.026961037292185],[146.63679409519833,-19.027124084892844],[146.63676951436716,-19.0274596898927],[146.6362900197336,-19.027762217427842],[146.63605920215235,-19.028106453745885],[146.63607259172343,-19.028547058909552],[146.6366374608005,-19.029048758477373],[146.63736180841482,-19.029545889157703],[146.63826240892925,-19.02991963863118],[146.63895030973666,-19.030528033971617],[146.63987235015716,-19.030530384780576],[146.64074607473827,-19.030419568693237],[146.6411955844196,-19.03079586058418],[146.64201832189815,-19.030842743531913],[146.6426207209533,-19.030746214198714],[146.6428148619945,-19.031009039106856],[146.64282498863776,-19.031512990584275],[146.64311999102011,-19.03184849101247],[146.64307318331112,-19.03244748845049],[146.6431350919352,-19.03260449931163],[146.6433920891183,-19.032537403996145],[146.6435142350189,-19.032833428571728],[146.64317991767908,-19.032880139727435],[146.64262265533182,-19.03275651385175],[146.64217733623659,-19.032722484176045],[146.64156654655125,-19.032828656759044],[146.64110663759703,-19.033039332052052],[146.6406400530448,-19.033079265542714],[146.6401260446439,-19.032816628973173],[146.63985299584886,-19.03261456034533],[146.6393814060393,-19.03260080712954],[146.63893434565662,-19.03244964009824],[146.6385492758795,-19.032455475454473],[146.63817160915517,-19.032641089642983],[146.63771343865236,-19.03296869619123],[146.6372977958149,-19.03304939895792],[146.6369737571948,-19.03300493055569],[146.6368371055587,-19.033350156926705],[146.6364214019259,-19.03333153535421],[146.63615411991552,-19.033489707777417],[146.63589889458595,-19.03317786274537],[146.635069366864,-19.033059452309864],[146.63409805220456,-19.033034304631066],[146.63314702908744,-19.033025360244885],[146.63236924210668,-19.032758292144383],[146.63221933367134,-19.032266172662418],[146.63192159902212,-19.03210227196172],[146.63142954956422,-19.03227055442532],[146.6306251679782,-19.03281706356369],[146.62979372237882,-19.03317662831314],[146.629227095207,-19.033252030559964],[146.6290557494324,-19.033131487788758],[146.6292214367167,-19.03259445947017],[146.62987242804988,-19.03142089823986],[146.63013831586738,-19.030352393124232],[146.63046018183562,-19.02927902878807],[146.6309505715661,-19.02899380005555],[146.63183648439318,-19.028313967427284],[146.63310081633247,-19.02706100916926],[146.63360406583746,-19.026414027033628],[146.6335805698052,-19.02586612635758],[146.63307691063338,-19.025016504431598],[146.63252421628906,-19.02404505734771],[146.6322656685765,-19.023399897123284],[146.63242975797476,-19.0225473621962],[146.6329226406797,-19.022288965025822],[146.63335183580915,-19.022252320276817]]],[[[146.62828193616463,-19.022548077057856],[146.62827767679582,-19.022583314792193],[146.6282355993848,-19.022575277148942],[146.62820744872403,-19.022585975163576],[146.62818460426195,-19.022603461983262],[146.6281451013108,-19.022591452992824],[146.62812203415308,-19.02253817563063],[146.62810705238533,-19.0224811187791],[146.62810995459554,-19.022415241148906],[146.62811768345898,-19.022358139617484],[146.62810982378113,-19.022303175723334],[146.62811307652538,-19.02225058394148],[146.62812114044056,-19.022213727112604],[146.6281110969111,-19.02216228345392],[146.6281207532887,-19.022135732594023],[146.62813333083758,-19.022120213377082],[146.62815570871712,-19.02214158693068],[146.6281656690955,-19.02218769828711],[146.62817422103203,-19.02227321036719],[146.6281801001277,-19.022321482514943],[146.62820178594995,-19.02235496493843],[146.62823432486434,-19.022379250926594],[146.6282364410542,-19.02241043460358],[146.62825257076935,-19.02246405949955],[146.62827771379108,-19.02252393840592],[146.62828193616463,-19.022548077057856]]],[[[146.6279007809533,-19.022133120868663],[146.62790211284616,-19.022217805047845],[146.6278849918856,-19.022225362089706],[146.6278618514358,-19.022205071470054],[146.62782778440325,-19.0221843069702],[146.62781019517053,-19.022188790307816],[146.62777754664506,-19.022171101409718],[146.62776232970768,-19.022134378460997],[146.6277522540533,-19.02209314710917],[146.6277563387657,-19.022051040524847],[146.62778020409652,-19.022044491203403],[146.62779514817748,-19.022033043656464],[146.62780912010228,-19.022031445040017],[146.6278395402375,-19.02206837934855],[146.62789214508464,-19.022085385413053],[146.62790739543505,-19.02210710614707],[146.6279007809533,-19.022133120868663]]],[[[146.68439176394656,-18.996225520070336],[146.68442852588836,-18.996228926672842],[146.68446910605002,-18.99622285031902],[146.68453207923906,-18.996232176021678],[146.684557754831,-18.996270268008175],[146.68460643847737,-18.996299903882612],[146.68461702256346,-18.996330107442294],[146.68464709343067,-18.99635501203969],[146.68463472175756,-18.996416356128524],[146.68464928687885,-18.99650196684069],[146.6846571501493,-18.99656433954781],[146.68463672911605,-18.996611661667497],[146.68460304227344,-18.996640163006102],[146.68457101415294,-18.99664553095993],[146.6845503351357,-18.996628053177673],[146.6845221267733,-18.996623124793125],[146.68451249156627,-18.996643985176366],[146.6845116538437,-18.996685195114758],[146.68453749397415,-18.99673684375413],[146.68453738192989,-18.996796310841724],[146.68448392521393,-18.996829026114156],[146.6844277505281,-18.99684194443482],[146.6843619815453,-18.996803603293017],[146.68431706090243,-18.996743336377605],[146.68430163396033,-18.99671176890296],[146.6842697163345,-18.996708912794844],[146.68425406708283,-18.996744855660975],[146.6842619646424,-18.9967889725282],[146.68421326069858,-18.996820430570434],[146.68412951181216,-18.996844779466358],[146.68406091922782,-18.99684772610108],[146.68400252604152,-18.996827924464956],[146.68395771775002,-18.996808869020324],[146.68393252611097,-18.996816417558552],[146.68386977428705,-18.99684071182519],[146.6838243302492,-18.996856449944385],[146.68377417314747,-18.996852387698212],[146.68374477267724,-18.996824682456875],[146.6836969824392,-18.996825052649264],[146.68367658005602,-18.99686234297626],[146.68364490594482,-18.996881448494932],[146.68359219692636,-18.99687033252432],[146.68356208650016,-18.996866394874637],[146.68350835138273,-18.996895494354344],[146.6834826412557,-18.99687574845395],[146.68347581421355,-18.996823318814496],[146.68350239260897,-18.9967807972777],[146.68355976090808,-18.99673959365541],[146.6835887154461,-18.996701594958743],[146.68357267362995,-18.996643546264828],[146.68354987135487,-18.996593348702262],[146.6835304112389,-18.99653927069352],[146.68353972887496,-18.996485422652906],[146.68359051211354,-18.996404442404238],[146.68363943883537,-18.996355641789133],[146.68370316176296,-18.99632014265797],[146.68375074603645,-18.99627783773777],[146.6837897815796,-18.99623443368685],[146.6838793992258,-18.99622148231726],[146.6839740877787,-18.996240080720384],[146.68404714189546,-18.996244091631848],[146.68410350301406,-18.99623298125811],[146.68414393459895,-18.99620494340127],[146.68418173985927,-18.996158916267365],[146.6842350271935,-18.99611517494034],[146.6842905596372,-18.99608499379914],[146.6843439387987,-18.996093309062267],[146.6843673406006,-18.996127962915455],[146.6843863422159,-18.996178425027075],[146.68439176394656,-18.996225520070336]]],[[[146.68654437835627,-18.995853766918195],[146.68651182904014,-18.995883897304473],[146.68647262737247,-18.995864219333917],[146.68642578765463,-18.995864501469363],[146.6863694088186,-18.995834491524143],[146.68635578875433,-18.99580184276634],[146.68633152947646,-18.99576827221517],[146.6863054083331,-18.995764974406057],[146.68627761888743,-18.995744411982272],[146.68627575784055,-18.995723532011453],[146.68628540987652,-18.995693543600968],[146.6863271326334,-18.995680961714378],[146.68639694733133,-18.99568975612362],[146.68645597315103,-18.995726819859936],[146.68650204735076,-18.995729428445905],[146.6865292695063,-18.99575360490841],[146.68655680656772,-18.99581257659363],[146.68654437835627,-18.995853766918195]]],[[[146.64252328421622,-18.961577154583892],[146.64249612420008,-18.96188600679595],[146.64248577588677,-18.96237373615351],[146.64264248970576,-18.962739066380802],[146.642861246947,-18.962963710516135],[146.6426890528064,-18.963131839121584],[146.64208446371848,-18.963300669324052],[146.64166295585338,-18.963318734251015],[146.64136607100062,-18.96356054785371],[146.64120321443522,-18.96402520708204],[146.64111572322238,-18.96429408641639],[146.64076719490487,-18.96438704041285],[146.6404331090794,-18.964433658990917],[146.6400591549764,-18.964555835023823],[146.6396707806106,-18.964625031080264],[146.6395410497452,-18.96434768661198],[146.63906205028883,-18.964154163440643],[146.63849822932266,-18.963959027579328],[146.63807936958872,-18.963805474922978],[146.63754006795193,-18.963869663122512],[146.63725079150004,-18.964191919333203],[146.63698787015377,-18.964493892149633],[146.63666387996926,-18.96474693288899],[146.63651877492714,-18.9649036310038],[146.63619564398508,-18.9650663962379],[146.63584714647413,-18.965060099358755],[146.6354970192808,-18.964837719242535],[146.6346008098408,-18.9646077554034],[146.6339571827181,-18.964464504828978],[146.6334383186127,-18.964346532954295],[146.6330397959615,-18.964407642527537],[146.6326378912676,-18.964234590052598],[146.6324327285713,-18.964053883627642],[146.6324438871039,-18.963773379483353],[146.63208603222668,-18.963569595071657],[146.63161043374643,-18.96361022305305],[146.63120671065576,-18.96361773459833],[146.63094982382475,-18.963287984411533],[146.63119250068036,-18.963168177443507],[146.6316588642406,-18.963227397346785],[146.6320226380018,-18.963196307787285],[146.6324289204649,-18.963017365780782],[146.63259007506105,-18.962733182512714],[146.63248672371927,-18.962435370246123],[146.63246472065106,-18.96220288018276],[146.63269037666046,-18.96200324468986],[146.63296500062657,-18.962124078916858],[146.63312694938165,-18.962344645303336],[146.63359915892863,-18.962466502277525],[146.63389349370178,-18.96239622938272],[146.63416051503359,-18.962436612408286],[146.63424955601806,-18.962681435347417],[146.63465067541398,-18.962647160777216],[146.63522638131212,-18.96257085186777],[146.63574443131637,-18.96258063729547],[146.6360828373894,-18.96238040582701],[146.6362432447144,-18.962087270591773],[146.63655700957332,-18.96212358462376],[146.6369334674575,-18.962028162685197],[146.63719729084735,-18.961834380437473],[146.63756441252175,-18.961839075303214],[146.63814438747457,-18.961807492593426],[146.63845991859517,-18.961464960520527],[146.6383574546782,-18.96127533291708],[146.63846428692105,-18.96111286489743],[146.6389095426354,-18.961047848976186],[146.63919021728407,-18.960834476055688],[146.63932853583003,-18.960606284249184],[146.63988225935043,-18.96049583722096],[146.64024772946902,-18.960383486821648],[146.64050548424265,-18.960226109417547],[146.6406174954694,-18.96021656605679],[146.64106853211126,-18.960511523063275],[146.64147791515404,-18.960963381238393],[146.64205352598276,-18.961283791680028],[146.64252328421622,-18.961577154583892]]],[[[146.20943903038057,-18.919573906866354],[146.20995757430967,-18.92054002716038],[146.21092498101694,-18.922742799762347],[146.2124823708863,-18.924093046285414],[146.2144981215966,-18.92523225269717],[146.22167642610182,-18.930788655110042],[146.22344559175275,-18.93188816331538],[146.22594309512144,-18.933106830689084],[146.2466664816293,-18.94230761808272],[146.25089140196405,-18.942838165048393],[146.25512983598543,-18.94340351799618],[146.257845987602,-18.944722306245854],[146.26216808290098,-18.951827444463852],[146.26524806010872,-18.9502093754798],[146.2725981312137,-18.950934777574734],[146.2765611486678,-18.952378579195948],[146.27675428920944,-18.95244892792185],[146.2780355196927,-18.951454917559914],[146.27831965453495,-18.95123464939825],[146.2810879735778,-18.949089307324797],[146.28175205367754,-18.949875240904447],[146.28228290125824,-18.950379853562513],[146.28261766188004,-18.95065955722067],[146.28307105886347,-18.951006467622037],[146.2831976915361,-18.951142587108876],[146.28402201241843,-18.9515314515993],[146.28487382043932,-18.951867668562148],[146.28555772731278,-18.95205901953012],[146.28570742583278,-18.952100905261606],[146.28578876632952,-18.95211864229899],[146.2873825294574,-18.952466172518346],[146.28738356526333,-18.95227813092096],[146.28769123608365,-18.952250087031057],[146.28768644867955,-18.951542954651536],[146.28780074737924,-18.95034500054968],[146.28783586267846,-18.94942215919016],[146.28796667365864,-18.948862690714368],[146.28815357171155,-18.9481409579094],[146.28833072925417,-18.947895112600154],[146.2897548052356,-18.945745095213095],[146.2909503007983,-18.943857607664892],[146.29132273991178,-18.94216134941739],[146.29026318091687,-18.939859338903236],[146.2895800372957,-18.93826045736399],[146.2897119028667,-18.937065983071708],[146.29053068677717,-18.93480465636499],[146.29226015165702,-18.93433833553164],[146.29316347196277,-18.934319475084727],[146.29540221405995,-18.936124604589672],[146.29716194711324,-18.937376805151196],[146.298224831073,-18.937902212406104],[146.29925984035157,-18.937819231977855],[146.30188433082782,-18.93586946998992],[146.30379294644973,-18.935048443950304],[146.3050382181549,-18.934912610727434],[146.30526956782202,-18.934868047006166],[146.30551861379416,-18.93479963674135],[146.30574761414852,-18.934716800023395],[146.30601944934347,-18.934605439087782],[146.30619822143638,-18.93451763323553],[146.30633669509314,-18.93445120322031],[146.30645005004496,-18.934382284345347],[146.30652062916843,-18.934327556640817],[146.30663413163143,-18.934225155284487],[146.30673016464195,-18.93409161860627],[146.306800950738,-18.933986671704446],[146.30687187444545,-18.933850646270265],[146.30693026382085,-18.933705003565237],[146.3069458673594,-18.933578332839836],[146.30695911239926,-18.933411003862723],[146.30696472750375,-18.93326995374728],[146.3069304692236,-18.933045060958335],[146.30683920246514,-18.93263345398618],[146.306762829782,-18.932264937876464],[146.30671652046982,-18.931918051685756],[146.30666045033954,-18.931499400539867],[146.3065149906742,-18.93082456241075],[146.30643167119302,-18.93031255419357],[146.30638077347962,-18.929860448365677],[146.306366502216,-18.929664323330936],[146.3063848496061,-18.929480276456328],[146.30644354323644,-18.929262906461137],[146.3065047240504,-18.929050326425937],[146.30662632564466,-18.928809278899703],[146.30671996708438,-18.928644645058785],[146.30682119748298,-18.928470469080196],[146.3069449503029,-18.928315508957454],[146.30709899167795,-18.92812958278691],[146.3072932606606,-18.927936622019974],[146.30743960352956,-18.927788921406446],[146.30761619572007,-18.927617420998622],[146.30780539101667,-18.927434011153593],[146.30803999399896,-18.92721012091719],[146.30820387364963,-18.927074441290323],[146.30830211303316,-18.9270126402924],[146.3083927725717,-18.926962758219418],[146.308506032691,-18.92691775003488],[146.30864940469013,-18.92688002950492],[146.30880535016024,-18.92683996081802],[146.3089914759941,-18.926792828794355],[146.30924033165923,-18.926767456737537],[146.3095117686454,-18.92674933487839],[146.30972032792403,-18.926747724789518],[146.3099288679161,-18.926748500224793],[146.3101448891666,-18.926763645325575],[146.31039102181472,-18.926790867354455],[146.31067477730483,-18.926832570883153],[146.31091581829634,-18.926874115407273],[146.31119457041285,-18.92690862400616],[146.31148841239184,-18.926943188165396],[146.31178983408364,-18.926965823700325],[146.31200077353552,-18.926995298945855],[146.31218663457955,-18.927012724754157],[146.31237507087883,-18.927015817818717],[146.31261128461833,-18.92700951720164],[146.31284001685756,-18.926988846485205],[146.31311902344262,-18.92696357180403],[146.31342066031613,-18.92693360874968],[146.31376505085706,-18.926894232836432],[146.31400131322945,-18.926875974352107],[146.31423749774675,-18.926874461288232],[146.3144786371275,-18.926894474861744],[146.31470465754452,-18.926921616911173],[146.31487288285865,-18.926950931193307],[146.31506868400083,-18.926997084061647],[146.31524188434537,-18.927038372645296],[146.3154200694284,-18.92708924085904],[146.31562326499568,-18.92717128924573],[146.3157888476956,-18.927231672048084],[146.3159769438875,-18.927318445096212],[146.3162024785776,-18.92746753213591],[146.31640534461442,-18.927628482658985],[146.31660333326607,-18.927753546183467],[146.31678622220826,-18.927885729493486],[146.31708651964993,-18.928185723494728],[146.31736684035974,-18.928454564468087],[146.31755226687713,-18.9285795808113],[146.31775293909124,-18.928664003486436],[146.31811178231348,-18.928780095277332],[146.3184078554022,-18.92888161376277],[146.31868394069795,-18.92895914585389],[146.3190303862746,-18.929032145976947],[146.3193592637976,-18.929102695198967],[146.3195953159592,-18.929137034717773],[146.31978364876207,-18.929164032508773],[146.31993941971655,-18.929169384069926],[146.32011271067964,-18.929189150835153],[146.32029099636358,-18.929216102271106],[146.32047943556714,-18.92921918718851],[146.3206678458176,-18.9292294383479],[146.32086129907418,-18.92923492706544],[146.32104475347361,-18.929226036886142],[146.32124328819316,-18.92921958751268],[146.32146190804264,-18.929213211360725],[146.3216931012758,-18.929206880905024],[146.32194188201873,-18.92920062345507],[146.32220824068722,-18.9291968157024],[146.32242938674216,-18.92918805276266],[146.3226279311857,-18.929176821233714],[146.32310352966377,-18.929668194852372],[146.3231692147813,-18.929735084157738],[146.32324555828492,-18.92980829319879],[146.32332188740955,-18.92988508994675],[146.3234120004529,-18.929970296376613],[146.3234983434127,-18.93005549805877],[146.32357970609203,-18.930129918181446],[146.32366852733443,-18.93022469023458],[146.32373733578956,-18.930296678703357],[146.32384742846824,-18.930413045887075],[146.32395750216853,-18.930531807811274],[146.3240902305952,-18.93064228368998],[146.32416777558518,-18.930728645946925],[146.32423400525576,-18.93081855475903],[146.32431899940627,-18.930927654699385],[146.32437263164843,-18.931023500258718],[146.32444011992916,-18.931112211628154],[146.32450386209032,-18.931194944750782],[146.3245888613967,-18.93130285167449],[146.32466381348348,-18.93140832712515],[146.32477125158104,-18.931559360066544],[146.3248386633808,-18.93166721192273],[146.32491982092932,-18.93179303463562],[146.32498601779648,-18.9318913115693],[146.32505849204742,-18.931989611312513],[146.32515723295487,-18.93211669983404],[146.3252660263063,-18.932242631939847],[146.3253586246201,-18.932336214998514],[146.3253997465295,-18.932418865587636],[146.32542597960523,-18.932456022731547],[146.32550620111041,-18.932502937533837],[146.32559746942894,-18.93261326167549],[146.32565494502998,-18.93269356773602],[146.32572233386784,-18.93280739282759],[146.32577594830556,-18.932908018643197],[146.32582587406904,-18.932990692093394],[146.32591331032754,-18.933116537203688],[146.32599948350105,-18.93324478159633],[146.32608699182023,-18.933355091850824],[146.32618824625848,-18.9334809870226],[146.3262570138836,-18.93356612365453],[146.3263570533317,-18.93368245291197],[146.32643329454595,-18.933781967773196],[146.3265107655188,-18.93388745165577],[146.32659451871677,-18.933991774426882],[146.32667704713023,-18.93409130297275],[146.3268158084629,-18.934263966149505],[146.32691583433473,-18.93438388285963],[146.32702597493468,-18.934489494081944],[146.32710978616373,-18.934581851516597],[146.32717731085685,-18.93465980773512],[146.32725618457962,-18.934730629499576],[146.32731626932565,-18.93478584807378],[146.32737631105843,-18.93485182080608],[146.32743885042086,-18.934920197445656],[146.3275027103576,-18.93497422769141],[146.32757649354204,-18.935061767869698],[146.32764395643898,-18.93515526777936],[146.32769891238738,-18.935236766059774],[146.32773256733626,-18.935303835985827],[146.32775386832373,-18.935356256942423],[146.3277948630068,-18.935435571818807],[146.3278783547095,-18.935605648151938],[146.32792439246302,-18.93571819317954],[146.32797417184557,-18.9358379273285],[146.32800878890384,-18.93597793133326],[146.32803220994558,-18.936089201499552],[146.3280455018941,-18.936223154634284],[146.32805260261142,-18.936330777897535],[146.32805403681218,-18.936463712059442],[146.3289429387026,-18.937677704531737],[146.32905323553146,-18.937745051438696],[146.32914341960733,-18.937814241451214],[146.32921749288417,-18.937889111826458],[146.32927550486738,-18.937962017245166],[146.32933145589567,-18.938044467573626],[146.32991351551698,-18.9389237358503],[146.33015513236617,-18.939207637178406],[146.33025094679223,-18.939441867269068],[146.33055217946082,-18.939942570165687],[146.3306280253013,-18.94077413566418],[146.33071007423902,-18.941438696953544],[146.3307801463311,-18.942198892356508],[146.33094434748983,-18.9429091982116],[146.33109584798729,-18.943649073173685],[146.33112745091003,-18.944193916499955],[146.3312597802733,-18.944902118873074],[146.33137031830995,-18.94577134058027],[146.33143179795496,-18.946424503506968],[146.33164202314464,-18.947163080379884],[146.33182113659242,-18.9478894530662],[146.33196341142718,-18.948684592830542],[146.33216722759144,-18.949361810182065],[146.33244791467604,-18.950100314532442],[146.3327804302908,-18.95077288848496],[146.33314121775956,-18.95156414126987],[146.33359426151844,-18.952544621539936],[146.33388794774646,-18.95309780754141],[146.33417978471522,-18.953605257989434],[146.33445712111052,-18.953954305310486],[146.33481036852152,-18.954216812843182],[146.33515713219458,-18.9547736305627],[146.336059531794,-18.95586559097214],[146.3364729216158,-18.95652856149953],[146.33687965548478,-18.95697062798246],[146.33735236687312,-18.95732361437464],[146.33764637899415,-18.957549159496168],[146.338380921057,-18.95797997673682],[146.3388695491443,-18.95816880035192],[146.339444787076,-18.958332762649118],[146.34010217813395,-18.958607622602575],[146.3406406269782,-18.95889847786192],[146.3416098852895,-18.959095239300176],[146.3423517358475,-18.959330681746017],[146.3433545743456,-18.959384620111894],[146.34431003462723,-18.959516584830876],[146.34524353057273,-18.95965729646763],[146.34579150988966,-18.959745871723875],[146.3462779680359,-18.959810189280528],[146.34690245624347,-18.959901751340496],[146.3476144655345,-18.959956232266993],[146.348608465012,-18.959961816103547],[146.34973602731245,-18.96013520626273],[146.3507387286315,-18.9603322907777],[146.35140069323737,-18.960453304033884],[146.35167691411084,-18.960513383257734],[146.35162548843132,-18.960727449787612],[146.35197055283672,-18.96057658661174],[146.35197772290172,-18.960574460813397],[146.35198733994594,-18.960573274408986],[146.3520200142756,-18.960573388652453],[146.35205012997318,-18.960584257327717],[146.35213420796086,-18.96061443749711],[146.35223836600827,-18.960649477564132],[146.35232249457428,-18.960664113729568],[146.3524091586746,-18.960673978003424],[146.35251209533456,-18.960700645142825],[146.35259992123332,-18.96073682086836],[146.35267643465411,-18.960772948003655],[146.3527567693948,-18.96079355339327],[146.3528459229819,-18.960810601748786],[146.35292379167336,-18.960820444108762],[146.35301427285907,-18.960818365126315],[146.3530972261395,-18.96081268106558],[146.3532141770417,-18.96079156248403],[146.35328714095238,-18.96077029937625],[146.35337648321342,-18.96073594416126],[146.3534457453645,-18.96069672909877],[146.35351881977263,-18.96064677295948],[146.35359828340836,-18.96057053158894],[146.35368025453639,-18.960494298926374],[146.35375844552175,-18.960420447919862],[146.3538038424022,-18.96037757074028],[146.3538770040629,-18.960304895063707],[146.35392124840763,-18.960235706347213],[146.35397805900897,-18.96016656142146],[146.35401089897198,-18.960123640416597],[146.3540626158534,-18.960072407648802],[146.35411172818374,-18.96004388548236],[146.3541570561316,-18.960021332786845],[146.35419728097574,-18.960016683202397],[146.35424250768537,-18.960020428585338],[146.3543052743736,-18.960034998453477],[146.35437299700868,-18.96006990134593],[146.35446207220158,-18.960107273464683],[146.35452347936302,-18.960149338935018],[146.35458234683708,-18.96019975501536],[146.35464863615923,-18.960278890251434],[146.35471493041888,-18.960359227438783],[146.35480497919647,-18.960469524513684],[146.35489246039663,-18.96059297991072],[146.35498622509022,-18.960717641019393],[146.35506752008422,-18.960817153155045],[146.35516633263305,-18.96093585810747],[146.35524013665588,-18.9610221948792],[146.3553138767335,-18.961127663299596],[146.3554076512,-18.961249938398808],[146.35549898222393,-18.961353073055633],[146.35559659214158,-18.961458615341343],[146.35567916458453,-18.96155215802646],[146.35577677931133,-18.961656507318143],[146.35589061633246,-18.96178842239255],[146.35597570621948,-18.96188196466326],[146.35605829743085,-18.961970726535775],[146.3561333243446,-18.96206783060355],[146.35621088650706,-18.962157758820243],[146.35626208035617,-18.96224282373341],[146.3563257810752,-18.962343476178347],[146.35637567079016,-18.962441685758996],[146.35646933179112,-18.962591451323327],[146.35656310332675,-18.96271491877153],[146.35665318204758,-18.962818048534544],[146.35677213267093,-18.962929656022943],[146.35686354336045,-18.963012465491378],[146.35695617621573,-18.96310603350847],[146.3570437611777,-18.96320318080008],[146.35714515318665,-18.963306349585984],[146.3572465682094,-18.96340354476292],[146.35737180737914,-18.96351276977898],[146.35748572935384,-18.963623157430305],[146.35762974101075,-18.963753974144854],[146.35776375801007,-18.963868019087247],[146.35786896756005,-18.963959244414276],[146.35796785258123,-18.964060009202615],[146.35806554792836,-18.96414404183143],[146.35816318356038,-18.96424122343211],[146.3582445324328,-18.96432758518844],[146.35834475895808,-18.96440802960795],[146.35844746116405,-18.96449686009635],[146.3586077475631,-18.964642074573145],[146.35874302013306,-18.964758509017763],[146.35888706535587,-18.96487857055398],[146.35899612933616,-18.96494829085768],[146.35907760692479,-18.96500116961823],[146.35916405446926,-18.96506842575619],[146.35927308637287,-18.965144119426903],[146.3593858619252,-18.965227001571687],[146.35950370837793,-18.965300339745603],[146.35960021039756,-18.96536642848428],[146.35967536865707,-18.965430057576416],[146.35973668328575,-18.96549721756299],[146.35979042445055,-18.965575114752767],[146.35987031530027,-18.965712874783556],[146.35993391911413,-18.965839824166313],[146.3599789285775,-18.965900954113753],[146.36003903070696,-18.965957355463328],[146.36006153301295,-18.965987319439183],[146.36008895520226,-18.966044800820807],[146.36014271949097,-18.966116724356134],[146.36022526940658,-18.966217431572968],[146.3602853261273,-18.966285788999123],[146.3603641831077,-18.966368553459688],[146.36042929211408,-18.966429752688917],[146.3605043915261,-18.96650653048497],[146.36059703743408,-18.966597710955188],[146.36067216435129,-18.96666731318708],[146.3607372967601,-18.96672492459597],[146.3608136457297,-18.96680289950246],[146.36089259888374,-18.966860558537615],[146.360965213832,-18.966931344909916],[146.36103284498535,-18.96699135971384],[146.36110304310344,-18.9670358302009],[146.3611644544822,-18.96707789356315],[146.36119319521728,-18.967121028147687],[146.3612006051369,-18.967155729708],[146.36120928259362,-18.967186838803944],[146.36123555169496,-18.967218017587154],[146.3612882083597,-18.967249278298755],[146.36134968817683,-18.967273402852996],[146.36138855148852,-18.967297449433545],[146.3627753496016,-18.967922352967914],[146.36285195482884,-18.96793577470068],[146.36294987249602,-18.967960024041496],[146.36305527819832,-18.968001027068226],[146.36315438209223,-18.968045605209298],[146.36324595761704,-18.968086569626575],[146.36333753771657,-18.968126341095115],[146.3634316123683,-18.968172094728555],[146.36351062155686,-18.96821540168077],[146.36357326516014,-18.968263442137452],[146.36362837624205,-18.968311456700416],[146.36366966661498,-18.968359414741165],[146.36369705410615,-18.968426465970328],[146.36377415603172,-18.968639540494348],[146.3638388322224,-18.96881789629898],[146.36388855542492,-18.968959147916635],[146.36395821139757,-18.96914947709162],[146.3640687905406,-18.969482220520344],[146.36416704331413,-18.969751561252075],[146.36423669945333,-18.969939504483307],[146.36432373926132,-18.970182499148095],[146.3643821826605,-18.97034649122395],[146.36446298031325,-18.970579902970716],[146.3645201338772,-18.97075345201291],[146.3645673685731,-18.970889914194665],[146.36463953378404,-18.971080251722107],[146.36471788737728,-18.97129452306851],[146.3648023936107,-18.97154468441494],[146.36487074747075,-18.97174577217533],[146.36492658409088,-18.971933667764855],[146.36497615556,-18.972117954061837],[146.36504325550519,-18.972316651619067],[146.36511548520363,-18.97249025215488],[146.36519890620198,-18.97269617215291],[146.36524983161624,-18.97285416455379],[146.36531695527114,-18.973049265259263],[146.3653578711318,-18.973194074101382],[146.36542753491005,-18.9733832098331],[146.3654884746015,-18.97355079790955],[146.3655482148374,-18.973704030670266],[146.36563038257296,-18.973907560343914],[146.36570266781845,-18.974066809657753],[146.36575493844384,-18.9742008939063],[146.36583953802372,-18.97442714247936],[146.3658942944884,-18.97456960371357],[146.3659565120054,-18.97473360821605],[146.36604238407904,-18.974955080337317],[146.3661531019389,-18.975253156024372],[146.36621910425416,-18.975411190719274],[146.36629888331248,-18.975583623716023],[146.36637865798698,-18.975757258621467],[146.36644582873066,-18.97593801693359],[146.36651188171643,-18.976085297347876],[146.36657537236235,-18.976244516247327],[146.36663756352456,-18.97641331018805],[146.36668855008793,-18.97655574926132],[146.36674445793068,-18.97672571459923],[146.36680158415646,-18.97690763135712],[146.36685380681413,-18.97705486436434],[146.36693556533163,-18.9773248069678],[146.3670981915099,-18.977919680804995],[146.36728665268433,-18.978455430574297],[146.3673969715835,-18.97903652431779],[146.3677052990844,-18.97953993204739],[146.36821012079469,-18.98054410516663],[146.36855749802342,-18.981374983670598],[146.36888765493714,-18.9820118178804],[146.36917130177144,-18.98283835702281],[146.36945589466632,-18.98351266618063],[146.37003981112642,-18.98466948119536],[146.37043808477563,-18.98539224490956],[146.37095255895463,-18.98654930898642],[146.37136402955724,-18.987658666617975],[146.3720488668711,-18.988751382504407],[146.37227038359714,-18.98910047530004],[146.37313079808644,-18.99020025339331],[146.37380080127326,-18.99106865305329],[146.37437621154777,-18.99177828025253],[146.37484445203592,-18.992424680520315],[146.3753541253694,-18.993018071339932],[146.3758442844198,-18.99365588545683],[146.3765640653286,-18.994502311119266],[146.37736118964412,-18.995276605842676],[146.37800303540604,-18.995871817030437],[146.3785989544516,-18.996486455597488],[146.3792199588373,-18.997144808407505],[146.3800399419082,-18.99788469151167],[146.38013286236952,-18.997950260952862],[146.38019685301128,-18.997995417660213],[146.3805203507812,-18.99822368895407],[146.38105677264363,-18.998558887139925],[146.3816926347854,-18.99886989805001],[146.38244196137543,-18.99902773333582],[146.38327759502042,-18.99912596333913],[146.38369144383924,-18.99907235963944],[146.38392123618135,-18.99899268421102],[146.38457737160562,-18.9988666651579],[146.3854829389766,-18.99875829979467],[146.3861924293707,-18.998818556781096],[146.3868038114686,-18.99879448443988],[146.3872630220683,-18.998860911552526],[146.3878108931991,-18.998740405639072],[146.38835608184058,-18.998584191963246],[146.38915030319322,-18.998307690427687],[146.38970277653726,-18.998268683180918],[146.39046014468053,-18.998487026281143],[146.3908677684973,-18.998529651047576],[146.39123288155997,-18.99842731259807],[146.3916499060329,-18.998272646530538],[146.3923754757128,-18.997986461267693],[146.39284407661367,-18.997855512985236],[146.3932065497569,-18.997859584982688],[146.39354418948162,-18.99805476770131],[146.39401685264912,-18.998441819901682],[146.39453009925762,-18.998785814554232],[146.39514418315713,-18.99906561128213],[146.3955336436564,-18.999066359953886],[146.39603911913593,-18.999085100238187],[146.3963299249903,-18.999119875892994],[146.39656319809748,-18.999211651418666],[146.39687929374986,-18.999481541482037],[146.3971526838886,-18.99960649642269],[146.3973379278024,-18.99973368525686],[146.39748324176654,-18.999968676222572],[146.39768942323002,-19.000424067844992],[146.39816731329262,-19.001100663434727],[146.39859338684008,-19.00161137261399],[146.39893125272434,-19.001961770979342],[146.3992027510994,-19.00218387674661],[146.39949732777612,-19.00262052096613],[146.3998300578785,-19.003201333883098],[146.40025093494882,-19.003839376004297],[146.4005438748483,-19.00433665352076],[146.4008218143751,-19.00475164266608],[146.40099542432299,-19.00506299735212],[146.40100649739225,-19.00533784813342],[146.40135434306313,-19.006413101256072],[146.4018031291455,-19.00705116703617],[146.4021802866638,-19.007173947103553],[146.40266077576095,-19.007446907473557],[146.403069914451,-19.007578094318497],[146.4034623318477,-19.00770389433653],[146.40441358391718,-19.00791245010448],[146.40444527850363,-19.007878183354272],[146.4044959634817,-19.007831289390904],[146.40454087538086,-19.007802044729317],[146.4045985653277,-19.00777043727494],[146.40464486158788,-19.007752656329234],[146.40469729236344,-19.007733123808787],[146.40475610533792,-19.00770898472136],[146.4048165584789,-19.007699193074895],[146.4048607374665,-19.007705019703188],[146.40489970994665,-19.007716143495283],[146.40494149427747,-19.00773542796364],[146.40498544372156,-19.007776417926003],[146.4050207009203,-19.007822368499507],[146.40505052715622,-19.007875287421868],[146.40508408498795,-19.00792621206462],[146.40511215932227,-19.00797215758995],[146.40513931303443,-19.008015153992915],[146.40516975992375,-19.008080591541976],[146.4051938553667,-19.00813129594774],[146.40521386609365,-19.008173754240865],[146.40522991254608,-19.00821417542929],[146.40525310815406,-19.00826143372552],[146.40527003626843,-19.008291717904726],[146.40528648822496,-19.00832765789576],[146.4053059438069,-19.008363255089648],[146.40532417642626,-19.00840611433144],[146.4053399614608,-19.00844257633619],[146.40535671922655,-19.00848872040658],[146.40537704302227,-19.008534008361305],[146.40539303367433,-19.008568762974637],[146.40541155385023,-19.00860825222279],[146.40542622122732,-19.008657109790754],[146.40543986793617,-19.00869106158255],[146.40544905285842,-19.008721266627692],[146.40546366867116,-19.008771271762832],[146.4054840603008,-19.008829573623583],[146.405500171336,-19.00888928961341],[146.40551527928045,-19.008939847601095],[146.40552546720258,-19.008979246791764],[146.40554047938593,-19.00902467128805],[146.40555155952904,-19.009067001427574],[146.40556111429558,-19.009100090551655],[146.40557284049802,-19.00914243180377],[146.40558431056928,-19.009173963631632],[146.40560870640192,-19.009233796613792],[146.4056262710631,-19.009264137030858],[146.40564502511555,-19.009293993255238],[146.4056589183972,-19.009338799609942],[146.40567342574386,-19.009363201733834],[146.40569260973984,-19.009408440804688],[146.40571693955022,-19.00947618119029],[146.40572451699106,-19.009517605371073],[146.4057342889313,-19.00954841778663],[146.40574742145205,-19.009588070433974],[146.4057710336762,-19.009643852170488],[146.40578946559194,-19.009697547718964],[146.40580463291226,-19.009747482300234],[146.40581931320406,-19.009790086072464],[146.4058339807944,-19.009838943607953],[146.40585362030015,-19.009879014795374],[146.40587139808906,-19.009926960516992],[146.4058907319163,-19.009983550885988],[146.40590988683897,-19.010042363851717],[146.40592447772298,-19.010086078915034],[146.40593383139634,-19.01012767146393],[146.40595087286812,-19.010190336558832],[146.40597035863294,-19.01023893844248],[146.40598520864646,-19.010279256312035],[146.40600347526652,-19.01031531955397],[146.40606130754358,-19.010396343876245],[146.40611670178555,-19.010436159343367],[146.40615950492267,-19.010471126521786],[146.4061858888637,-19.01050364608392],[146.4062191724209,-19.010538392896354],[146.40624319118803,-19.01057608322347],[146.40627404122975,-19.01062454985705],[146.40629958817408,-19.010678747176378],[146.40632111875578,-19.010724147351276],[146.40633991226142,-19.010767062518994],[146.40636544320924,-19.010815069234027],[146.406386740805,-19.010856519357546],[146.40640289633643,-19.010895802097142],[146.4064181962866,-19.01093789268627],[146.4064320521837,-19.01098261752763],[146.40644547695948,-19.011025669085335],[146.40646419682656,-19.01107596747055],[146.40647832732225,-19.011104896006078],[146.40650465179996,-19.011156899731724],[146.40652258971397,-19.011202649844268],[146.4065440260192,-19.0112559121338],[146.40655917228688,-19.01130652438286],[146.40657287632888,-19.011359255765406],[146.40658290986119,-19.011394072495484],[146.40660182804115,-19.011442057956867],[146.40662914162527,-19.01149649587032],[146.4066539774977,-19.011544970255066],[146.4066751647448,-19.011588109965242],[146.40669626469554,-19.011631755481226],[146.40671803025668,-19.011661865269748],[146.4067355172699,-19.011692792759234],[146.40675517163794,-19.011726113045274],[146.4067761268522,-19.011751638321236],[146.40680172401875,-19.011791764672974],[146.4068284573226,-19.011833033364493],[146.40683967900608,-19.011897216048038],[146.40686182832047,-19.011939699101433],[146.40688940426708,-19.012016658746038],[146.4069158443964,-19.012087035596235],[146.40698128404767,-19.012182688301888],[146.40698687003407,-19.01219365941239],[146.40703292847644,-19.01227005473761],[146.4070521963661,-19.01230790143598],[146.4070713958646,-19.01234628111319],[146.4070960527286,-19.01239707744975],[146.40711804754,-19.012451019261587],[146.40714065013213,-19.01251309658053],[146.40716232472312,-19.012555523853063],[146.40718171387473,-19.01260474887506],[146.40719783610197,-19.012650845556156],[146.4072180133773,-19.012692174509755],[146.40723101267702,-19.012726684407745],[146.4072496465998,-19.012771858295636],[146.4072766837263,-19.012805220269822],[146.40730994077944,-19.0128556826558],[146.40732102017088,-19.01287428076333],[146.4074182436615,-19.012972421041454],[146.40746145612627,-19.013042300293616],[146.40751858916929,-19.013149512001064],[146.40755747181248,-19.013221284225242],[146.40760111531867,-19.013292899986627],[146.4076337934726,-19.013353952165193],[146.40766416253507,-19.013420437389154],[146.40769373279207,-19.01348980294468],[146.40771665529027,-19.013552866284186],[146.40773753663697,-19.01359935773058],[146.40776948391982,-19.01366827902389],[146.4077871547975,-19.013703743725298],[146.40780290075483,-19.013740792822645],[146.40782997064943,-19.013864274675342],[146.40785986233405,-19.013963663109646],[146.4078790640512,-19.01404177967392],[146.40789219999684,-19.014094120535805],[146.40792197037226,-19.014141905648817],[146.40797464187483,-19.01422663622997],[146.40800961257784,-19.01430313137473],[146.40804199722422,-19.014361299647778],[146.40811849381615,-19.01447968903611],[146.40822112209955,-19.01464044751416],[146.40830235350134,-19.01477954737651],[146.40836801222096,-19.014886307137512],[146.40847418542538,-19.015060406825256],[146.4085589199834,-19.015200457664864],[146.40864678612613,-19.01533898214448],[146.40881667609725,-19.01560774318122],[146.4088898710397,-19.015730423453103],[146.40897172060113,-19.01586966960412],[146.40904941036052,-19.01599495788632],[146.4091366581465,-19.016120475505474],[146.40921936867332,-19.01625011766398],[146.40930157114587,-19.016405270430173],[146.4093730160373,-19.01653401798349],[146.40940594047356,-19.016606403405365],[146.4094206115698,-19.016635884723904],[146.4094574976955,-19.016684216492415],[146.40947815204822,-19.01671988938763],[146.40951448546332,-19.01680097955182],[146.40954164296585,-19.016857070372676],[146.40958980549834,-19.016932956676264],[146.409634497614,-19.017006807532407],[146.40968170142878,-19.017079753632366],[146.4097140921907,-19.017131116563004],[146.40975178284265,-19.017196540356863],[146.40980386980266,-19.017288579734473],[146.4098361901749,-19.017341063043514],[146.40987057602786,-19.017403304175193],[146.40991694287914,-19.01749269541075],[146.409958596562,-19.0175606351428],[146.41001676670803,-19.017641388230405],[146.41007060262558,-19.01769831421322],[146.41014847186466,-19.01776779736384],[146.4103006801182,-19.01791094561034],[146.41050703152678,-19.0181938292528],[146.41066609202775,-19.018428438347943],[146.4107553551424,-19.018721567210555],[146.41088220344596,-19.019013288514913],[146.41102458792304,-19.01924562099107],[146.4112743037783,-19.019556937722857],[146.41159577923585,-19.019819617954],[146.41182385128724,-19.02004727918681],[146.41198612668293,-19.02021443405516],[146.41217000084245,-19.020465234322845],[146.41227165805023,-19.020766508342074],[146.41232411014892,-19.02100947994965],[146.41254516702804,-19.021284618008433],[146.41277631691253,-19.021583781879777],[146.41288815723826,-19.02177007035047],[146.41307350549184,-19.02205655364722],[146.4132729466451,-19.0222480724908],[146.41344183939856,-19.02239345823111],[146.41359707258923,-19.022608098411293],[146.4136612266195,-19.022771813610962],[146.41367973876802,-19.022922948689626],[146.41361986450607,-19.02309946482778],[146.41367419199588,-19.02300623681584],[146.41373481059105,-19.02287214404918],[146.41378533665346,-19.022714007171015],[146.41379636357027,-19.02254742165397],[146.41395252172336,-19.02257155843016],[146.41415594527595,-19.022643941356783],[146.41428913780078,-19.022800753795174],[146.41445143741552,-19.022967879536132],[146.41450208700243,-19.02306188321198],[146.4146675118073,-19.023161582417437],[146.41480263772107,-19.02332823319226],[146.41500280157152,-19.023469008133755],[146.4153476608716,-19.02371133178805],[146.41572725053354,-19.023994739691627],[146.41608278052684,-19.02434928466471],[146.41641886593848,-19.024743242456545],[146.41667563594643,-19.025007020194362],[146.41698452990028,-19.02540061100396],[146.41727175758018,-19.02584944120896],[146.41743126674893,-19.026058235600484],[146.41765894225438,-19.026311690081602],[146.41787966850075,-19.026612604322214],[146.41809687696392,-19.02686789602724],[146.41820545763863,-19.027035138599665],[146.41831283815807,-19.027200533725164],[146.4185474108681,-19.02754538490059],[146.41888970872293,-19.027943442755234],[146.419047318212,-19.028142216507312],[146.41923815194534,-19.02834547764571],[146.41941231891445,-19.028685492721277],[146.41953067251785,-19.028988966246295],[146.41963315417212,-19.029238645078788],[146.41969885539703,-19.0294380875311],[146.41980562478122,-19.02968183319862],[146.4199581245928,-19.029938103465415],[146.41999020630828,-19.03001988320373],[146.42005447325937,-19.030183759293774],[146.42011656381885,-19.0304764641261],[146.42011356366692,-19.030796085547802],[146.420180785841,-19.031031302185948],[146.4202461042728,-19.031256544694767],[146.42035948863025,-19.031478585157327],[146.4204479759556,-19.03168432551821],[146.42049475007767,-19.0318973907586],[146.42044654379612,-19.032039703348982],[146.42036459567296,-19.032203319393908],[146.4202369221938,-19.032300756443036],[146.42012793783428,-19.03232496869965],[146.4200147136737,-19.03235511411547],[146.4198815630306,-19.03239055600008],[146.41999596632263,-19.032472431543347],[146.4201344396919,-19.03244212138938],[146.42029186481162,-19.032388888779224],[146.4203497242794,-19.03229638390932],[146.42042380261597,-19.032231873196118],[146.42047119301938,-19.03214125134458],[146.42061428421584,-19.032069862757588],[146.42068089551162,-19.032078711298528],[146.42079763815525,-19.032094359400965],[146.4209262654195,-19.03214383510494],[146.42106806512115,-19.032288812880694],[146.42122794048362,-19.032471803793896],[146.42139746015985,-19.032704547942064],[146.42146903854876,-19.03293384930616],[146.42162578332344,-19.033184239217878],[146.421714349026,-19.033389997312025],[146.421859857654,-19.033693924901964],[146.42198361027957,-19.03391407190523],[146.42204047171433,-19.034151171364254],[146.42204762284194,-19.03435573467683],[146.42212540339312,-19.034589140042474],[146.42225513142617,-19.034700189347376],[146.4224256556532,-19.034742366434884],[146.42256478282047,-19.03479002122887],[146.42266310466582,-19.03490653904574],[146.4227637905107,-19.03500723087061],[146.42280909079255,-19.03504561823005],[146.42291989039802,-19.03517031750038],[146.422940160872,-19.035079248812238],[146.42301419180328,-19.035014791160425],[146.42312233427995,-19.035042150415652],[146.42324010220526,-19.035119326086154],[146.4234168565341,-19.03516554331862],[146.4235861641886,-19.035285128970045],[146.42383106160509,-19.03537599479363],[146.42405775935381,-19.0354288559739],[146.4243208764225,-19.035557680358384],[146.42454549551954,-19.03573960504192],[146.4248434359521,-19.035908662751353],[146.42500621806258,-19.036050006681865],[146.42520680831717,-19.036303006365287],[146.4253747972096,-19.03650003589049],[146.4255944223013,-19.03673938481481],[146.42577642076847,-19.03698024322431],[146.42595800802468,-19.03724689260801],[146.42619430494037,-19.03748847064415],[146.42645911995282,-19.037766313220096],[146.42668686314258,-19.038019693896494],[146.42688558217753,-19.03826278113817],[146.42705897203234,-19.03851541431299],[146.42718588226612,-19.03880708886757],[146.42733411432164,-19.03906927751345],[146.42752617529487,-19.03933413234962],[146.4276944478395,-19.039644190098485],[146.42785869002324,-19.039960281158734],[146.42802311648614,-19.040250489849708],[146.4280581131425,-19.04054282803356],[146.42808200852386,-19.04074963906855],[146.42816550430214,-19.04101295504721],[146.42817075836962,-19.041207580298185],[146.42816080835485,-19.041343632982716],[146.42822533454537,-19.04132152875496],[146.42844408858727,-19.041221404020476],[146.42859322369932,-19.04129305227079],[146.42880708865286,-19.041502574699273],[146.42901338576903,-19.04178548338994],[146.4292291849204,-19.04200498849336],[146.42941738611302,-19.042249866123324],[146.42961090017835,-19.042550384495332],[146.42967617910557,-19.042694739928983],[146.42987011650396,-19.042974536840656],[146.4300469538585,-19.043144215627226],[146.43013037893297,-19.04330138756779],[146.43018454910103,-19.043651867182948],[146.43032565180363,-19.043903268086048],[146.43086155232447,-19.044622969473465],[146.43099345172786,-19.044862141173127],[146.43109960859394,-19.04508684610095],[146.43123765082782,-19.045188452873],[146.43145508686993,-19.045359177219375],[146.43162403566916,-19.045552607362556],[146.43185334326108,-19.04584594958768],[146.43202305470575,-19.04612276878982],[146.43216860422757,-19.046311544559643],[146.4323498885405,-19.046569782248547],[146.43249883501798,-19.04688614761768],[146.43260538039053,-19.04731347794906],[146.43274779729816,-19.04759399923902],[146.43293809982072,-19.047897857196666],[146.43312814636545,-19.04827450049776],[146.4333307922373,-19.048699703482818],[146.43344463804704,-19.048979070142746],[146.43353591675438,-19.04922375467291],[146.4336147469014,-19.04935051858234],[146.4337382940962,-19.049518629667084],[146.43385504474915,-19.04978250604006],[146.43391297110261,-19.05010432075193],[146.4340287276009,-19.050384108628318],[146.43415174888594,-19.05065162799187],[146.43431753127044,-19.050892889445656],[146.43460748660357,-19.051087446875616],[146.43479955172776,-19.051285490769956],[146.43502768632212,-19.051553060280416],[146.43517183098706,-19.051757744120835],[146.43524798396706,-19.05197423942449],[146.4352122876677,-19.052103453781267],[146.43510922290656,-19.052228666301325],[146.434885440304,-19.05232309872847],[146.43494177745617,-19.052410535245112],[146.4350611076851,-19.05237673054252],[146.43521070510468,-19.05231835562352],[146.43528185172678,-19.052216903833973],[146.43535529203632,-19.052083557406494],[146.4354128235044,-19.051933172183773],[146.43537618137213,-19.051780149194872],[146.43528698120963,-19.05165588472877],[146.43514943085836,-19.051496497965505],[146.43496391038397,-19.0513020803366],[146.4348138889707,-19.051177186630905],[146.43464117434786,-19.05099012810046],[146.43445012384032,-19.05077608211963],[146.43437401537943,-19.050659087166903],[146.43426814570236,-19.050434276507325],[146.4342995392514,-19.05036894275639],[146.43439098894643,-19.050361812414017],[146.43455510462027,-19.05047790212012],[146.43474683548544,-19.050634111435127],[146.4349239294739,-19.050816032020457],[146.43510481825743,-19.05111517767955],[146.43525268458367,-19.051371466726092],[146.4354457555564,-19.051553435709057],[146.43559385251342,-19.05185139613056],[146.4357296783482,-19.052183750988274],[146.43586077724927,-19.052480755504824],[146.43595742638541,-19.052791472668545],[146.43605364669378,-19.053060445239716],[146.43611140368665,-19.053349543774527],[146.43615019466316,-19.05357008171247],[146.43608272410196,-19.053764900223424],[146.4359279753825,-19.05394112436154],[146.43599996997068,-19.05405285545635],[146.43604628332784,-19.053990739113626],[146.43614038207275,-19.05399899750656],[146.436342592715,-19.054059243189577],[146.43648414240008,-19.054141309242894],[146.4366400449664,-19.05431855451956],[146.4367918051297,-19.054475796549294],[146.4369893125379,-19.054671143662194],[146.43718474429267,-19.0548564799637],[146.43737833485716,-19.055083463306747],[146.43749844730684,-19.05524660001203],[146.4375961224053,-19.055403703657678],[146.43771005013718,-19.055588827175367],[146.4377762921152,-19.05580346573165],[146.43772988927873,-19.055920375295276],[146.43762935456397,-19.05598560736313],[146.43750993785403,-19.056038798381778],[146.43735521579578,-19.05615617293648],[146.43753347224583,-19.056432805406942],[146.43767366179895,-19.0563213600736],[146.4377825567414,-19.056245887100772],[146.43789079503136,-19.056083184171484],[146.4379247022213,-19.05589790558527],[146.4379045049069,-19.055712073601217],[146.43785057280596,-19.055547521078452],[146.43777615716576,-19.055386548165416],[146.43776763026673,-19.055260153802717],[146.43788710963128,-19.0553207783858],[146.43804773568098,-19.05556370182574],[146.43820700811082,-19.055771267141903],[146.4383371385733,-19.055968441126875],[146.4385564335836,-19.056318905657957],[146.43882843396054,-19.056608700236083],[146.43898149709682,-19.056812125019906],[146.43911172535894,-19.05714752407865],[146.43929670626264,-19.057432317940346],[146.43953160987115,-19.057723679729886],[146.4396496342226,-19.057887161191292],[146.43983505466358,-19.058146289969805],[146.44005325957912,-19.058435359176762],[146.4402528011749,-19.05871246037601],[146.4404605276616,-19.059003395160342],[146.44069824717715,-19.059391607615595],[146.44092248600563,-19.059684815118857],[146.44118998932936,-19.060006286465914],[146.44142218595533,-19.060338920051553],[146.44159285415708,-19.060605819710393],[146.44178647448223,-19.060878789416112],[146.44198219144243,-19.061136040387257],[146.44221402880575,-19.061494617969984],[146.4423932263612,-19.061749685776505],[146.44256827025927,-19.062010678361897],[146.44281424068663,-19.06238704714401],[146.44300680978438,-19.06271132614526],[146.44316738289163,-19.062980109817083],[146.4449884134151,-19.066375546698524],[146.44506586298655,-19.06632806284792],[146.44513776593726,-19.06625363116862],[146.44522584691498,-19.06623311033808],[146.4452790028769,-19.066311261973162],[146.44537353730635,-19.06640797407495],[146.4455668905341,-19.06645636257875],[146.44565899681066,-19.066568792117305],[146.44584573289958,-19.06677801510014],[146.44600285489966,-19.066889374562898],[146.44626617637195,-19.067131280026853],[146.44650111314706,-19.067337312299323],[146.4467010175428,-19.067502842528636],[146.44699751622463,-19.06777512140506],[146.4473349205071,-19.068091524936897],[146.4476405809024,-19.068439291601997],[146.44794127477792,-19.068705707332217],[146.4481068086958,-19.068918488583957],[146.448446009457,-19.0692706831728],[146.44870477504975,-19.069544473252844],[146.4488116496943,-19.069788076436417],[146.44882998473045,-19.070078408869445],[146.44875041616706,-19.070226111435716],[146.44865542791942,-19.070294140340966],[146.44847056684404,-19.070435328399306],[146.4485689581897,-19.070568407447023],[146.4487453874713,-19.070450537400333],[146.44885982063278,-19.070351505408592],[146.4489695759206,-19.070229875187152],[146.44903193757816,-19.070062934959896],[146.44902790169112,-19.069846100322852],[146.44894937010088,-19.06956221238276],[146.44876926649027,-19.069331313746023],[146.4485618762899,-19.069100071277656],[146.44829433766944,-19.0688639402486],[146.44807872574893,-19.06861874620093],[146.44790274086495,-19.06840765072649],[146.44770348032515,-19.068190520786096],[146.44754886509492,-19.067924271149],[146.44747646741533,-19.067772327285212],[146.4477603387546,-19.06789743107014],[146.44798705642532,-19.068089248348585],[146.44821694994,-19.068352650171537],[146.44839687116286,-19.068583548786044],[146.44866778520776,-19.068891084325738],[146.44897614403524,-19.06919727634925],[146.44934504294824,-19.06950835705852],[146.4495934448895,-19.069783741694643],[146.44986014174202,-19.070071471289964],[146.45016038654242,-19.07036362939175],[146.45045269452243,-19.070641764610524],[146.4505984313386,-19.070806587078234],[146.45070213253342,-19.070978785186554],[146.45070700466314,-19.07119921914048],[146.45075456726477,-19.071360766750363],[146.45089815162567,-19.071515641562353],[146.45105407603015,-19.071704433788394],[146.45119503456056,-19.071762059347485],[146.45130804479103,-19.07161870274474],[146.45149552443493,-19.071776238139414],[146.45166975397612,-19.071977293679456],[146.4518868551011,-19.072119372624382],[146.452146637897,-19.072202383885717],[146.45231506411622,-19.07237359854227],[146.45246613457493,-19.07259401473996],[146.4526531707565,-19.07280333133412],[146.45296236883425,-19.073031988479382],[146.45328905896207,-19.07326294726403],[146.45355716250734,-19.073473135902706],[146.4537283319028,-19.073710148895074],[146.45386757276998,-19.073915707782653],[146.45396147041154,-19.074035549181403],[146.45418497770436,-19.074193640461733],[146.4545553388472,-19.07449992560352],[146.45476082978686,-19.074645129959595],[146.45501309008407,-19.07485020880919],[146.45529675401866,-19.075015155120028],[146.4556003687108,-19.075238640207797],[146.45584641445052,-19.075368057485214],[146.456095532372,-19.07551736554041],[146.4563980218761,-19.075532717240776],[146.45677277486325,-19.07571854390799],[146.45734810476029,-19.075867093998642],[146.45761457036258,-19.075914600823978],[146.4578305309695,-19.07593999814889],[146.45813813198578,-19.07590665104174],[146.45834810348842,-19.075818259692653],[146.45858890214623,-19.075776039773075],[146.45881980761865,-19.07570984167379],[146.45901343657914,-19.075619313970364],[146.45919091565682,-19.075613869993376],[146.4593716455142,-19.075541017167534],[146.4595719738402,-19.075289644676353],[146.45980176053573,-19.075275044991933],[146.46006815615246,-19.075197390570885],[146.46029764554874,-19.075095489124582],[146.46046100836463,-19.07504617171148],[146.46071276601955,-19.07511523015298],[146.46105841738964,-19.075072048381497],[146.46140219633548,-19.074958188830696],[146.4617027978435,-19.074972351453603],[146.46208241761644,-19.075003553494316],[146.46227241643658,-19.07500627662482],[146.46261234193383,-19.075028957129017],[146.46283801250155,-19.075020215894035],[146.4631331181616,-19.07511768407031],[146.4633931843498,-19.07517501458008],[146.46361765565925,-19.075243628182015],[146.46387845850572,-19.07524935717973],[146.4641108624162,-19.075218854077967],[146.46431244665146,-19.075281254959464],[146.4645572927853,-19.07537206800433],[146.4647689801255,-19.0754585369491],[146.46498794015423,-19.075497309812626],[146.46519044811964,-19.0754823621733],[146.46541932132004,-19.075545112126374],[146.4656106319305,-19.075583623345253],[146.46585778432618,-19.075545388710236],[146.4660418915557,-19.07551817743601],[146.466282329983,-19.075501702681517],[146.46649764372668,-19.075494915204864],[146.46668594233668,-19.075461841164735],[146.4668137304602,-19.075449739252146],[146.46700623977534,-19.075410712438465],[146.4672047366354,-19.075401616195247],[146.46742811288198,-19.07542684297776],[146.46739141216318,-19.07551945969857],[146.46750413020348,-19.07561286947514],[146.4675732908599,-19.075624456195698],[146.467706856196,-19.075648700306193],[146.467807324172,-19.075655198941487],[146.46787311808762,-19.075676328262475],[146.4679271884909,-19.07570455416297],[146.4679785493107,-19.075724042194707],[146.4680690748823,-19.075742468353127],[146.4681121234446,-19.075745574848664],[146.46826924420384,-19.075712770743724],[146.46835477800988,-19.07568698995135],[146.4684411928988,-19.075653168458178],[146.46850982550203,-19.07559191263587],[146.46857902493375,-19.075501919792593],[146.46860967828482,-19.075457454225475],[146.46864223843542,-19.07535154047717],[146.46864988254472,-19.075279363479225],[146.4686450661275,-19.07518011999497],[146.4686669675827,-19.075048419203497],[146.46873007511016,-19.07499085266229],[146.4688059905194,-19.074970647065452],[146.46889270455085,-19.074991953771484],[146.46903200262395,-19.075036637738908],[146.4690881833235,-19.075064815153535],[146.46921789730632,-19.075131341666076],[146.46933734438971,-19.075171449609844],[146.46941519069713,-19.075201587111774],[146.46952394948957,-19.075284952874167],[146.4696112138257,-19.07534250042584],[146.46969168361383,-19.07541448808491],[146.46978923876037,-19.075494025803724],[146.4698455821417,-19.075557810444504],[146.46995564105927,-19.075650939986964],[146.4700517127774,-19.07568890169954],[146.47014328041234,-19.0757085046888],[146.47024244295642,-19.07573102139202],[146.470308108512,-19.075795646036166],[146.4703852974063,-19.075853345031266],[146.47050476479464,-19.075884324611707],[146.4706470115168,-19.075928744728163],[146.47072777459144,-19.075968469604522],[146.4708222981085,-19.076045106149003],[146.47092793125816,-19.076125380410208],[146.47101994765717,-19.076183392810613],[146.4711865801948,-19.07629828309581],[146.47133038904258,-19.076389791542173],[146.47140820581268,-19.076459511536815],[146.47159952912523,-19.076584774770566],[146.47166973189474,-19.076687639752556],[146.4717818342129,-19.076766404768662],[146.47181594561934,-19.076797319706866],[146.47210581550326,-19.077200129281305],[146.4722599239934,-19.077551489077372],[146.47248681986096,-19.077580072717666],[146.47268028952988,-19.077604439468434],[146.47277636361474,-19.07767826886865],[146.4728841960928,-19.077809121096205],[146.47296476358164,-19.077887108414068],[146.47309590319827,-19.078008998876005],[146.47318159792437,-19.078094845137297],[146.47333550094794,-19.078202385972492],[146.47348975723423,-19.07831250332357],[146.47363336812325,-19.078410462089334],[146.4737523142521,-19.078501942893016],[146.4740191375919,-19.078701109374638],[146.4742177182132,-19.078976961242077],[146.47440721551953,-19.079263857706888],[146.4745700052167,-19.07964660888009],[146.47464848231192,-19.079842463120993],[146.4747963053502,-19.08011558505836],[146.47507630196617,-19.08059397710995],[146.47532349863653,-19.08096911453679],[146.47572204127212,-19.081329743475884],[146.4759598993952,-19.081731170150107],[146.47619460114038,-19.081957751819683],[146.4764783423472,-19.08233571181088],[146.47739138028078,-19.08193279867087],[146.47740334928147,-19.08192625344352],[146.47741718908173,-19.08192331036771],[146.47743980098062,-19.081929944593373],[146.4774849761353,-19.081961757455144],[146.4775832855275,-19.082091161157972],[146.47775613354312,-19.0823098386779],[146.47802152582568,-19.082693166763473],[146.47827191435886,-19.083047767593772],[146.47840955214195,-19.083270529125972],[146.4785647476464,-19.083505296586758],[146.4786524550018,-19.08363021434868],[146.4787800795045,-19.08381197213405],[146.47905298653873,-19.084207276380717],[146.47933342532392,-19.084604996396763],[146.4796088668178,-19.084993140415925],[146.47997213253817,-19.08544848022988],[146.48030784852895,-19.08586547770427],[146.4805483461594,-19.086169827313064],[146.48084389429317,-19.086565201826986],[146.48113946619708,-19.086953391286777],[146.48141256250696,-19.08729131479763],[146.48165059723362,-19.087578918982086],[146.48184859553328,-19.087801847777865],[146.48208176136941,-19.088041612299094],[146.48236765101436,-19.08830783223904],[146.48260091278146,-19.088514122202437],[146.48292956350295,-19.08878285623287],[146.48321816775461,-19.088986905825337],[146.48349173875448,-19.089174184782507],[146.48381298326157,-19.089395071080833],[146.4840865556398,-19.08958234014094],[146.48436008420657,-19.089783959927015],[146.48461605812332,-19.089966407273582],[146.48472142383463,-19.090055168155615],[146.48483174958778,-19.090163083865605],[146.48510009613344,-19.090414899377933],[146.48541870264842,-19.090678811233644],[146.48562681344265,-19.090889807957108],[146.4859353917289,-19.091141743624746],[146.48622884280465,-19.091410364667777],[146.48647966728103,-19.091633435907312],[146.48674558799806,-19.09185655790364],[146.48705928902254,-19.092082198397318],[146.487350217094,-19.092353205561594],[146.48757341121555,-19.092566636995823],[146.48779413093695,-19.09276571004041],[146.4880474933769,-19.092984005516975],[146.48829086513078,-19.093180755072197],[146.48851148367595,-19.09341331022942],[146.48994252103807,-19.093990487020225],[146.48994901434807,-19.093992198007815],[146.48995527525514,-19.093994625268763],[146.48995627751447,-19.093995150003284],[146.4899572300657,-19.09399576034432],[146.49041249056512,-19.094310569634676],[146.49077897020103,-19.094551885047757],[146.4912960844692,-19.094884485912505],[146.4917554794281,-19.09517627630199],[146.4920567955416,-19.095343294450437],[146.49290671413056,-19.09583162637726],[146.49765454122416,-19.097139546117127],[146.4996564061199,-19.09787374558751],[146.50112894141634,-19.098146554503924],[146.50189289905427,-19.09808108603473],[146.5024742911522,-19.097908236984907],[146.50284837444357,-19.097872221077484],[146.5035526649745,-19.09784907812524],[146.50382917574794,-19.09781227306263],[146.50411903955768,-19.097719182935574],[146.50458329947628,-19.097335342755045],[146.5050110186171,-19.09712277793948],[146.50537524094975,-19.097035759843532],[146.50579728591353,-19.096972727579843],[146.50637381926708,-19.097044484376777],[146.5071441516429,-19.097235038514377],[146.50749089470028,-19.09735558395527],[146.50985319826717,-19.09869398695115],[146.5113525320391,-19.099613704990265],[146.51171721996022,-19.099828992373787],[146.51207492167893,-19.09997934540928],[146.5125396455219,-19.10006943092576],[146.51276836252458,-19.099648191620513],[146.5127693947844,-19.09964629651185],[146.51285775095008,-19.099281846831886],[146.51262951021292,-19.099082864621213],[146.5125899110927,-19.098905754688463],[146.512738183599,-19.098721062446828],[146.51301016256278,-19.098501225649034],[146.51325479184936,-19.098371978673345],[146.51378510279412,-19.098320293949335],[146.5141628685026,-19.098364199960404],[146.51451240341655,-19.098468879158542],[146.51470542299074,-19.098580122230743],[146.5150574762143,-19.098744137134695],[146.51534432799193,-19.098851496497474],[146.51559866536613,-19.098930257128295],[146.515851453954,-19.098979416072968],[146.51607581271475,-19.099089276054606],[146.51623631914188,-19.09917191933765],[146.51646193228967,-19.099311578241664],[146.51681129008068,-19.099416261705382],[146.51709958886514,-19.099553228474925],[146.51732521306684,-19.099692786958048],[146.51754676091178,-19.099743235409175],[146.51812600300798,-19.100076684007732],[146.51897242471026,-19.10053430590986],[146.51947212405244,-19.100853390126694],[146.5197347146531,-19.101012499537173],[146.51994296968513,-19.101100939593778],[146.5202609880006,-19.101354723265175],[146.52060224153342,-19.101559060352844],[146.5210907004462,-19.101993852170203],[146.52135936243744,-19.10219829733885],[146.5217474920883,-19.102536651345044],[146.52228843981493,-19.103022546930653],[146.52265830797563,-19.103315439072297],[146.52303544512856,-19.10372950384948],[146.52343871094422,-19.10415949601615],[146.52370121218087,-19.104449315693824],[146.52383114232578,-19.104562437668008],[146.52414860587405,-19.104585743171718],[146.5243382239004,-19.1045414440102],[146.52443697253702,-19.104601128581425],[146.52457399248325,-19.104974841893462],[146.52509390983923,-19.1052402454287],[146.52541561422336,-19.105370489489605],[146.52579312382355,-19.105524464166237],[146.52609866213942,-19.105603179704083],[146.52637083901638,-19.105852876707743],[146.52685346033388,-19.10649812719048],[146.5275085579305,-19.10736246845485],[146.5281681359786,-19.10826849911934],[146.52888234617436,-19.109172272377165],[146.52949741592926,-19.109937310467036],[146.52998757116342,-19.11061977887432],[146.5305306601539,-19.111348444304426],[146.5311004998108,-19.112100067878014],[146.5313449280142,-19.11242925172641],[146.53183905439946,-19.113161927815785],[146.53201643128986,-19.11350410764872],[146.5320762432201,-19.113652517202777],[146.53227131180094,-19.114063253808368],[146.53231344824488,-19.114212214834268],[146.532493162912,-19.114673882764713],[146.53253607013977,-19.114839637063753],[146.53252846925895,-19.115057679628567],[146.5325009935542,-19.115226445344277],[146.53247174907818,-19.115337828518832],[146.5323491346842,-19.115552777310796],[146.53273692321966,-19.116051827769493],[146.53303512676047,-19.115967543249567],[146.53333308161297,-19.11596838930872],[146.53363056952443,-19.11613913561071],[146.53395797585236,-19.116253112356937],[146.53452374156404,-19.11639624947719],[146.5351491206992,-19.11653944507183],[146.535834186019,-19.116626034615265],[146.5366113155863,-19.11676671596849],[146.53738672986145,-19.116875126452403],[146.53811924566125,-19.117093500826705],[146.53885236547816,-19.11730048678126],[146.5393263778868,-19.117588880516323],[146.53984322481588,-19.11795943920197],[146.5404893412291,-19.118412378319693],[146.54096312390368,-19.118782736018012],[146.5413933090109,-19.11927616282906],[146.54182268747263,-19.120097732462625],[146.54220924370495,-19.120796106009294],[146.54263909077184,-19.12145363816984],[146.54306906235558,-19.122029038312622],[146.54332903531161,-19.122431212677807],[146.54381000883714,-19.12313614334887],[146.54406664531558,-19.123473420323574],[146.544548138976,-19.124025438616666],[146.54493292976466,-19.124577306893883],[146.5452857535784,-19.12506782222216],[146.54557362258086,-19.12574171576131],[146.545668792804,-19.126262230350438],[146.5457315733368,-19.12684384766933],[146.54579427078164,-19.127456010930995],[146.5458429769216,-19.12770469408357],[146.5459119378735,-19.12768465683315],[146.54590425791633,-19.12757231281989],[146.5460168211878,-19.12729208073723],[146.54611104759678,-19.127156301316397],[146.54614768227947,-19.12686746802198],[146.54624199390744,-19.12673168873177],[146.5464029176427,-19.12667677706645],[146.5464212916114,-19.126532405705774],[146.54651548897203,-19.126396535607817],[146.54669489057238,-19.126197252551513],[146.54690168601263,-19.125781240044706],[146.54692917506526,-19.125564592341338],[146.54688074647592,-19.125339262570325],[146.54697497104564,-19.125203482640938],[146.54702995816493,-19.12477018719006],[146.54699064518067,-19.124472581146872],[146.54711503851547,-19.124706593011364],[146.54731535910744,-19.12494928672238],[146.54743053351683,-19.125255484043116],[146.54762164481582,-19.125570453495058],[146.5478887795349,-19.12589401431487],[146.54833792371738,-19.126604729466127],[146.5485106657877,-19.127064169008666],[146.5487594608915,-19.127532172561104],[146.5489323003937,-19.127991512528457],[146.55174313599238,-19.132575750543737],[146.55225156082346,-19.133290477738846],[146.5583977246823,-19.14023048875726],[146.55883670576324,-19.140667368148474],[146.5593822091168,-19.1411257757198],[146.55992853730274,-19.141489363941172],[146.56372809153538,-19.143748942802805],[146.56423220581036,-19.144026274351706],[146.56452443498475,-19.14413420390381],[146.56490942720444,-19.14426739503961],[146.56547629787357,-19.14443153447861],[146.56617159294183,-19.144606151356232],[146.56711172238633,-19.144788626445774],[146.5680536711489,-19.144963446406184],[146.56916193979114,-19.145174583934697],[146.5718114644994,-19.145828499281897],[146.5718969933157,-19.145849791656598],[146.57221873275296,-19.145919269700066],[146.5726036867763,-19.145942125921895],[146.5728886688276,-19.145913507328416],[146.57305888786695,-19.1458903785603],[146.57329310073663,-19.145839111309144],[146.5735786567125,-19.145775753417258],[146.5739123822827,-19.145688133019494],[146.5740034876322,-19.14567085691457],[146.5741290411125,-19.145658857051234],[146.57430045307387,-19.145652448979448],[146.5745505450089,-19.145668273995977],[146.57469799307648,-19.145684322116953],[146.57502307115507,-19.145716677571524],[146.57560532905603,-19.145778545919157],[146.5760495471763,-19.145793235460825],[146.5766968795833,-19.145884314548233],[146.57716674309026,-19.145933257779138],[146.57751416223286,-19.145923473889287],[146.57764093523573,-19.145899337269547],[146.57777985213187,-19.145837596934395],[146.5779648943519,-19.1457064380704],[146.57812824105997,-19.145599512581107],[146.57882149479622,-19.145285599382863],[146.57913019339568,-19.145177243676812],[146.5798129124616,-19.145060425263367],[146.58038125132663,-19.14495941164576],[146.58115410772024,-19.14480835260092],[146.58152835758662,-19.144735198063078],[146.58221548455705,-19.144720828145044],[146.5832195774689,-19.14489817003889],[146.58411986433566,-19.145119301655154],[146.5845121743604,-19.1451705268744],[146.58473612078268,-19.145199762674384],[146.58477733172367,-19.145204473856868],[146.5850924267882,-19.145240485250028],[146.58537226984677,-19.145246530055324],[146.58565785904594,-19.145236329181994],[146.58593007154306,-19.14520209451213],[146.58619324616194,-19.14514655611498],[146.5864026742741,-19.14512152402216],[146.58657444568848,-19.14512700749542],[146.58678369592687,-19.145173414882386],[146.58699997414632,-19.145250203346453],[146.5872236538118,-19.145360202395928],[146.5875902293861,-19.145527863867372],[146.58839543932655,-19.145861402981982],[146.58901087495553,-19.146114154194223],[146.58984998327543,-19.146458734154884],[146.59120827478506,-19.14691297731614],[146.59199165322468,-19.14712763811842],[146.59316880405152,-19.147297700639523],[146.59405515321598,-19.14728753219985],[146.59482075259783,-19.14711343573249],[146.59524036233185,-19.147075237487996],[146.59543721294983,-19.14711174802359],[146.59554540518278,-19.14717263587529],[146.59563233115733,-19.14734809776529],[146.59564265567735,-19.147462425055082],[146.5959500130996,-19.147644616421086],[146.5962734979107,-19.147968105739032],[146.59710148032053,-19.14850704929354],[146.59796650801243,-19.149128310224985],[146.5981766788813,-19.149202514738242],[146.5982988660154,-19.149249956880315],[146.59841310607263,-19.149304096339083],[146.59850951730917,-19.149361558680475],[146.5985887529052,-19.149407840389127],[146.59912107046614,-19.149765146721546],[146.59986178174864,-19.150355771152444],[146.60003587335876,-19.150529586178283],[146.60021614127547,-19.150709550848127],[146.6004180679957,-19.150911134626774],[146.60049431360395,-19.150987250402693],[146.60092546613689,-19.15146761936633],[146.60128312649573,-19.1520089656613],[146.60212756478992,-19.152244122577585],[146.60205555498143,-19.152594119337365],[146.60188869691854,-19.152982843550614],[146.601749443601,-19.15311849086609],[146.60130355860593,-19.153495132108507],[146.60064757011583,-19.154228119789785],[146.6000395669225,-19.154825133903387],[146.59950258776766,-19.155513126182264],[146.5993715819191,-19.15577213144422],[146.59929959027406,-19.156009123782766],[146.59927165590764,-19.15607762026048],[146.59906059765572,-19.156595126949302],[146.59883457830705,-19.157215129493284],[146.59870572731495,-19.157690999305007],[146.59852381084673,-19.158362836538327],[146.59849502339418,-19.15846916137451],[146.5982983292697,-19.15917912171356],[146.59802755897184,-19.159720318813758],[146.5973729591109,-19.16102865071187],[146.59730497685575,-19.161245497545465],[146.59725916322952,-19.161391639527878],[146.59710970924917,-19.162034147604007],[146.5971105169141,-19.16203443857075],[146.59727232417694,-19.162093283137295],[146.5973535874262,-19.16215283668355],[146.59744229744283,-19.162196645374948],[146.59752804904687,-19.162236850676187],[146.597860263864,-19.16241247815269],[146.59792093422965,-19.162453857439893],[146.59803197568598,-19.162552200921613],[146.59809203092004,-19.162635539227658],[146.5981346012378,-19.16269741170148],[146.5981685738991,-19.162786919650564],[146.59823898790543,-19.162995113497093],[146.59828725383306,-19.163112460614794],[146.5983379660192,-19.1632054031849],[146.59839497967155,-19.163284261252322],[146.59845052201902,-19.16335020171172],[146.59854253821902,-19.16341152245704],[146.59861928834275,-19.163434392019184],[146.59869485202483,-19.16344450725546],[146.59880346502794,-19.163414939346893],[146.5988926571413,-19.163385681419786],[146.5989949265442,-19.16332863503349],[146.59916078838376,-19.16321382506952],[146.59927898512143,-19.16309866695893],[146.59943625179275,-19.16295128544337],[146.5995079428355,-19.162906996076295],[146.5996595589834,-19.162830960972673],[146.5998176404691,-19.162791035012454],[146.5999927835101,-19.162774706449316],[146.6001831657859,-19.16276076060232],[146.60034286686658,-19.162727471129028],[146.60043448729573,-19.162696627150208],[146.60055253000846,-19.162629112784302],[146.60073298724237,-19.162498969602375],[146.60092193708203,-19.162428030317617],[146.60113013340484,-19.162385672593977],[146.60125884484827,-19.162385952048467],[146.60136601272782,-19.162426961200826],[146.6014344812489,-19.16250049309607],[146.601455632638,-19.162626935423276],[146.60145104473818,-19.162751270419978],[146.60141074467032,-19.16289974802912],[146.60134916263425,-19.163071052978314],[146.60127826131824,-19.16323404138146],[146.6011630105689,-19.163469295539777],[146.601102285639,-19.163576644904772],[146.60105813158896,-19.16363096290632],[146.60096888965222,-19.163720555144927],[146.6009078607675,-19.163772324062357],[146.60079608930994,-19.16384582595795],[146.60070428750984,-19.163892512188067],[146.60048438815716,-19.163979660161687],[146.6001671237824,-19.164077639580338],[146.6000074464452,-19.164143906220815],[146.59986216904704,-19.164213556949417],[146.59965177292761,-19.164350592713824],[146.59956127992228,-19.164406417974664],[146.5993765496857,-19.16452861581661],[146.59928692365133,-19.1645955406952],[146.59916045308896,-19.164702285020052],[146.59902127477866,-19.164833321018296],[146.59889944364983,-19.164960264722563],[146.59880412749567,-19.165079313396433],[146.5987436761191,-19.165170991763368],[146.5987180938122,-19.16522177095801],[146.5986891975197,-19.16530971352322],[146.59867953686117,-19.16534034710084],[146.59869478033713,-19.165451124081574],[146.5987219400536,-19.165546337670218],[146.5987812632092,-19.16563802465741],[146.59882489082568,-19.165699637194276],[146.5988836496585,-19.165753375089214],[146.5990129905347,-19.16584053356679],[146.5991416060833,-19.165881581818457],[146.59926890887587,-19.165910977973876],[146.59930454447914,-19.165926789751335],[146.59939146022413,-19.166049055871486],[146.59945587947757,-19.16616522690117],[146.59950656886028,-19.166335203453205],[146.5995164389528,-19.166458033506238],[146.59948316307742,-19.16657952231169],[146.5994744365932,-19.166644734859887],[146.59947633518715,-19.16674462881032],[146.5995144130514,-19.1668322114568],[146.5995552419723,-19.166938462217697],[146.59954948286978,-19.167098157672694],[146.59953866963338,-19.167212257721374],[146.5994922018597,-19.16741274935324],[146.59941403616054,-19.167667965261348],[146.59932709461785,-19.168134608780132],[146.59923513161792,-19.168372750042394],[146.5991356122325,-19.16851054213677],[146.59912389395765,-19.16852676570407],[146.59904653138423,-19.168602781629396],[146.5989414433004,-19.168679595516622],[146.59883612911986,-19.168743684264925],[146.5986574925691,-19.168841159338395],[146.59857222125734,-19.168903538490657],[146.59853778890331,-19.168948315559966],[146.59854412924489,-19.169055720193764],[146.59857379320144,-19.169142055539975],[146.59861227303497,-19.16919718612488],[146.5987665570106,-19.169274991429297],[146.59881798404376,-19.169281682980095],[146.59893465126274,-19.16928962861518],[146.59901395819665,-19.169282824984826],[146.59933349583116,-19.169228530235163],[146.599476032182,-19.169197056843547],[146.5996573973674,-19.1691314435695],[146.59978177014165,-19.169079469785416],[146.59985883758745,-19.169007474528378],[146.59994567317722,-19.16890362579762],[146.6000429126756,-19.168752724144703],[146.60014121387388,-19.168646577688694],[146.6002359862472,-19.168560260471452],[146.60031080450602,-19.168482132795862],[146.60033800680114,-19.1684537243577],[146.60041338702018,-19.16840283642587],[146.60046157013454,-19.168370307404523],[146.60062699325334,-19.16832089857363],[146.60078910446538,-19.16830792097829],[146.60083119417956,-19.16831760110021],[146.6008823330232,-19.16832935235844],[146.6008873993725,-19.168330520150313],[146.60099826694835,-19.168408617829797],[146.60105337805692,-19.168492857201652],[146.60108013418264,-19.16864194119268],[146.60108028309065,-19.16864329711833],[146.60109482227048,-19.16877878046895],[146.60107720646025,-19.168910100046645],[146.60107319720834,-19.16893995976996],[146.60101240642317,-19.16926350028386],[146.60100913090398,-19.16928090813442],[146.60091189654764,-19.169619561187982],[146.60085215231783,-19.16987554069008],[146.60085200532836,-19.169877338802465],[146.60084106176603,-19.170014248883334],[146.60084107110265,-19.1700143212024],[146.6008497409276,-19.170094971250876],[146.6008507269536,-19.1701041553379],[146.60091000431296,-19.17030689244467],[146.60095573451557,-19.170511290073],[146.6009878485384,-19.170655116920216],[146.60098807595372,-19.17077797109027],[146.6009700847013,-19.170994014921217],[146.60087172231746,-19.171251618512702],[146.60073467047513,-19.171469400707203],[146.60062582017454,-19.171642780399324],[146.60043486701207,-19.17211428601215],[146.60025617631186,-19.172655098356017],[146.60015162092557,-19.17297154821082],[146.60005372935885,-19.173206423379373],[146.59985939297218,-19.17352959099828],[146.59970758827026,-19.173998668630052],[146.59956983504506,-19.17421778582676],[146.59937626882737,-19.174697553578554],[146.59928863348946,-19.17478064140481],[146.59906895866945,-19.17485122238436],[146.5989164675209,-19.17482822364111],[146.59851910849054,-19.174549167686823],[146.59827770689486,-19.174499621075565],[146.59811328285062,-19.174518564963122],[146.59789785249637,-19.17478798432785],[146.59781539689936,-19.17497813005953],[146.59781500308654,-19.175348172057724],[146.59791969990334,-19.175748276502446],[146.59810280111103,-19.17622902100308],[146.59834515983792,-19.176697025813368],[146.5984636175381,-19.17715757463185],[146.59848860670036,-19.177332818071125],[146.59848980223754,-19.177337926781536],[146.59850335840562,-19.177395659829127],[146.59846256800836,-19.17749261352765],[146.5984572396307,-19.177505272217857],[146.59841484202857,-19.17760605421865],[146.5980868086527,-19.17797608394139],[146.598070676341,-19.177992333896835],[146.59730882146945,-19.17875973225643],[146.59719190870692,-19.178877494272633],[146.59702045132906,-19.179049008013447],[146.59692855529374,-19.179122695473666],[146.59686251362052,-19.179175644769007],[146.59675665625818,-19.179260516805815],[146.59656582244577,-19.179381721883136],[146.59640481747823,-19.179502178989207],[146.59625143642626,-19.17959300123081],[146.59613308155522,-19.17962288034598],[146.59599441284124,-19.179597216412308],[146.59593438855646,-19.179588887419456],[146.59588971025713,-19.17958268885641],[146.59585943213284,-19.179592039090362],[146.59579660598865,-19.179663973468998],[146.59571720559742,-19.17974598409245],[146.5957071512708,-19.179758053896155],[146.5956285956752,-19.179852420372658],[146.59556418695976,-19.17990630362812],[146.59555912613072,-19.17991054002236],[146.59554868042838,-19.179919283216286],[146.59545868121728,-19.179971356797747],[146.5954086165029,-19.17998194664369],[146.59533795870524,-19.179996901291894],[146.59526127714997,-19.180013125930348],[146.59519236326767,-19.179979978652455],[146.59508689131255,-19.17992214204744],[146.59502546646445,-19.17983304303579],[146.59497469814067,-19.179757939234555],[146.59492501040202,-19.179719384772817],[146.59488059144584,-19.17968491776379],[146.59484205203745,-19.179688709709698],[146.59483498345944,-19.179689408055296],[146.59473715552792,-19.17969905180488],[146.59461593223352,-19.17976993501101],[146.5945237874044,-19.17983198060589],[146.59430587678784,-19.17997871718938],[146.5942936917666,-19.17998692326361],[146.59397394986274,-19.180084424878842],[146.59377403484987,-19.180145382137272],[146.59375745612954,-19.180153361554556],[146.59370740568926,-19.18017746177344],[146.59356939552816,-19.180243914968177],[146.59352924881532,-19.180278619781262],[146.59344163511068,-19.180354366407297],[146.59340662582017,-19.180384636206195],[146.59328192117573,-19.180517172493868],[146.5931451599798,-19.180706183346057],[146.5931450454451,-19.180706345764072],[146.59297444182405,-19.18094214000374],[146.59293157971797,-19.18097475103377],[146.59289856120705,-19.18099987386835],[146.592826625607,-19.181054607022304],[146.59274982247413,-19.18109678553455],[146.59273046929317,-19.181107415673893],[146.5924828106523,-19.181174067502607],[146.59228211091047,-19.1811743808872],[146.59220405096474,-19.18117450568984],[146.59209693105078,-19.18119122166928],[146.59209372282902,-19.181192398428756],[146.59196309002866,-19.181240340259432],[146.59191164419843,-19.18125921329865],[146.59187847344154,-19.181276554468198],[146.59129911288173,-19.181579335097013],[146.59065437404362,-19.181891601828788],[146.59053950066382,-19.18194724142898],[146.59021629516045,-19.1821544688887],[146.59010628949412,-19.182226214555165],[146.5899885764988,-19.182356821103905],[146.58997496491673,-19.182387870052104],[146.58994286338353,-19.182461091028348],[146.58995705685658,-19.18261767631086],[146.5899599178356,-19.18264921392746],[146.58996163982613,-19.18266825941704],[146.5900192196569,-19.182826812352495],[146.59004023937842,-19.18288469818396],[146.5900649529585,-19.18295274117907],[146.59034250335375,-19.1835194860434],[146.59048125526417,-19.183666344972927],[146.59059449926738,-19.18380482351816],[146.59064261523835,-19.18386365538697],[146.5906487141475,-19.183882078020112],[146.5906808324695,-19.18397913822039],[146.59069016023528,-19.184007310288855],[146.5906912131702,-19.184020010076964],[146.59070184264348,-19.184148833719497],[146.590703196933,-19.184155054418646],[146.59073277405938,-19.184291303811555],[146.59074740747548,-19.184358709692546],[146.5907609856325,-19.184391256263126],[146.59087127512294,-19.18465567218451],[146.59088943766352,-19.184749935807954],[146.59089751402087,-19.184791877955014],[146.59090651077057,-19.184838575785367],[146.591045976795,-19.18539032601631],[146.5910922224613,-19.185721574643615],[146.59107902667841,-19.18583460213687],[146.59077044992617,-19.187482773418388],[146.5907006458358,-19.187809000525966],[146.5906398715663,-19.188345491935376],[146.59063178034162,-19.188782871085333],[146.59062866887493,-19.18894109855631],[146.59056764261658,-19.18927527086138],[146.59051987132705,-19.189384190451875],[146.59035591870315,-19.189571574725186],[146.5901548240999,-19.18968122724033],[146.5899787729264,-19.189764383863302],[146.5895852147108,-19.189828156832494],[146.58940031087013,-19.189886964631057],[146.58924173471098,-19.189950006429477],[146.58905538935878,-19.19008364866302],[146.58881697560204,-19.190339945940753],[146.5887041584614,-19.190461226866056],[146.58850438012985,-19.19058003527712],[146.58833548252247,-19.190643098305706],[146.58823481045653,-19.19069977130701],[146.58813066234526,-19.190781054092618],[146.58810574655593,-19.190851552467226],[146.58813952884213,-19.190971716148596],[146.58819384823366,-19.191018868275915],[146.58823060327026,-19.191075840673616],[146.5882860248494,-19.191161756289517],[146.58830525918003,-19.19133725891335],[146.5883280423712,-19.191508585220095],[146.58829907791056,-19.19172690691031],[146.58831201658043,-19.19191723466363],[146.58833576490846,-19.192056200506286],[146.5884172568555,-19.192158360411327],[146.58853808444405,-19.192282081172685],[146.58892659953133,-19.19258553051174],[146.58940618842882,-19.192979303011015],[146.58950289934526,-19.193093534208565],[146.58960258153576,-19.19325245248169],[146.58968084969385,-19.19354676501635],[146.58972327483147,-19.193741993580552],[146.5897125775276,-19.194151206294833],[146.58966729662194,-19.194659191747185],[146.58958194377604,-19.195066176872338],[146.58952635968976,-19.195351956875804],[146.58950723990617,-19.19554007994396],[146.5895046827318,-19.196567562221308],[146.58954125116998,-19.197402528818436],[146.5895647263503,-19.19765619536644],[146.58961243909428,-19.19810165168912],[146.59015239605043,-19.199972723460608],[146.59049370323197,-19.20107562171896],[146.59058171682173,-19.20154312833384],[146.59086725330008,-19.204171452524726],[146.590891116817,-19.204392296145027],[146.59092695990807,-19.204615760193462],[146.59092695568972,-19.204794472860225],[146.59091356626035,-19.204888864729973],[146.59085395689397,-19.20512080061971],[146.59076729034211,-19.20530001572462],[146.59087685212847,-19.2054255082298],[146.59135612093868,-19.205954057381668],[146.59219367615088,-19.20688677362062],[146.59274286130133,-19.20745093709586],[146.5930687340502,-19.207748644596613],[146.5934784320924,-19.20811746218963],[146.5939301883995,-19.208455346995123],[146.59417721447136,-19.208624295139106],[146.5943609244489,-19.20874994973504],[146.59455437867638,-19.208882259082717],[146.59526258474781,-19.209296060732346],[146.5958963642457,-19.209616602359883],[146.59644170995438,-19.20985273755366],[146.59690786907356,-19.210031066135567],[146.5973181437548,-19.210164951843346],[146.59744327218587,-19.21020643679952],[146.59803146412645,-19.21040144226575],[146.60141625253948,-19.21152142576927],[146.6045954818982,-19.212568831459837],[146.60468611856083,-19.212598687422272],[146.60583147978338,-19.212976012819336],[146.60945473564718,-19.21417842072915],[146.61021412764214,-19.2144304161538],[146.61431715491585,-19.215773320847372],[146.61877923679495,-19.217245437643033],[146.62310152964076,-19.21866838485041],[146.6241086606683,-19.219007337838573],[146.62473341336968,-19.219234677943135],[146.62543730032425,-19.219550842859498],[146.62617368973469,-19.219937978220518],[146.62691923538492,-19.220404928825644],[146.63069295660378,-19.222860296519407],[146.63081456577964,-19.222939419357367],[146.63085141817805,-19.222962511673487],[146.63127588183457,-19.223228467236563],[146.6313405400804,-19.223270024439977],[146.63154123167965,-19.223399002151776],[146.63173252787934,-19.223521941904295],[146.63187765963286,-19.22359952980064],[146.63208208725806,-19.223708813078275],[146.6322559527731,-19.223798487057888],[146.63323867494344,-19.224295810806044],[146.63561074721633,-19.22542242872701],[146.63561894911533,-19.225426340128116],[146.63574710961282,-19.225487533681733],[146.6381559367615,-19.226637589704566],[146.6386767146708,-19.226885445101203],[146.63965848441916,-19.227352692845702],[146.64262644775025,-19.22876516730622],[146.6454133352019,-19.23009134390001],[146.64638783455837,-19.23055506250022],[146.6470411409712,-19.23086593250234],[146.6514699154079,-19.232979913068956],[146.65189986912543,-19.233183618881466],[146.65269493703113,-19.233560304152036],[146.65401935180793,-19.234187778677565],[146.65409479316443,-19.23422351923911],[146.65415235558783,-19.234250794175416],[146.65587552097966,-19.23506715623809],[146.6577543249161,-19.235956344903677],[146.65940973599766,-19.236739787054038],[146.6603232097235,-19.237172094725626],[146.66382214579917,-19.23884187356812],[146.66470570264144,-19.239263512891533],[146.6659134946986,-19.239837820192744],[146.66862674940893,-19.241127932577843],[146.67047881381404,-19.242007029537266],[146.6707293232329,-19.242125932640917],[146.67217606433385,-19.242812610259563],[146.67305143638217,-19.243228094816278],[146.67744825253754,-19.245323664615707],[146.67768346684755,-19.24543535568842],[146.67929905178795,-19.24620247208154],[146.68136492704986,-19.247183368865517],[146.6816540189257,-19.2473212846501],[146.68246996188864,-19.24773050289286],[146.682675163013,-19.2478419005552],[146.68334645058,-19.248206319010087],[146.6843627243486,-19.24880648184143],[146.68439209106734,-19.248825104214927],[146.6848222336183,-19.24909779705035],[146.6848858807653,-19.24913814991389],[146.6849908031087,-19.24920467363567],[146.6852390721649,-19.249362070316565],[146.6860034966221,-19.249877571813485],[146.68647129225124,-19.250187839391515],[146.6865427960316,-19.250235263303992],[146.68771884145517,-19.251015262167737],[146.6893823716586,-19.252126540952776],[146.6904130752667,-19.252815062042004],[146.69122178390265,-19.253353616885992],[146.69480416652738,-19.255739122210986],[146.6960669407023,-19.256581344248534],[146.69890172186862,-19.258471988539796],[146.7014097397417,-19.260142774238417],[146.7014648295706,-19.260178579711344],[146.701662444116,-19.260307006372674],[146.7017174295103,-19.260342739301155],[146.70211840620343,-19.26057389001732],[146.7026406455883,-19.260858430808632],[146.7031862758789,-19.261111982916365],[146.70375528253746,-19.261347830989063],[146.70433368806627,-19.26154380170576],[146.70516535545661,-19.26178257321176],[146.70524575361623,-19.261805657637836],[146.70551733751262,-19.261883093242957],[146.70539513339614,-19.262425723919417],[146.7053584048783,-19.262588797665956],[146.7053402778609,-19.262668025878504],[146.70521496152992,-19.26321554959452],[146.7051153353998,-19.263466509347413],[146.70490850154215,-19.26398761171879],[146.70487745949637,-19.264072801741417],[146.7045556567635,-19.26495603372552],[146.70433433753317,-19.265645802724773],[146.7041496427803,-19.266055572836216],[146.70401044273748,-19.26645586392715],[146.70397797954564,-19.266552917476012],[146.7038965295974,-19.26679641390858],[146.703770430436,-19.267192478441554],[146.70375539282188,-19.267256998677134],[146.7037022239538,-19.267485159284643],[146.70369652731284,-19.267509586988048],[146.7036365422027,-19.267691384067195],[146.70355957837052,-19.26790565182385],[146.7034954592026,-19.268084170629972],[146.70343478915146,-19.268217969270946],[146.70336895573453,-19.268423506850677],[146.70331316475728,-19.268643393897143],[146.70327745971107,-19.268896796814133],[146.70323159051992,-19.269198008747257],[146.70316062752286,-19.269456135132213],[146.70306440611293,-19.269757256200812],[146.7029429949844,-19.27006312605837],[146.70281657411653,-19.270349855659614],[146.7026952310647,-19.270617470438953],[146.7025537505593,-19.270885043323965],[146.7024030905735,-19.271171199955145],[146.7022609365672,-19.27155295806893],[146.70220502501422,-19.27174859733853],[146.7021755663028,-19.2719513559084],[146.70217217202162,-19.27209182652183],[146.70218137492617,-19.27222336167029],[146.70221580753898,-19.272328024772158],[146.70228486179877,-19.27243275329422],[146.7023979028004,-19.27257938717255],[146.70249528842976,-19.272684161737683],[146.70263984998752,-19.2728039516938],[146.70280956472064,-19.272944703833613],[146.70299501083534,-19.27308549041571],[146.70317733416917,-19.27321131497225],[146.70336592556666,-19.273355088604852],[146.70354820646205,-19.27350483451731],[146.70373358401227,-19.27368447169258],[146.70394095030252,-19.273888048014093],[146.70413580568368,-19.27405275240463],[146.7043481882955,-19.274224488864537],[146.70462927363351,-19.274475629576067],[146.7049579559192,-19.274757302469745],[146.70521673575823,-19.275019007055786],[146.70551883750807,-19.275275186979332],[146.70583060529455,-19.27547498004083],[146.70611412829365,-19.275669124021945],[146.70631997563757,-19.27582557462671],[146.70675247557455,-19.27607957615501],[146.70708003274572,-19.27628061247425],[146.70726002381727,-19.276399822971843],[146.70741862926957,-19.276514426174842],[146.7076697754528,-19.27663026176135],[146.70787988526234,-19.276767386610576],[146.7081626762129,-19.276931486212852],[146.70824492679495,-19.276977012000103],[146.70867115782033,-19.27736205825556],[146.7090754652766,-19.277778536578563],[146.70949605659922,-19.27809886472407],[146.70975403668749,-19.278346210396695],[146.71007757835645,-19.278578558365638],[146.71032110204155,-19.278772677598454],[146.71054442195916,-19.278966565688048],[146.71065387037166,-19.27909005326038],[146.71090721348432,-19.27931880020463],[146.71126733564628,-19.279734272959043],[146.7114417646844,-19.27995206775278],[146.71152982148817,-19.280085516298495],[146.71157112494112,-19.28019478847839],[146.7115834128658,-19.28025929819263],[146.7117086871638,-19.28063458985758],[146.71186145892312,-19.281215695525336],[146.7118764812509,-19.281643256726653],[146.71202208426052,-19.282645752041024],[146.71178708760954,-19.28322545984546],[146.71156686455436,-19.28356350564295],[146.71135457460065,-19.283849210509],[146.7112685697817,-19.284102417714177],[146.71123363575902,-19.284360612857352],[146.71115248005265,-19.284523996731597],[146.71104528437147,-19.284790581678074],[146.71103765702836,-19.284819931853356],[146.71092385047336,-19.285257718197315],[146.71088539908462,-19.28541008974594],[146.7108445066579,-19.285733099996822],[146.71070083368218,-19.286398118281504],[146.7106961901666,-19.286413790667694],[146.71069558697823,-19.286415832145433],[146.7106313241398,-19.286632906053633],[146.71055127662348,-19.286955411332404],[146.71056775243363,-19.287106523238943],[146.71059613099203,-19.287297680258],[146.71063729476032,-19.287638786539983],[146.7107308836326,-19.28800583157672],[146.71084457431186,-19.288269765533236],[146.71090541156292,-19.288497114073838],[146.71102883028632,-19.288912700357656],[146.71115681367516,-19.28932538375021],[146.7111335218318,-19.289397121243756],[146.71109351219536,-19.28952038111531],[146.7109486841178,-19.289920224702904],[146.71068625742444,-19.29045911975462],[146.7102399305626,-19.291109387717576],[146.71018286674587,-19.291490644498914],[146.71022090492124,-19.292374761449665],[146.71009876392915,-19.29263877330259],[146.71002948608862,-19.292734531079912],[146.709969933892,-19.292971656793554],[146.70984425603933,-19.293465273679722],[146.70981259010009,-19.293692005531355],[146.70969287245552,-19.293881616767514],[146.70970189400362,-19.29398500884995],[146.70945113312152,-19.294260763019054],[146.7091149303318,-19.29464325591872],[146.70893274550792,-19.294875432222668],[146.708821140881,-19.295024225231778],[146.70873917189385,-19.295169468590128],[146.70859816511563,-19.295345498176985],[146.7084710173739,-19.295510162771055],[146.7083090966989,-19.29573577352738],[146.70823596437617,-19.295851496847884],[146.70808281000254,-19.29604443346968],[146.70793271432646,-19.296176237495516],[146.70771379364365,-19.2964579052732],[146.70748953960663,-19.29675167421207],[146.7072893963491,-19.296990679312966],[146.7070704724759,-19.297192673418817],[146.70715494223833,-19.297376609533355],[146.70724057179066,-19.29761497009171],[146.70714563281769,-19.29785315857682],[146.70696225660205,-19.298098706053736],[146.70682607220013,-19.29823671294677],[146.70675853031057,-19.29832267573008],[146.70663121050978,-19.298474731632727],[146.7064873501296,-19.298673537913633],[146.7064116425744,-19.29878544255657],[146.70633848383616,-19.298909117828032],[146.70621219168473,-19.299108873933736],[146.7061459838412,-19.299193618585672],[146.7061077950913,-19.29924247601632],[146.70604223491992,-19.299316259427894],[146.70590846812536,-19.299442629450038],[146.70576867085325,-19.29960918755261],[146.70573069942762,-19.29966946839426],[146.70572681979183,-19.299699276186356],[146.7055798269768,-19.29992398658332],[146.70550097630613,-19.299993826169803],[146.7054062192867,-19.30008561876281],[146.70540165934804,-19.300176400091146],[146.70536860288541,-19.300234565016453],[146.70531614559434,-19.30041640114052],[146.70529832393402,-19.300535239937215],[146.70527758776004,-19.300697651868855],[146.7052724121231,-19.30087706999466],[146.70531885017985,-19.301266209586835],[146.70543256670265,-19.301553001898863],[146.70559212119807,-19.302064941902174],[146.7056074572267,-19.302117102789357],[146.7057500326186,-19.302602020854845],[146.7057508364803,-19.302604932159454],[146.70586807272124,-19.303026963926456],[146.70586343888817,-19.30330295542932],[146.70586252297804,-19.303357403650935],[146.70587945976015,-19.303611125857696],[146.70588037823808,-19.30361382045112],[146.70607712120741,-19.30419178307477],[146.70618387278674,-19.304564228153417],[146.70609395915685,-19.30487943070781],[146.70607221743944,-19.30509330841773],[146.70606690059788,-19.30535746895136],[146.70603885318474,-19.305627015247158],[146.7060348243168,-19.30566570644314],[146.70603047772514,-19.305956817724738],[146.70607287304392,-19.30616499674962],[146.70610070889765,-19.306301676381246],[146.70627006372592,-19.30678744131502],[146.70629045303608,-19.30684592732396],[146.70632734325585,-19.307205571446985],[146.70633115109078,-19.307242702763578],[146.70630716549118,-19.307615099945128],[146.70623948305024,-19.307846734252504],[146.7062232782867,-19.307902206167455],[146.70609973817525,-19.30820387082451],[146.70599114647356,-19.30839122871832],[146.7059170045398,-19.30851914958005],[146.7055264159222,-19.308931162396462],[146.70520622431823,-19.309238202476518],[146.70520300142763,-19.30924128802312],[146.70508206447548,-19.30950164667726],[146.70507719927213,-19.309550033490055],[146.70505278627604,-19.309792672315577],[146.70505004365913,-19.309819879155025],[146.70505850935837,-19.309860434107353],[146.70511932651291,-19.310151831260615],[146.70531274864564,-19.310721140306242],[146.70532871337196,-19.310768114788665],[146.7055053302305,-19.311563943155416],[146.70557187444177,-19.311980298871983],[146.70561093977932,-19.312342259987858],[146.70561320579594,-19.31236325725685],[146.7056124999436,-19.31239065716651],[146.70560539170583,-19.31266583102509],[146.7055518873147,-19.313020955168085],[146.70548729449604,-19.313274229265428],[146.70536360134864,-19.313589159670293],[146.7053550236008,-19.313611007008788],[146.70531077760927,-19.313702067524837],[146.70519781680042,-19.31393455895537],[146.70511710163987,-19.314100687428542],[146.70486310150855,-19.31456324771649],[146.70472804470444,-19.314828011361158],[146.7047050989599,-19.31487298892897],[146.70451476108525,-19.315414791161828],[146.7043110982839,-19.316002435754484],[146.70414949129034,-19.316467684084774],[146.7039966365865,-19.316893128184073],[146.70386408813934,-19.317211513330605],[146.70366008737733,-19.31748760533574],[146.7035316857254,-19.317664816578457],[146.70333586190912,-19.317935092437725],[146.7032084442855,-19.31807303806379],[146.70304969417765,-19.31824489468787],[146.70286568026506,-19.318479473911236],[146.70276194678027,-19.318611719110958],[146.70265363887,-19.318730916001304],[146.70250818840884,-19.31889098208416],[146.7022507399592,-19.31915735150704],[146.7022332198729,-19.319149270697345],[146.7003073520205,-19.318261304480206],[146.69970172230697,-19.31806315136788],[146.6984397770384,-19.317822557999964],[146.69716743771278,-19.31768168308509],[146.69647727985833,-19.317655267949384],[146.69592560875387,-19.31763415098854],[146.69579764033978,-19.317629256346976],[146.6953758974775,-19.31760346516108],[146.6936087366337,-19.317495375311665],[146.69235138234023,-19.31741845785588],[146.69222067291707,-19.317428693515755],[146.69221894940745,-19.31742897076355],[146.69037553562947,-19.31773454661651],[146.6894481151083,-19.318033269690815],[146.687528759618,-19.318651476174917],[146.68724396216587,-19.31870518463076],[146.67901548276092,-19.31852875465391],[146.67503353167305,-19.31844324350664],[146.6738516520589,-19.318317206464048],[146.67381914092323,-19.31831374129211],[146.67381663786995,-19.318313474736257],[146.67278047939257,-19.31807390315499],[146.67096309353096,-19.317492358416],[146.6681330294331,-19.31664974083806],[146.66777907966468,-19.31654435487273],[146.66459067499216,-19.315606581502816],[146.662928379454,-19.315157484464013],[146.6628597255934,-19.31641668971696],[146.66323707596135,-19.316393672876174],[146.66339517245302,-19.316439422003],[146.6636215989869,-19.316517225599984],[146.66384195405794,-19.316580287010012],[146.66390126810197,-19.316645581989015],[146.6638149447678,-19.316870568009247],[146.66380077919976,-19.316912935655584],[146.66374705708353,-19.3170736906979],[146.66371797810146,-19.31715634602947],[146.6636844179778,-19.317251762731267],[146.66360254123236,-19.317410766815232],[146.66356046341224,-19.31756095160129],[146.66352634278576,-19.317823194888213],[146.66357704685967,-19.317909467622002],[146.6636699080312,-19.31806746539083],[146.66383869170338,-19.318255209060887],[146.6641093823887,-19.318507078784297],[146.66432829505848,-19.318657906754716],[146.66457235370652,-19.318754963874156],[146.6647127198056,-19.318753296974418],[146.66490383098713,-19.318724846400897],[146.66515336991802,-19.31863655879128],[146.66552894682897,-19.318598613520894],[146.66568222034707,-19.318634727175397],[146.6659515866182,-19.318706181116088],[146.66500575264143,-19.32806333793191],[146.65961694995624,-19.32757095102093],[146.65867548607548,-19.336854270625377],[146.64861389575225,-19.33593447616524],[146.64857981820563,-19.336270233636462],[146.6482664737345,-19.336515405565425],[146.64700836790954,-19.348911290312515],[146.64697682252927,-19.349222127212908],[146.644860107505,-19.37045403112985],[146.64480307048288,-19.370448849973776],[146.62761121180318,-19.368885246060746],[146.6273230901966,-19.368859361360514],[146.62731274618102,-19.36896117104532],[146.62721779904868,-19.36989554674977],[146.62716852097589,-19.370377208393794],[146.62710172361423,-19.371037950824476],[146.62690335791277,-19.372990178390953],[146.62683224369405,-19.372986218907386],[146.61414912572585,-19.3722795356041],[146.6134776083274,-19.372242097658205],[146.6131605082616,-19.374676910561444],[146.61313746639013,-19.374857324535547],[146.60174796349855,-19.373544971800857],[146.60026623992988,-19.385177528926903],[146.59533816804992,-19.384683841968794],[146.58874125803783,-19.384000055762236],[146.58855013200522,-19.383980365454804],[146.58475173747044,-19.38358897622809],[146.5840359258728,-19.383515206555067],[146.58377013759474,-19.383489168150934],[146.5836608472334,-19.383674386891094],[146.58359091271635,-19.383871895763622],[146.58354722267927,-19.384114713548765],[146.58369412095652,-19.384453752025305],[146.58373325401303,-19.384906149437718],[146.5838001219582,-19.38537597962808],[146.58388673406796,-19.385664967968584],[146.58393474289267,-19.385825161317655],[146.5839591474987,-19.386066408807462],[146.58383328658073,-19.386464739148355],[146.583715530023,-19.386956459424713],[146.58378423537917,-19.38743427350848],[146.58380139764665,-19.38755366598973],[146.58406184890865,-19.38821761330216],[146.5844045329862,-19.388616409375683],[146.58503884337068,-19.38887214412121],[146.5855389345916,-19.389221547840133],[146.58582919845284,-19.389620212770797],[146.58584568121012,-19.390012732292217],[146.5857223748102,-19.39039941173161],[146.58544174184067,-19.39079678488219],[146.58515558278293,-19.391078054175725],[146.58461334748168,-19.391264761293808],[146.58417498557404,-19.391454478713626],[146.58371575300245,-19.39183669201166],[146.5832334299046,-19.392130414],[146.58318257102823,-19.39213916283823],[146.5827892102268,-19.392206789191093],[146.58229157724276,-19.39241201825442],[146.5819903663756,-19.39275528757054],[146.58196807208049,-19.393374359700317],[146.58212226640555,-19.393826777462092],[146.58253526988616,-19.394319100899818],[146.582873246632,-19.394557868836223],[146.5830935138531,-19.394713477927723],[146.5836621222551,-19.39510787700127],[146.58417885336,-19.395541467115454],[146.5847985746759,-19.396201318158013],[146.58471345754083,-19.39662681679442],[146.58466445140309,-19.396925815080742],[146.5846474512585,-19.397124809524907],[146.58454245477463,-19.397404810350846],[146.5843484536814,-19.3976938164465],[146.5840124511342,-19.397892813196176],[146.58389545395693,-19.39801881191113],[146.58387044979727,-19.398087816251014],[146.5837814509761,-19.39832681569292],[146.5837034529864,-19.398823813504873],[146.58356045800306,-19.39917680972111],[146.5833744580585,-19.399609812145243],[146.58323945046837,-19.399944815412454],[146.5831344506913,-19.40026181316691],[146.58301144875608,-19.40058681257065],[146.58289045493498,-19.400803814057948],[146.58280145762785,-19.40090281010379],[146.58274245448692,-19.40101181576907],[146.58267545578954,-19.40121981355464],[146.58267445311367,-19.401418808253062],[146.5827434511222,-19.401554812375483],[146.58262145132284,-19.401870812787607],[146.5825737733246,-19.401968041928427],[146.58251945099641,-19.402078811446962],[146.58244245175513,-19.40224180848686],[146.58234945154842,-19.4023228112513],[146.58226445544358,-19.402394813334258],[146.58208645779013,-19.402484811328495],[146.58198945449968,-19.402484814199692],[146.5819284563938,-19.40247580851386],[146.58184445749305,-19.40246681315468],[146.5816254582317,-19.40247481311903],[146.58131145391962,-19.402546811637134],[146.58104945370107,-19.402617808880166],[146.58062445361085,-19.402589816900083],[146.58034644885157,-19.402498813302234],[146.58012845794678,-19.40252580977137],[146.57995945809603,-19.402660813122573],[146.57962745626813,-19.402786808968855],[146.57929345786602,-19.40280381217449],[146.57893344920197,-19.402794809004273],[146.57865945763737,-19.402983817563772],[146.57865544894605,-19.403064816811586],[146.57860644933166,-19.40320081093758],[146.5785294539211,-19.403345813376074],[146.57820245396567,-19.40346281721937],[146.57793145717127,-19.403416812862293],[146.5776134491675,-19.4033708163422],[146.577274454282,-19.40331581469715],[146.57701145535663,-19.40337781183129],[146.57682545350434,-19.40346781308183],[146.5765834566465,-19.40352181547119],[146.57624445576204,-19.403575817327916],[146.57611945575138,-19.40366581546319],[146.57586445221077,-19.40379181219079],[146.57541745571723,-19.40388981508924],[146.57521845262562,-19.403898811938078],[146.57493045790076,-19.40390681423679],[146.57479644966133,-19.40395181276346],[146.57475645751063,-19.40395180956988],[146.57467644979118,-19.40396081308299],[146.57455045048619,-19.403987810205198],[146.5745264502907,-19.404005810134482],[146.57442145100887,-19.404014809251382],[146.57428445272637,-19.40407781131981],[146.5742074562321,-19.404294810352823],[146.57408544901045,-19.404474814462414],[146.57398045572208,-19.404583817787874],[146.57380945231506,-19.404691816782833],[146.57362445540082,-19.404745813276275],[146.5735114559322,-19.40477281304863],[146.57343045119362,-19.404871814051848],[146.5732804584592,-19.4050708111252],[146.57319545121686,-19.405115815040958],[146.57307045018763,-19.40512481157555],[146.5729494512986,-19.405114812427648],[146.5727634561487,-19.4051058171676],[146.5726094512366,-19.405104813439564],[146.5724804499973,-19.40511380919803],[146.57231545028537,-19.405077814857957],[146.57222245790754,-19.405076809775156],[146.57212945281313,-19.405058814886907],[146.57195544939682,-19.405067812766028],[146.5717864533332,-19.4050668091817],[146.57165345236928,-19.40509381488416],[146.57154445755813,-19.405129814764695],[146.5714074563349,-19.405156810854837],[146.5713094574425,-19.405201810352],[146.5711524501329,-19.40521981233962],[146.57093845034507,-19.405273809928833],[146.57080445663573,-19.405308810483216],[146.5706914567371,-19.405353810363874],[146.5706104496203,-19.405434817223504],[146.5704574517025,-19.405579817229082],[146.5703644543644,-19.405714810303266],[146.5703454543753,-19.405739816190998],[146.57025045803888,-19.405859811948474],[146.57028245021078,-19.40585981529989],[146.57026645004456,-19.405895817369036],[146.57023445397058,-19.405940809660265],[146.5700684535392,-19.406031818125097],[146.56993445411902,-19.40605781707006],[146.56976545532743,-19.406111811289165],[146.5695514582896,-19.406138813443544],[146.5691604591845,-19.406191811212935],[146.5688374561231,-19.406236808980925],[146.56859445513138,-19.40627181130557],[146.5684204502775,-19.40628081480743],[146.5683114585749,-19.406289809917656],[146.56810145442222,-19.406315816724206],[146.56786845112003,-19.406351808800746],[146.56763345231101,-19.406378812967795],[146.5674394583683,-19.406386810038867],[146.56718145339332,-19.40642281401614],[146.56690645480052,-19.406430816392646],[146.56670545295754,-19.40644880906544],[146.56438745043133,-19.40728780988053],[146.56345376829293,-19.40761123858191],[146.56322005033937,-19.407396588590117],[146.56298888762115,-19.407327351042998],[146.56283326032064,-19.4071842812576],[146.562754021938,-19.40704003959067],[146.56380457158812,-19.40571420379488],[146.56379222437084,-19.404986788525708],[146.5638662376064,-19.40484020394319],[146.56401578467307,-19.404619606091895],[146.56391802437523,-19.40338436382964],[146.56368440719942,-19.403169624299494],[146.56335806859573,-19.402010647992004],[146.5631998818076,-19.40172207531406],[146.56296492858186,-19.40143467350826],[146.56280798684043,-19.401218842978597],[146.56249019264243,-19.40056894458618],[146.56225914459907,-19.40049970650541],[146.56149282149443,-19.40051159588695],[146.5605856701529,-19.40125305779476],[146.56042995517774,-19.401110076150264],[146.56019880254036,-19.4010408352035],[146.559892306543,-19.40104560600536],[146.55966486235772,-19.401194618883128],[146.55936329748354,-19.401490214000273],[146.55920758362146,-19.401347140958645],[146.55882195992282,-19.40120756757394],[146.55843623210922,-19.401068002164497],[146.55789982613143,-19.40107627765348],[146.55751675375376,-19.40108221374944],[146.55699796247677,-19.40120482139037],[146.55654976388018,-19.401587072355802],[146.55635708292883,-19.4019699550247],[146.55626614920632,-19.402229088141258],[146.55588051654297,-19.40208951755186],[146.55580393974293,-19.4020906859938],[146.55549735609685,-19.40209544913344],[146.55527245433083,-19.40238986917578],[146.55504878255923,-19.402757040385357],[146.55497826408916,-19.4031219655835],[146.55513681774863,-19.403410817156683],[146.55537013881818,-19.403625295644648],[146.5557557748581,-19.403764776986385],[146.55560621761038,-19.403985367858077],[146.55538131336485,-19.404279787926498],[146.55523431239476,-19.404645791235183],[146.5553949496131,-19.405079873440485],[146.55562732753407,-19.405221781598186],[146.5554765375011,-19.405369711218285],[146.55532820929426,-19.405663053233788],[146.55525892143606,-19.40610054911679],[146.5554987914292,-19.406678966371814],[146.55580898183615,-19.40689245749219],[146.55565951719598,-19.40711295813957],[146.55551109266685,-19.407406209620486],[146.5552912020308,-19.40799172569337],[146.55537772485496,-19.40857238844204],[146.5556885892475,-19.408858087622868],[146.5561552626615,-19.409215198296344],[146.55707734534215,-19.409346497597397],[146.55753463891816,-19.4091939905091],[146.55753843011075,-19.409412154644837],[146.5575433579657,-19.409703069965367],[146.55754705367764,-19.409921324227387],[146.55770277405284,-19.410064398689507],[146.5579363928584,-19.410279145786173],[146.55816869486517,-19.41042096022396],[146.55801799767778,-19.410568801680917],[146.5579451131406,-19.41078822518841],[146.55787478798624,-19.411153061341995],[146.5578055040252,-19.411590648391545],[146.55788834126668,-19.411953055716637],[146.55812433227393,-19.412313214792118],[146.55843748658563,-19.412672386299178],[146.5585916829394,-19.412742617534928],[146.55851993399844,-19.413035244233054],[146.5585260971198,-19.413398458992344],[146.55853728386333,-19.414053041011645],[146.55861765887414,-19.41427003555713],[146.55877583961987,-19.41455861188334],[146.55932110934097,-19.41505950447756],[146.5593988296906,-19.415131085826268],[146.55924689651027,-19.415206176782213],[146.55901818971233,-19.415282436818824],[146.55863745379582,-19.41543378676604],[146.55848665705747,-19.415581628216447],[146.55840638638796,-19.415364633889645],[146.55825056521553,-19.415221550733545],[146.5580181616486,-19.41507955536747],[146.5576326021279,-19.414939988320015],[146.55732598485238,-19.41494475404001],[146.55701946306283,-19.41494942910433],[146.55701823115962,-19.414876768094683],[146.55693663615287,-19.414586931163324],[146.5568524827597,-19.41415168156002],[146.55653365677313,-19.413429113113246],[146.55622088555265,-19.413070210449114],[146.5559105880538,-19.412856629330946],[146.55552493088254,-19.412717048622323],[146.55498971749844,-19.412798066141246],[146.55476224263782,-19.41294716262664],[146.55445951167678,-19.41316999746946],[146.55431126952965,-19.41346333846097],[146.55415791479052,-19.413465673307783],[146.5540045693281,-19.413468098418466],[146.5536251589079,-19.413692099126443],[146.5536301747619,-19.41398310488523],[146.55348050979276,-19.41420369328368],[146.55332970012046,-19.414351530379957],[146.55302942440926,-19.41471985642097],[146.55288590727807,-19.415304110754988],[146.55281679825623,-19.41574178624204],[146.55282550251346,-19.416250865274804],[146.55259177718565,-19.416036201822358],[146.55235692766294,-19.415748786971253],[146.5518922250261,-19.415464871662188],[146.55158192837382,-19.41525146396851],[146.55119626947325,-19.41511188310543],[146.55073526705945,-19.415046128636895],[146.55027538867782,-19.41505321448086],[146.54997010454346,-19.415130719397435],[146.5498118342027,-19.414842135460262],[146.54973279461058,-19.414697798491847],[146.54965120264836,-19.414408139257926],[146.54956962098709,-19.41411829926767],[146.54948926766522,-19.413901300979507],[146.54940871577747,-19.413683850308978],[146.5493297713327,-19.41353987488138],[146.54924950432053,-19.413322876698178],[146.54901353145502,-19.41296279686499],[146.54869690351615,-19.412385626966483],[146.54876989613385,-19.41216629807548],[146.5487464396566,-19.41189946580018],[146.54868586090723,-19.411731045268994],[146.54860550059362,-19.411513956186674],[146.54837311062187,-19.411372039066528],[146.548219757871,-19.411374368939075],[146.54791390777282,-19.41145204986913],[146.54745725707465,-19.41160436233466],[146.54707576887157,-19.41168284750503],[146.54684669024329,-19.411759091307434],[146.54661543304476,-19.411690013480655],[146.5463818176767,-19.411475342463877],[146.54607408521736,-19.41140724782894],[146.54584169741327,-19.41126541788666],[146.54575888780207,-19.410902824843138],[146.54560073341693,-19.410614327967927],[146.5453658944303,-19.410326904288816],[146.5449778095477,-19.410041807737034],[146.54474032956816,-19.409608880007717],[146.5447342935276,-19.40924521363477],[146.54472938845578,-19.408954298409295],[146.5446464964052,-19.408591794995875],[146.54448588467673,-19.408157703960466],[146.5443277255823,-19.40786920596597],[146.54416816036837,-19.407507865602405],[146.54400755066607,-19.40707386451005],[146.54384939393307,-19.406785185363482],[146.54376772109035,-19.406495432917822],[146.54353544750495,-19.406353419655055],[146.54323007199412,-19.40643091332144],[146.5426949692103,-19.40651189521218],[146.5421584408549,-19.406520123599048],[146.5416967175713,-19.406381777229097],[146.54077409418494,-19.40625039898112],[146.54039345892298,-19.406401629838946],[146.54023767146094,-19.406258631014655],[146.54000539184935,-19.406116613281682],[146.5398471476478,-19.4058280209138],[146.539842155992,-19.405537105385942],[146.539837459846,-19.405246100226645],[146.53983237295995,-19.404955184439547],[146.5399807279939,-19.404661855597297],[146.5402044358591,-19.40429470374434],[146.5402736679813,-19.403857123701645],[146.54026754655405,-19.403493456917253],[146.54018475239025,-19.40313104209692],[146.5401044074085,-19.402913949366035],[146.53994617552294,-19.40262535706718],[146.5397102290353,-19.40226517506702],[146.53955114342742,-19.40190473562951],[146.53938886350102,-19.40139698385498],[146.5392282722009,-19.400962978630528],[146.53906956025648,-19.40067357101637],[146.5388285502255,-19.400155045712587],[146.53828479911783,-19.39959463278001],[146.53797501602023,-19.39938156511848],[146.53727436290413,-19.398737519040576],[146.53696493509307,-19.398403263593643],[146.5368034399562,-19.39808998910418],[146.53656872939223,-19.39780255459117],[146.53641050854696,-19.397513959283348],[146.5360212374133,-19.39715619206384],[146.5357863393298,-19.39686866571139],[146.5355503241592,-19.39650856859595],[146.5353155228,-19.39622113226444],[146.53515720217663,-19.395932083775737],[146.53507583418943,-19.3956427891254],[146.5348719624748,-19.39536726987043],[146.53452994360453,-19.39514119099856],[146.53414381413597,-19.394857522763992],[146.53390928898008,-19.39464202037971],[146.5338712747563,-19.39437966736764],[146.534052663009,-19.394057870603636],[146.53427759079358,-19.393763395755716],[146.53450392043328,-19.393541663525674],[146.53442480912196,-19.393397319806148],[146.53419490987417,-19.39340088807087],[146.5338896500987,-19.393478276436706],[146.53366453153512,-19.393772759356047],[146.53359171778817,-19.393992173234267],[146.5332884318113,-19.39421523403501],[146.53306144095794,-19.39436403389951],[146.53221847912891,-19.394376868716297],[146.5317575335982,-19.394311257065862],[146.53114326166136,-19.394247860665857],[146.53076633611957,-19.394241375741053],[146.53051924424477,-19.3941623866105],[146.53037452933248,-19.39411393574333],[146.52999034885684,-19.394047153292288],[146.52930043946805,-19.394057659046762],[146.52891495495047,-19.39391803226751],[146.52853189966743,-19.393923907614198],[146.5280733096406,-19.394003590588582],[146.52753813639958,-19.394084528387594],[146.52700165859181,-19.394092712904683],[146.52662065810694,-19.39424417652949],[146.526392442995,-19.394320306842545],[146.5263947839407,-19.394465809530796],[146.52670370402197,-19.394606507534043],[146.52708948338147,-19.394746139753202],[146.5273241632617,-19.395033577098634],[146.5273302557772,-19.395397334419858],[146.52718441946345,-19.39583606573453],[146.52688281677266,-19.39613160617004],[146.52673566483358,-19.396497675720976],[146.52666640022954,-19.396935241233315],[146.52659713546362,-19.397372725357606],[146.52675899314272,-19.39787967354382],[146.5273025188472,-19.398307726831025],[146.52784276162228,-19.398517886660173],[146.52815271944993,-19.398731161570275],[146.52838656798653,-19.39894611823773],[146.5286237989023,-19.39937906613156],[146.52870900384278,-19.399886988658785],[146.5287274724301,-19.400977899056475],[146.52888813014087,-19.4014121843346],[146.52920071385992,-19.401771132547058],[146.5287361014384,-19.401487159250255],[146.52842771973494,-19.401418952113083],[146.52796724192925,-19.40135332274172],[146.52758651123796,-19.40150468926787],[146.5271271154699,-19.401657937909835],[146.52651968327896,-19.401884813243772],[146.52614036826552,-19.402108847270696],[146.52568549339532,-19.402406696736417],[146.52515272659292,-19.402633129627844],[146.52476956550385,-19.402638906013767],[146.52430981763885,-19.402645927099297],[146.5239227201703,-19.402433356395477],[146.52353525245377,-19.40214875866411],[146.5232998093866,-19.401860672952697],[146.52298741858385,-19.401502076819956],[146.5227539541853,-19.40128728604242],[146.52251785717493,-19.400927172375248],[146.52220650642585,-19.400640874020162],[146.52181838059957,-19.400355819125913],[146.5215873512411,-19.400286529706474],[146.52120297014656,-19.400219637628865],[146.5208963810818,-19.400224252065804],[146.52066899864084,-19.400373306075153],[146.5205947587462,-19.40051987188336],[146.52059961119895,-19.400810877471013],[146.5204476841908,-19.400885845666785],[146.52022019592292,-19.40103480842939],[146.5199149155054,-19.40111226319433],[146.5195341783044,-19.401263621748363],[146.51938337011674,-19.401411340172814],[146.51923507687633,-19.401704651843893],[146.51916326478306,-19.40199671978318],[146.51909033284224,-19.402216036544726],[146.5189395135749,-19.40236384490257],[146.51870930660786,-19.402367392525214],[146.51824815495152,-19.40230155603442],[146.51801871952057,-19.40230510482861],[146.51763614409944,-19.40223848105999],[146.5171736697364,-19.40217254797641],[146.5169421542164,-19.402103251363524],[146.51686314958437,-19.401958991000615],[146.51678293182835,-19.40174179848115],[146.51677687211662,-19.401378131949755],[146.51677303999386,-19.401159967650464],[146.51669160843403,-19.40087020443248],[146.5166112003951,-19.40065319206066],[146.51652976935424,-19.40036342876572],[146.51660119957785,-19.400072987541638],[146.51667209232644,-19.39970645296961],[146.5166634148522,-19.399197283048352],[146.51650409998734,-19.39883601036711],[146.51642257472662,-19.398546246736792],[146.516263261238,-19.398184892511146],[146.5163349816737,-19.39789273504792],[146.5163289131045,-19.397529158717237],[146.51624618470413,-19.39716664359524],[146.51608930017483,-19.396950692630753],[146.51593232055208,-19.39673483165088],[146.51569755389534,-19.396447379751],[146.51544423381577,-19.39628611655058],[146.5153095545331,-19.39616222119593],[146.51530703271501,-19.396016808464406],[146.51538118018556,-19.39587015417775],[146.5155321869436,-19.395722349114852],[146.51598695632856,-19.395424434186744],[146.51621313133796,-19.395202815228497],[146.5162862547619,-19.39498331923582],[146.51628242323878,-19.394765154790786],[146.51620342258192,-19.39462089411419],[146.51643081009678,-19.394471935906992],[146.51650374238412,-19.394252448326355],[146.51650029123786,-19.394034375245255],[146.5163432185341,-19.393818514346666],[146.51610966901754,-19.393603714999323],[146.51580067489616,-19.393462908618574],[146.51587258435106,-19.393170751667054],[146.51594420756746,-19.392878684281413],[146.5159344041794,-19.39229686218152],[146.51577631093429,-19.392008249855742],[146.5155426692031,-19.391793539925597],[146.51544071149686,-19.391619666607017],[146.51538093723698,-19.39128676325696],[146.51514497559623,-19.390926550188816],[146.51498809805634,-19.390710688657137],[146.5149090054586,-19.390566336797374],[146.51490527093935,-19.39034818155074],[146.5148250611213,-19.39013098807042],[146.51459274063305,-19.389989119077786],[146.5140563622196,-19.38999726590855],[146.5139760579283,-19.389780252558616],[146.513895754112,-19.389563148802914],[146.51343241538845,-19.38935197916607],[146.51320241750645,-19.389355430353614],[146.51296888768636,-19.38914071749002],[146.51250432993893,-19.388856794036897],[146.51227331139282,-19.38878749310502],[146.51196554138454,-19.388719440908638],[146.51173563963695,-19.388722890515623],[146.5115033143654,-19.388581017630532],[146.51127221095132,-19.3885117152124],[146.51096452765103,-19.38844365253366],[146.51065674965685,-19.388375498713533],[146.50958401308242,-19.38839176782472],[146.50950624146375,-19.388320255825576],[146.5092751297985,-19.38825095086856],[146.50889078277,-19.388183943025762],[146.5085842256564,-19.388188627584558],[146.50842854330844,-19.38811771794168],[146.50825885285948,-19.388049842888865],[146.50804431863602,-19.38797850268294],[146.5075739580384,-19.3880480802176],[146.50729949595248,-19.388112403612688],[146.50705168816017,-19.388211862553504],[146.50674894961455,-19.388434798901258],[146.5065215621024,-19.388583745090784],[146.50528210164356,-19.387802107987238],[146.5048187797615,-19.387590826347946],[146.5047238912626,-19.386500981120886],[146.50486252682683,-19.385625850034227],[146.5047811235337,-19.385336081619432],[146.50462659623287,-19.38526571415125],[146.5048551797551,-19.385189521664174],[146.5050072993777,-19.38511438601078],[146.5052346830264,-19.3849655409886],[146.50522984815743,-19.384674535065407],[146.50522854421155,-19.384601783324186],[146.50492087097757,-19.384533710609148],[146.50507168580512,-19.3843859135085],[146.50507047715783,-19.384313162024558],[146.50505041772377,-19.384270362232705],[146.50494757306635,-19.38423763938986],[146.505527850434,-19.38416077612787],[146.50560190543757,-19.384014215823242],[146.50575160572453,-19.383793576524265],[146.50570193817953,-19.383747985239275],[146.50298479278956,-19.383407991533865],[146.50295197791263,-19.382422032883525],[146.50215993631215,-19.380843978628036],[146.50226576824429,-19.379359481849807],[146.50226994158234,-19.378455788739352],[146.50170031792138,-19.377731636527724],[146.49976755278655,-19.37657411016236],[146.4977203865348,-19.376152053041736],[146.49486979139448,-19.376329150641915],[146.4940086325726,-19.375943406908366],[146.49335634814165,-19.37519891910709],[146.4921822301459,-19.373858815418576],[146.49092373523945,-19.37344158378222],[146.4891203259812,-19.374022310943076],[146.4872165028824,-19.375524333609963],[146.485728947473,-19.377944129126604],[146.48477879691387,-19.378003073717657],[146.4820976806355,-19.375435372329672],[146.48052381602065,-19.374417935190078],[146.47003436768944,-19.373601642057803],[146.4691649777117,-19.371473096330284],[146.46909561789607,-19.37042929939183],[146.46857301846842,-19.369576017433495],[146.46769242215836,-19.369450667437103],[146.46704842509794,-19.368650742209432],[146.46544050764692,-19.36734439902426],[146.46676100936455,-19.36619786858003],[146.46668545502592,-19.366124085930338],[146.46653544999,-19.365903685406664],[146.46646217870133,-19.36568432299214],[146.46638771841143,-19.36553779543075],[146.4661633400644,-19.365170867270944],[146.46601343179702,-19.364950466610956],[146.4658645130559,-19.364657329770644],[146.46571450061467,-19.364437018934964],[146.46564232531605,-19.364144821036124],[146.465646701239,-19.363853841864895],[146.4656499837509,-19.363635426741414],[146.46572991223852,-19.36341823061153],[146.46580993601836,-19.36320094434635],[146.46588198600404,-19.363005323494136],[146.4651814189405,-19.36299585666144],[146.465188823599,-19.362915087456454],[146.46518079283229,-19.362779065758264],[146.46519668544173,-19.362606505360567],[146.46519398406826,-19.362412924457093],[146.46517249775604,-19.362198503226566],[146.46513035501306,-19.361982394648503],[146.4650901791629,-19.36174713335234],[146.4650499180202,-19.361511781422916],[146.46495170681388,-19.361233152619057],[146.4648927471986,-19.360976870185556],[146.4648202366161,-19.360642386705074],[146.46480230371003,-19.360389658876496],[146.4648012842194,-19.360176834017707],[146.464841386149,-19.35996756407674],[146.464853726342,-19.35983321982228],[146.4649677558609,-19.359494666546556],[146.4650452361537,-19.35932707665936],[146.46508533783168,-19.359117716263466],[146.46510123037888,-19.35894506542964],[146.46509852906365,-19.35875148445145],[146.46509573221095,-19.358558002595935],[146.46504835635008,-19.35839944440644],[146.464982291613,-19.358219955774157],[146.46487688151757,-19.358018030059533],[146.46482604826116,-19.35789786900404],[146.4647545689474,-19.357775930221226],[146.46470373555692,-19.357655859501733],[146.46463056548012,-19.35755316456315],[146.46457786126544,-19.35745206606035],[146.46454927021537,-19.35731443849105],[146.464500118556,-19.357175123797212],[146.46445106248504,-19.35703571900061],[146.46444326062922,-19.35694356359258],[146.4628031230212,-19.355587915029293],[146.45887486217964,-19.35529697013052],[146.45744232700076,-19.35606738868394],[146.4562180424523,-19.35729346737978],[146.45562198011604,-19.356092836292294],[146.45525743748212,-19.35545354327816],[146.4560409508168,-19.354836261958262],[146.4567980398529,-19.354330279548325],[146.45766986631995,-19.353950304319927],[146.4576028643203,-19.353682871101903],[146.45833327539995,-19.353462200751135],[146.45892367996854,-19.353199984104773],[146.45935044958898,-19.353360646312474],[146.45973350619343,-19.352995665973626],[146.46105785417583,-19.352465790195904],[146.46131767091796,-19.351710069294143],[146.46156016291195,-19.351004768499504],[146.46190063740994,-19.349572122298504],[146.46168496014087,-19.34797826587826],[146.46190105887052,-19.34533963007776],[146.46178063923196,-19.344654890858138],[146.46177332011914,-19.342374337381152],[146.4614979329251,-19.34219052386302],[146.46144983354623,-19.34182242977617],[146.46118897548732,-19.341392110326023],[146.46094421260935,-19.341082283736835],[146.45987403597536,-19.34082296948254],[146.4580457279267,-19.34191273979211],[146.45793131285717,-19.342180329419598],[146.45729042809256,-19.34174637056806],[146.45638716865665,-19.34072702155042],[146.45564431350346,-19.33971799770055],[146.45465029007704,-19.338890668191183],[146.45371827165644,-19.33814088526362],[146.45292934474048,-19.337367109154975],[146.45186132872126,-19.336525905861652],[146.45154110948218,-19.336229160678034],[146.45052498673294,-19.335930408970043],[146.44956193542066,-19.335730324570147],[146.44886609293985,-19.33567887992374],[146.44795515172183,-19.335922653588156],[146.4472583140756,-19.33616689124023],[146.44666824219897,-19.33651022496997],[146.44565085845448,-19.33655638557894],[146.4455465152053,-19.335767407250955],[146.44570912310203,-19.335176437609405],[146.44571110938352,-19.334584970414806],[146.4456063392139,-19.33389449424871],[146.44507377046543,-19.333054970006504],[146.44443353772576,-19.33241230409346],[146.44411608330512,-19.33130195122697],[146.4445470428626,-19.33051461237212],[146.4453005132798,-19.32933386877514],[146.44631148640224,-19.328555138895254],[146.44632033414365,-19.328548315691236],[146.44776925790447,-19.327517607658883],[146.44873414807412,-19.327126150892887],[146.44932417144972,-19.32678298989485],[146.44991519189082,-19.32614405672354],[146.45058285441286,-19.325304269241535],[146.45077536742025,-19.325062114218046],[146.45141970087758,-19.324472588210803],[146.45233154920066,-19.323933106134454],[146.45324283089764,-19.32359080594705],[146.45383266871528,-19.323296881092173],[146.45426207795495,-19.322953141087407],[146.4542739861408,-19.322938970481328],[146.454799462899,-19.322313940251107],[146.4556577904415,-19.321774280937625],[146.456194445805,-19.321381595220377],[146.45764014655853,-19.32128721499275],[146.45956874557012,-19.320849409688048],[146.46058592573232,-19.320803078186348],[146.4625663325579,-19.320907518145965],[146.46369053760296,-19.320910826961143],[146.46417277518503,-19.320764488255765],[146.4645487344392,-19.320371124561227],[146.46476579420863,-19.319484511942417],[146.46455402232655,-19.318744568428222],[146.464020372777,-19.318250119947987],[146.46348567590255,-19.318051368568216],[146.4626832306039,-19.31790116055757],[146.4618270432633,-19.317800042492724],[146.45995256324315,-19.318090195704368],[146.45947007244337,-19.318285946294417],[146.45850575549653,-19.31852952701085],[146.45764891754743,-19.318625575922553],[146.45706007964674,-19.318623824360333],[146.45625786906325,-19.318374994609357],[146.45556308571747,-19.31802789680456],[146.45508214606434,-19.317780020469527],[146.45438851275136,-19.3170878689982],[146.45413079208623,-19.315921508096743],[146.45391384167,-19.31518019104644],[146.45355023719497,-19.314573077623297],[146.45274702924524,-19.31423394971757],[146.45040695385026,-19.314226916141386],[146.44931033176795,-19.31415628367794],[146.44872598598604,-19.313952459755797],[146.44711994816961,-19.313139598018484],[146.44639098785802,-19.312464136880205],[146.44580846701425,-19.311721601927694],[146.44522595105377,-19.310979164592847],[146.44464480409886,-19.30983277360596],[146.44465933208372,-19.305523338041393],[146.44510301482612,-19.304043252333063],[146.4457652687081,-19.302833313854286],[146.44708525888538,-19.301692601558866],[146.44767158399335,-19.301290329480082],[146.4476011024336,-19.30048211271511],[146.4465792563711,-19.29994032801118],[146.44599474684952,-19.299803903129188],[146.44489687017423,-19.30013728920236],[146.44372625119402,-19.300335794810184],[146.44299486402502,-19.300400800578636],[146.4421453832906,-19.30035703410316],[146.4416058612645,-19.30032923153812],[146.43941378884782,-19.299851240765616],[146.4378792880175,-19.29957712828082],[146.43707503503262,-19.299574650365106],[146.43597912484935,-19.299301964140934],[146.43488285162468,-19.299163840941112],[146.43356570782902,-19.299429144661303],[146.43254160470795,-19.299560625566965],[146.43115146158883,-19.299825693835537],[146.4297622381049,-19.299821360149064],[146.42844541138243,-19.300019129961953],[146.42749406924764,-19.300218217387968],[146.42596123168113,-19.29947263859223],[146.42494300409373,-19.29792085720836],[146.42545759546326,-19.297114475765152],[146.4260463122767,-19.29603885025189],[146.42605288512817,-19.29415348246481],[146.42634959206245,-19.292942457151902],[146.426498595087,-19.292134923171986],[146.42613914083398,-19.290382966403772],[146.42563011590488,-19.289573373373972],[146.42475493712374,-19.288964685497366],[146.42358579179592,-19.288758931570975],[146.42236516496988,-19.288798905312895],[146.42073374198873,-19.28895197752059],[146.4189042136819,-19.289417538254856],[146.41575203905003,-19.29023500389234],[146.41562358364888,-19.29024534702231],[146.41542337401688,-19.29024829406008],[146.41526861001304,-19.290219106099055],[146.41511399891075,-19.290146884159554],[146.41496315360664,-19.29007825281758],[146.41480858102267,-19.289995267645136],[146.4147294549743,-19.2899412166812],[146.41462013705285,-19.289879893523917],[146.4145107204428,-19.289843674855213],[146.41434852458133,-19.289782182033196],[146.41419764165863,-19.28972431305287],[146.41406173516393,-19.289702359962963],[146.41390318081397,-19.289676746402094],[146.41380872474525,-19.28968361869241],[146.41371426544714,-19.289694069586794],[146.4135932842002,-19.289722373788543],[146.41344223552915,-19.289711134726684],[146.4133366071899,-19.289674927527592],[146.41323469661194,-19.289653083012453],[146.41314784840264,-19.28964562859917],[146.41307985692163,-19.289645410137652],[146.41301184938342,-19.289652366999523],[146.41288711200528,-19.289677070960554],[146.41279639592702,-19.289694708810863],[146.41268313753557,-19.289676415207875],[146.4125021019577,-19.289600509386155],[146.4124152665878,-19.289589476004323],[146.4123171729676,-19.289556880160188],[146.4121736685105,-19.28954924298994],[146.41206422379153,-19.28952378588045],[146.41193583610738,-19.289512609481825],[146.41184148255306,-19.289490788525182],[146.41173582910213,-19.289461755729143],[146.4116339188938,-19.289439910329396],[146.41149802585082,-19.28941436768819],[146.41135090986253,-19.289360096220694],[146.41127178529203,-19.289306043793097],[146.41115112128358,-19.289248260687145],[146.41106809353124,-19.289226475847553],[146.4109661674205,-19.28921180542739],[146.41088313642922,-19.289193599156413],[146.41083028751777,-19.289182674638624],[146.41075483889722,-19.289157326405395],[146.41070961089213,-19.28912848794142],[146.41067573078456,-19.2890960983799],[146.41065322424714,-19.289052982411466],[146.4106533782459,-19.289009948591943],[146.41067239832404,-19.288974142003095],[146.4107065735701,-19.28892404254539],[146.4107559553387,-19.288845290540895],[146.41081303482716,-19.288727125768524],[146.41084350864486,-19.288655488145906],[146.41090441766775,-19.288522984892985],[146.4109236718649,-19.288419030810847],[146.4109580393235,-19.288315134498156],[146.41101129840754,-19.288211290054555],[146.41103439490422,-19.288089427919026],[146.41106889050675,-19.28794965499343],[146.4110842507481,-19.287877977628604],[146.41109211516826,-19.28779192529653],[146.41109996675092,-19.28770946062166],[146.41112307596075,-19.28758400176909],[146.41115750294048,-19.287463369018756],[146.41118299305845,-19.287377373492493],[146.41122103063617,-19.28730097957921],[146.41127158340223,-19.28724853796791],[146.41132724760652,-19.28717459564873],[146.41138534738835,-19.287122178323628],[146.41143590857217,-19.287067350914903],[146.41145379063246,-19.286995672594504],[146.41147682680537,-19.286890546758503],[146.41150737685254,-19.286797392075876],[146.41151773741478,-19.2867185141143],[146.41152311366199,-19.28662289255407],[146.4115511415971,-19.28652972973505],[146.41156656226377,-19.286443701702673],[146.41159968446937,-19.286333818703397],[146.4116101303366,-19.286231038062258],[146.41164322683647,-19.286128330369763],[146.41164864664992,-19.286023147760258],[146.41166154422442,-19.28593471677409],[146.41168699111927,-19.28586067700331],[146.41169488924604,-19.28576506354751],[146.41170265073995,-19.28570770339946],[146.41172282868015,-19.285656636858572],[146.4117712639049,-19.28553337409432],[146.41178625981888,-19.285483610265587],[146.4118043857741,-19.285423491038603],[146.41181746345862,-19.285287245682426],[146.41182021599616,-19.28522269399571],[146.41180799209164,-19.28511984033893],[146.4117957425788,-19.285024162000745],[146.41181368399606,-19.284935747229827],[146.41182911190486,-19.284844938587568],[146.41184184803626,-19.284804331023285],[146.4118671153982,-19.28478050038108],[146.41190800053695,-19.284756611564852],[146.41199877044596,-19.284725816340657],[146.41209454820284,-19.28469982681245],[146.41218783807656,-19.28466425901181],[146.41226351195664,-19.284628634492243],[146.41232911582202,-19.28459059177244],[146.41242497874322,-19.284540690353897],[146.41253089453858,-19.284497987575943],[146.41262425239225,-19.28444329740423],[146.41271513182045,-19.28437902899828],[146.41281611523223,-19.28430761761479],[146.41290698597714,-19.284245743894907],[146.41299174453604,-19.284179133158165],[146.4129978907239,-19.284174309055683],[146.41309129087102,-19.284107653738875],[146.41323772144568,-19.284000529151246],[146.4133917423699,-19.283883858592173],[146.4135482414821,-19.28377676607098],[146.41365426712332,-19.283702984610173],[146.4137198448034,-19.283672107655704],[146.41377287406254,-19.283629243454083],[146.41388383188556,-19.283584170266344],[146.41395194747335,-19.283546125961657],[146.4140301339413,-19.283512903559],[146.41411589179026,-19.283470144217898],[146.41418905973424,-19.28342973024596],[146.4142848704449,-19.28339416942491],[146.4143504233842,-19.283372862379192],[146.41445120048195,-19.283356448793793],[146.41454439666342,-19.283349572044834],[146.41462251393827,-19.283333085752574],[146.414667867494,-19.283323669871983],[146.41473083894888,-19.283319081972085],[146.4147762009704,-19.28330728031382],[146.41483164143673,-19.28329550188637],[146.41489967278082,-19.283283763763414],[146.41496519063668,-19.28326962275186],[146.4150482573827,-19.28327706412362],[146.41512629920328,-19.283284489372235],[146.41521940092983,-19.28330152397514],[146.41528474052961,-19.28333760109364],[146.41532241986886,-19.283364019453323],[146.4153878019442,-19.283388140671466],[146.4154507139932,-19.283400297963624],[146.4155111295236,-19.283405271840124],[146.41555897961734,-19.283403030094934],[146.41562447198655,-19.283396073210195],[146.41566225316743,-19.283393799232634],[146.4157251133215,-19.283417912265648],[146.41580559141465,-19.28344686220398],[146.41588104357072,-19.28347340122426],[146.41595404155737,-19.283480809996597],[146.41601698655415,-19.28348101119953],[146.41609250653934,-19.28348842797786],[146.41615039168468,-19.28349577933524],[146.41621575700094,-19.283524680800348],[146.4162433845247,-19.2835462952996],[146.4162836019663,-19.283565546166216],[146.41632637524967,-19.283575253039732],[146.4163918422757,-19.28357546217128],[146.41644975391856,-19.28357803292608],[146.41652277739738,-19.28357826614559],[146.41660590365862,-19.283568970408613],[146.416694098258,-19.28355012059091],[146.41677477975588,-19.283521685560025],[146.4168705984468,-19.283483737618674],[146.41699164121064,-19.28343391411415],[146.41710255577368,-19.283400794812128],[146.41722864980815,-19.28334619763139],[146.41737238598054,-19.283286885063653],[146.41750352381106,-19.283232303772348],[146.4175615441856,-19.283201401322316],[146.4176347111712,-19.283160994980843],[146.41768525220516,-19.2831109372357],[146.41772577392015,-19.283044119983234],[146.4177512429888,-19.282962903931573],[146.41779931262883,-19.282898496492177],[146.41783475755534,-19.282843619039724],[146.41790294061397,-19.2827888368457],[146.41795843137703,-19.282762715835517],[146.4180189650195,-19.28273421605499],[146.4180970985816,-19.282712947718128],[146.41818273788772,-19.28270604503319],[146.4182406059586,-19.282718185302322],[146.418306081122,-19.28271599895],[146.41837405289724,-19.282721004969776],[146.41842694566526,-19.282716383704],[146.4185150984879,-19.28271188367962],[146.4185856080526,-19.282709722286096],[146.41863094546582,-19.282707471734728],[146.41870401919036,-19.282693362447603],[146.4187393457079,-19.282671948600996],[146.41877720995774,-19.282643376445574],[146.41879749216457,-19.282605187163938],[146.41881279055465,-19.2825526312035],[146.41882558382497,-19.282495286677513],[146.41885347192354,-19.282440384978273],[146.41889144682062,-19.28238312053833],[146.41893938093156,-19.282356966151724],[146.41902260765076,-19.282318977004905],[146.41909569806086,-19.282300077976046],[146.41918389280093,-19.282283621748437],[146.41928712228614,-19.282283949866702],[146.4193903696981,-19.282281892204143],[146.41950110612706,-19.28229898066059],[146.4195766510495,-19.282299220657286],[146.41963206451635,-19.282292221266363],[146.41970776104486,-19.282249418250757],[146.41977336230536,-19.28221137277796],[146.41986665029458,-19.28217819578624],[146.41998264842002,-19.28213074001265],[146.420075977321,-19.282083212215067],[146.42012644152865,-19.28205467976035],[146.42022725097905,-19.28202870186386],[146.4203053839462,-19.282007432564782],[146.42038352531907,-19.28198376844155],[146.42042396267345,-19.281943248084378],[146.42048955526033,-19.28190758809896],[146.42057528656457,-19.281874386770046],[146.42067607064155,-19.281855574917778],[146.4207868993927,-19.281846365082313],[146.4208750506186,-19.281839469084424],[146.42093810540456,-19.281810976305177],[146.42102382815798,-19.281780169552274],[146.4211070961691,-19.28173021451761],[146.42112990696654,-19.281687252371974],[146.42118554808627,-19.2816180873832],[146.4212412731557,-19.28152501061694],[146.4215217047757,-19.281260489623435],[146.42164281169332,-19.281191540766535],[146.42169836853193,-19.281146278332713],[146.42179681466982,-19.281074862831492],[146.42185243012315,-19.281012872958584],[146.42191817305823,-19.280934169457908],[146.42197882280132,-19.280872195470103],[146.42209486132973,-19.280812791463813],[146.42221082435316,-19.280774895317975],[146.42234691756826,-19.280741852371364],[146.4224552822215,-19.2807158970994],[146.42257118641464,-19.2806947461867],[146.42271475930875,-19.280680848994606],[146.4228809581199,-19.280676593386453],[146.423132645494,-19.280710861363616],[146.42341716997092,-19.280714154199778],[146.42366401436368,-19.2806910208977],[146.4238403416429,-19.2806724455259],[146.42396382706426,-19.280644142210864],[146.4240797382335,-19.28061820975749],[146.42417803383947,-19.280592212682503],[146.42425873775036,-19.280556598926626],[146.42439743471448,-19.28049726482267],[146.42446559793794,-19.2804472696682],[146.42454890602102,-19.280385357125322],[146.4246045619742,-19.28031141048907],[146.42464270971954,-19.280203935467153],[146.42468338652776,-19.28009168779685],[146.42472646838317,-19.280012911891017],[146.42475682596597,-19.279972358797785],[146.4248274845951,-19.2799271519543],[146.4248754671409,-19.279886654315437],[146.42496124660767,-19.27983910922588],[146.42502693752934,-19.279774755228384],[146.42509761387325,-19.279727153512546],[146.4251506222903,-19.279689066428578],[146.42525154635737,-19.27962960378014],[146.425334829842,-19.27957727005664],[146.42541559852816,-19.279520138747905],[146.4254836860506,-19.279491651141996],[146.4255290975164,-19.279467890900424],[146.42558710676474,-19.279439380608647],[146.42566032022873,-19.279384611220628],[146.42572343875605,-19.279334599716343],[146.42574881161033,-19.279279688976644],[146.42577664808215,-19.27924151356177],[146.42583236141127,-19.27915083007643],[146.4258678861786,-19.279072039168035],[146.42588062673425,-19.27902903570439],[146.42588591930954,-19.278954930409217],[146.42592891694974,-19.278900075010068],[146.42596437500018,-19.278840406277236],[146.426022483895,-19.278783203501693],[146.4260805023347,-19.278754693072614],[146.42613350190493,-19.278718991442037],[146.42617890475768,-19.278697616785593],[146.42622428977506,-19.278678627844176],[146.4262924100705,-19.27864058785841],[146.4264135880532,-19.278550109686552],[146.42651719929287,-19.278442839676387],[146.4267443174075,-19.278297694175645],[146.4269262166484,-19.278123713930754],[146.42712323621151,-19.27794739510897],[146.4272672219185,-19.277813944332266],[146.42745667623473,-19.277639996239635],[146.42758560007556,-19.277494541979653],[146.42768925972544,-19.277372920562986],[146.42774492984086,-19.277294192331325],[146.42782844262678,-19.277172507741422],[146.4279144107698,-19.277069962249204],[146.42799531011428,-19.27697457627354],[146.42805346865597,-19.276905416935424],[146.42811420587992,-19.27681714322825],[146.42813736267289,-19.276673743328658],[146.42814510963285,-19.276618777060026],[146.42817305999642,-19.276544742548865],[146.428216106028,-19.276475535865703],[146.42827170093608,-19.276418324458454],[146.428344878972,-19.27637312406235],[146.42846093702144,-19.276306531458047],[146.42856180808118,-19.276261417572158],[146.42871560391632,-19.27620451303819],[146.428866993766,-19.27611412757863],[146.42902334314812,-19.276045274726645],[146.42917955987963,-19.27601468424252],[146.42931316740834,-19.275969672172998],[146.4294845211254,-19.2759319442254],[146.42959542830187,-19.27589881711722],[146.42974422933287,-19.275827554292675],[146.42990066909164,-19.27573239406547],[146.42997389599205,-19.27567285133011],[146.43003951717122,-19.275627617627805],[146.43006480530968,-19.275596618026483],[146.43006998010225,-19.275555985452712],[146.4300671193912,-19.27551911435094],[146.4300473367933,-19.275413843170004],[146.43001736173628,-19.275344408305465],[146.42999492622678,-19.27527978659334],[146.42996746483044,-19.27521274534467],[146.42995254285356,-19.275157708273653],[146.4299578995948,-19.27506447152176],[146.42997073795365,-19.274992784388033],[146.43003144865258,-19.274911676295186],[146.43008967175714,-19.274823384994704],[146.43015036580562,-19.274747057413176],[146.4301908390579,-19.27469219305882],[146.43020115545548,-19.27462048900374],[146.43017370232468,-19.274551062022656],[146.4301362043659,-19.274472042505767],[146.43010880087303,-19.274388273848462],[146.43005878718122,-19.27428768900459],[146.43001623033456,-19.274215829118],[146.42996616838462,-19.274131980742407],[146.4299211063021,-19.27405533241408],[146.42988360031993,-19.273978698606427],[146.4298385644004,-19.27389726069565],[146.42977837512294,-19.27382773153767],[146.42973828947785,-19.273767835333988],[146.4297057859646,-19.273703173134376],[146.4296606000403,-19.273662383429716],[146.42958263765314,-19.273635833252563],[146.42950714743415,-19.273623650654045],[146.42944676805246,-19.27360911133392],[146.42937897335887,-19.27355390916651],[146.42927594662595,-19.273493807326204],[146.42919299159223,-19.273455294397642],[146.42909489148064,-19.273426295343164],[146.42900172617306,-19.273426004330787],[146.4289161263848,-19.273425736908308],[146.4288052539253,-19.273449293505525],[146.42869696125229,-19.273456130493212],[146.4286088549703,-19.273448679663876],[146.42851821976888,-19.273446010529163],[146.42842018734396,-19.273400274685617],[146.42835734435332,-19.273368990664217],[146.4282592610343,-19.27333521061148],[146.42820132904413,-19.273342204823926],[146.42815342392115,-19.27336117738456],[146.42808028036984,-19.2733968166431],[146.42797445854472,-19.27341561696789],[146.4278863618433,-19.27340816582142],[146.42780591951626,-19.27336966013588],[146.4277607519948,-19.273326475208727],[146.427715657968,-19.2732593874703],[146.4276504107629,-19.273197017224078],[146.42760011662534,-19.27317772827328],[146.42753715051523,-19.273184706511493],[146.4274616262694,-19.273179689359438],[146.42739368294255,-19.273167520497207],[146.42730571102413,-19.273124201365228],[146.4271926419487,-19.27305690051669],[146.42710973632828,-19.273001641135473],[146.42702933713866,-19.272953574038567],[146.42694898669507,-19.272888761384035],[146.42690638170708,-19.272831242467717],[146.42686877764572,-19.272783300433623],[146.42684632707955,-19.27272345891143],[146.4268540908985,-19.272663703089513],[146.4268568359767,-19.272596765140285],[146.42684947124707,-19.272541742487547],[146.42682447516563,-19.272491454192366],[146.42678431610116,-19.27245307437873],[146.42674666347304,-19.272421868807257],[146.42671414355405,-19.27235960086874],[146.42669677713332,-19.27228542441808],[146.4266818897777,-19.27222081695282],[146.42665943935077,-19.272160975407754],[146.4266041531162,-19.272129714499215],[146.4264834126185,-19.272095862441233],[146.42638284312966,-19.272054898175092],[146.42631379815185,-19.271998489046396],[146.4262308196165,-19.271967150153287],[146.42612265272138,-19.27193811793245],[146.42602458741436,-19.271899547118654],[146.42593155623462,-19.271861001099683],[146.4258361377293,-19.271786579437848],[146.42578358179185,-19.271695555735867],[146.4257411441097,-19.27159021295143],[146.42571373382182,-19.27150643461196],[146.4256559606666,-19.271467999220548],[146.4255855892221,-19.27143191000867],[146.42549513019915,-19.271379030039462],[146.4254071752403,-19.271328534644624],[146.4252789630574,-19.271270746256736],[146.4251810829104,-19.27118197470681],[146.42510325586264,-19.271117169199197],[146.42501785631535,-19.27105712044694],[146.42493986256957,-19.271040138476003],[146.42483921786234,-19.271018304601153],[146.4247309016849,-19.271032305588633],[146.4246024646451,-19.27103907679068],[146.42444632700844,-19.271048155511075],[146.42428266689333,-19.2710476401598],[146.42404836857833,-19.271087541779657],[146.4238643954401,-19.27113478617376],[146.42370557707864,-19.271189285108427],[146.42355929962602,-19.271260551045557],[146.4234634215142,-19.271315239188993],[146.42325172221203,-19.271371965753755],[146.42310299790165,-19.2714217063595],[146.4229769149664,-19.271476298916106],[146.42284571297023,-19.271552401493928],[146.42274217082203,-19.27164054735012],[146.4226185340519,-19.271716664610906],[146.4225303787854,-19.271723561570067],[146.4223945539373,-19.271684878579244],[146.4222360949645,-19.271636553708134],[146.42211021275875,-19.27163376097666],[146.42198678413737,-19.27164772158355],[146.42188597293546,-19.271676095446114],[146.42174739165233,-19.271704349777234],[146.42157617505126,-19.27170380808413],[146.421324402186,-19.271700616416883],[146.42096694229474,-19.271677967250657],[146.4206056751556,-19.271663673633423],[146.4201525979397,-19.271623974126467],[146.41964943030587,-19.271507606781103],[146.4192671196764,-19.271391622049382],[146.41889522441957,-19.271180030500382],[146.41863410839244,-19.270968790551013],[146.41842382514804,-19.270623809942574],[146.41823345227266,-19.270345838955592],[146.4179320902691,-19.270124899714347],[146.4175598860037,-19.269999382471646],[146.417217939445,-19.26986439070287],[146.41703740080004,-19.269653405387835],[146.41691766208424,-19.26933740445795],[146.41680795802614,-19.269030996662075],[146.41661769120765,-19.26872433174419],[146.41640707646374,-19.26847498697084],[146.41604546274132,-19.268206037326184],[146.41566323025586,-19.26807091405935],[146.41524058134516,-19.26797392362151],[146.41495903378797,-19.26784869114509],[146.4148488930897,-19.267666612595242],[146.414910303972,-19.267389452962934],[146.41506225265522,-19.267141266577795],[146.41519432692485,-19.26681649975285],[146.415165334878,-19.26647209528809],[146.4151060619963,-19.266146725389422],[146.41490599570122,-19.265763510662534],[146.41472638091102,-19.265294292282842],[146.41456657044375,-19.26494284476605],[146.41453732529018,-19.264670166461084],[146.41458387148356,-19.26432600370224],[146.4145930311497,-19.263874126049778],[146.41456416801947,-19.263493853760092],[146.41450473595557,-19.263213912384177],[146.4143623145135,-19.26290500354134],[146.41419701683253,-19.262660591075726],[146.4140013958186,-19.26244476491579],[146.41370749027124,-19.26225732517113],[146.4134056983229,-19.262163104008295],[146.41274123116307,-19.262103586147983],[146.41199418499673,-19.261900337154508],[146.4117077359145,-19.26174160184298],[146.41153439217766,-19.261633448981645],[146.41135360515096,-19.261496579357246],[146.41121834629678,-19.26130247085139],[146.4111284524366,-19.26109415748508],[146.41111413551104,-19.260871736604706],[146.41113785159968,-19.26057772012032],[146.41118426594102,-19.260269416820417],[146.41117794911392,-19.259925084701134],[146.4110656299306,-19.259652147409703],[146.4109155952021,-19.25936473773461],[146.41072779390365,-19.259077206266262],[146.4106157066959,-19.258739699692097],[146.41053365212878,-19.25845250875621],[146.41053431850074,-19.258266013188937],[146.41052000251094,-19.258043592221476],[146.41049832018183,-19.25777094666137],[146.4104388712252,-19.257498170330418],[146.41037179028692,-19.257246895643444],[146.41023671546037,-19.257002568101168],[146.41009376849968,-19.256844302074885],[146.40984512213205,-19.256678519528894],[146.40964897481578,-19.256613325862457],[146.40940731006592,-19.25660537033737],[146.40896903587725,-19.256661340058404],[146.40845505786447,-19.256767273792008],[146.40791081638838,-19.256887458947844],[146.4073894106567,-19.25695750658275],[146.40699658570952,-19.25697775071651],[146.4067927130291,-19.25696273882329],[146.40655122861907,-19.256904570240767],[146.40638539697267,-19.25681078784986],[146.40613683201155,-19.25662347435757],[146.405918443519,-19.256443433963838],[146.40553430255702,-19.25614808417563],[146.40533839987225,-19.256018335076188],[146.4051271544351,-19.255953087533445],[146.4049459392053,-19.255938156331442],[146.4044550573699,-19.255922208001966],[146.40400194194538,-19.255906390446768],[146.40358674853303,-19.255847651952042],[146.40326981229524,-19.255767706826006],[146.40305893136838,-19.255602038425156],[146.402870966386,-19.255364708501965],[146.40276611525138,-19.25512048338123],[146.40261633280377,-19.2547685073402],[146.4024360803297,-19.25448816774482],[146.40222551372594,-19.254236412518406],[146.40193944202198,-19.253977243856365],[146.4016005308378,-19.253710726515923],[146.40143489696783,-19.253566721515],[146.40117127504283,-19.253365010396916],[146.40095307861918,-19.253134755029592],[146.40078749797098,-19.252976407839352],[146.40067470563122,-19.252839741615492],[146.4005843605323,-19.252760543164495],[146.40056198208768,-19.2526815673752],[146.40057737870828,-19.252602715353024],[146.4006381905565,-19.252495310450985],[146.40066881786782,-19.25238064026797],[146.4007222047926,-19.252237351999195],[146.40077572182386,-19.252058205125802],[146.4008141904324,-19.251864649076186],[146.40082229231896,-19.251714037032873],[146.400822995464,-19.251520366325884],[146.40086156800263,-19.251298126994627],[146.40089248133347,-19.25110455520221],[146.40091586573178,-19.250903774291874],[146.40094659666747,-19.250760411734777],[146.40102646753604,-19.250602868243327],[146.4011275865228,-19.25048962158687],[146.40122858740156,-19.250406269049066],[146.4013798981992,-19.250335028039604],[146.40156271826365,-19.250251942978103],[146.40187781916066,-19.250139395625553],[146.40218020140938,-19.25006267422684],[146.4024699829327,-19.24999189370083],[146.40272843061578,-19.249879159834546],[146.40292397709771,-19.24976024685443],[146.40303766223676,-19.24965003135861],[146.40310090419376,-19.24956714196012],[146.40318693210918,-19.249445485598304],[146.4032653203633,-19.249352487889354],[146.4033914528261,-19.24928116305028],[146.40355516848769,-19.249260179549697],[146.4037088941792,-19.249215251297265],[146.40377705024162,-19.249165263509365],[146.40381005798443,-19.249088854307136],[146.4038330066586,-19.249007631721895],[146.4038333089052,-19.24892394956734],[146.40383127538632,-19.2487888479891],[146.40387684533079,-19.248719655120027],[146.40390480138612,-19.248645624256376],[146.40395548233846,-19.24855493078288],[146.40400611145083,-19.24847857893344],[146.40407440435158,-19.24838794278506],[146.40415531217053,-19.248292558045705],[146.40424381782634,-19.2481852510142],[146.40431959624166,-19.24811377058686],[146.40441049287585,-19.248039935475983],[146.40448624617395,-19.247978016100724],[146.40457205662398,-19.247916129417515],[146.4046905300375,-19.247875866191137],[146.4047813315192,-19.247828337454653],[146.4048670478526,-19.247795142982472],[146.4049099922105,-19.24775463395411],[146.4049504582107,-19.247702160827174],[146.40496323594814,-19.2476496066951],[146.4050112653229,-19.247594763326237],[146.40506433661474,-19.24753755055219],[146.4051174259822,-19.24747795203666],[146.4051553618192,-19.24742785641815],[146.40522461913386,-19.247333337004388],[146.40529031282688,-19.247266603975742],[146.40535102482133,-19.247185503882704],[146.4053967228723,-19.247080442923107],[146.40542724244068,-19.24699446409011],[146.40545779641116,-19.246898924152582],[146.4054983825695,-19.246812978009533],[146.40550883762256,-19.246707802517182],[146.4055191797876,-19.246631328360294],[146.40549427921232,-19.246554730676635],[146.4054491248302,-19.246511540460496],[146.40536901101302,-19.24638694828252],[146.4053039895443,-19.246267185721315],[146.40527926140467,-19.246142764444272],[146.40525951487172,-19.246032719242304],[146.40523979513318,-19.245917884482342],[146.40522010396927,-19.245715896396074],[146.40518404309918,-19.245470188020438],[146.40514454033905,-19.245157802043895],[146.40513805757146,-19.244905177026425],[146.40514231498926,-19.244750819774755],[146.40518712733112,-19.24461413526814],[146.40524652318825,-19.244533627333357],[146.40533906208913,-19.244481305221814],[146.40561263625287,-19.244419042923283],[146.40583456117773,-19.24433907159954],[146.4060567035898,-19.244195940669382],[146.40633798530592,-19.24404598853586],[146.40657840251458,-19.243959063506797],[146.40670414701802,-19.24391736748896],[146.40691846368836,-19.243897005746664],[146.40711431237798,-19.243876592964416],[146.4072511664147,-19.243827919790952],[146.40731246813368,-19.243719736788698],[146.4073127199973,-19.243649573826055],[146.40731077818765,-19.24358353369817],[146.407269807536,-19.24349878697075],[146.40720719974416,-19.243385087693632],[146.4071619773245,-19.24327350516018],[146.40711879832156,-19.243197011124963],[146.4070777886843,-19.243120524107596],[146.40706067232253,-19.243046174938588],[146.40705651894442,-19.24299456887324],[146.40702867774144,-19.242880982163346],[146.40700072544743,-19.24279833800348],[146.40695534765064,-19.242730096685108],[146.40689906722255,-19.24267213131949],[146.40684927466836,-19.242622437803874],[146.4067881838044,-19.24255278996364],[146.40663804240322,-19.242301244557986],[146.40652574103595,-19.242025909651417],[146.40635009078238,-19.241869920578292],[146.40617413037623,-19.24179762260505],[146.4058597580729,-19.241712910161333],[146.40558301053107,-19.241664187486606],[146.40538231534455,-19.24147225709912],[146.40521967552746,-19.24119675789723],[146.40510712836794,-19.24099314855124],[146.40510803279147,-19.240742092770382],[146.40525980664762,-19.240539342348416],[146.4053359685071,-19.240360258244625],[146.40529885154677,-19.24018080611436],[146.4050728971918,-19.240012705421346],[146.40458265747367,-19.239831779935685],[146.40405426800544,-19.23975832426518],[146.40300978508068,-19.239695149767815],[146.40220440382296,-19.239644697303657],[146.40189003779253,-19.23955998722395],[146.4017016243607,-19.239451767209754],[146.40155132021397,-19.239248041400057],[146.4014764113478,-19.23908042105943],[146.401389642311,-19.238709518363617],[146.40136534358118,-19.238470336293016],[146.4013536661494,-19.238219239453155],[146.40135435949222,-19.238027954198518],[146.40140513286656,-19.23790856890836],[146.4014688496761,-19.237693577633564],[146.40155777480282,-19.23746672173307],[146.4016719705281,-19.237216027259155],[146.40180306782105,-19.236995625944875],[146.40183109430905,-19.236907063908564],[146.4019236236212,-19.23661473698752],[146.40194821410753,-19.236537017217987],[146.4020859965603,-19.236028174344636],[146.4022239763056,-19.235461937550244],[146.40230123849952,-19.23498158950373],[146.40231760911547,-19.23463015522401],[146.40240224311162,-19.234200041092734],[146.40244137011823,-19.233819988340688],[146.4024205334521,-19.233317802695794],[146.4025054682004,-19.23280161132253],[146.40263605452316,-19.232192315266452],[146.40279658724407,-19.231654843957568],[146.40297195817294,-19.23118916614598],[146.4030420505823,-19.230601189664313],[146.40300561186072,-19.230235232085203],[146.40304513449345,-19.229747584875955],[146.4031138784879,-19.229532618137696],[146.4032578482875,-19.229396799194102],[146.40343189465747,-19.22929693721806],[146.40385504130427,-19.229226578810433],[146.40458775238443,-19.229171576989877],[146.4056452294772,-19.22910328465124],[146.4067328443823,-19.22905660110117],[146.4076013745616,-19.229030719832295],[146.40819050394273,-19.2290039317843],[146.40875712537786,-19.228934025553105],[146.40921805497013,-19.22885661023937],[146.40955055413642,-19.228793121593583],[146.40973197077966,-19.22874349635228],[146.40983805592893,-19.228643409122316],[146.40990652501557,-19.228500166038422],[146.41002431744243,-19.228108073997355],[146.4102338604659,-19.22758270920174],[146.41053998951227,-19.22714971577224],[146.41077689561064,-19.226716499096714],[146.4109160882514,-19.22650653632881],[146.4110553274223,-19.226283415592302],[146.41129120031135,-19.22613951720296],[146.41177616921308,-19.226022716550705],[146.4122197976532,-19.225853177042655],[146.4126909695645,-19.225723180688522],[146.41300966989854,-19.225645299454335],[146.41330058253752,-19.225593626589554],[146.41371559082012,-19.225687016264448],[146.41399186840806,-19.225858855030012],[146.4144070080735,-19.22591278763622],[146.4146564404817,-19.22584783103129],[146.4147953946984,-19.225703618288986],[146.4150177842168,-19.2254544620773],[146.41533722738757,-19.22516615943007],[146.4155594853597,-19.224956458045277],[146.41583687924734,-19.22481267708097],[146.41626660234044,-19.224656241241366],[146.41676564745586,-19.224473718117288],[146.41711253817613,-19.224251253537002],[146.41747300153688,-19.224107743373125],[146.417736828193,-19.223885013396416],[146.417972867748,-19.22368850172743],[146.41807066132085,-19.223438945666793],[146.41808524415248,-19.223228581208534],[146.41821058253305,-19.223018568524076],[146.4183633733677,-19.22287438780947],[146.41859868018815,-19.22288828374626],[146.41881990426776,-19.222967897685308],[146.41911107620973,-19.223022022625617],[146.41918912237767,-19.223017480427618],[146.41927220112686,-19.223012963187188],[146.41931749690693,-19.223017887399838],[146.4193677737651,-19.223034792511296],[146.41940044967228,-19.223049237956708],[146.4194332011578,-19.223042166297752],[146.41945841461333,-19.223027904323107],[146.4194938802734,-19.22296585049244],[146.41953943522532,-19.22289425833271],[146.41957993233177,-19.22282982559381],[146.4196481314023,-19.2227630948119],[146.41969610653229,-19.22272021211169],[146.41980200561264,-19.222670328365048],[146.419923035965,-19.22261094025183],[146.41997354773437,-19.222560881011344],[146.4200894866318,-19.222518213377658],[146.42024585626436,-19.222432629903594],[146.42040214914576,-19.222366177596133],[146.42054331787813,-19.222304448904687],[146.4206265733771,-19.222252107247627],[146.4206770847946,-19.222202056839752],[146.42072022799738,-19.222101772969612],[146.4207380897973,-19.222032487750717],[146.4207710588519,-19.22196325029538],[146.42080902696284,-19.221903589893966],[146.42086453842737,-19.22186551132547],[146.4209401718363,-19.22182988213793],[146.42103083707806,-19.221815826807248],[146.42113164400473,-19.22178266288935],[146.42120476462756,-19.221744639854553],[146.42123012120985,-19.221692114976193],[146.42130352748913,-19.221575189838557],[146.42137927899702,-19.221508473194458],[146.4214448553424,-19.22147042623079],[146.42148019326441,-19.221441845015423],[146.42148788074363,-19.22140361522355],[146.42147803202099,-19.221339023041633],[146.42147068039847,-19.221284000002104],[146.42148850829767,-19.221224284882485],[146.42153913742865,-19.221143146945952],[146.42162755540193,-19.22112141171045],[146.42173626786604,-19.221128930342395],[146.42184506564246,-19.221112058029654],[146.42195696890252,-19.221072241199916],[146.4220748885006,-19.221036753978986],[146.42214747547794,-19.2210097179906],[146.4221673015465,-19.220955268695413],[146.42214180557033,-19.220903541214213],[146.42202567006157,-19.220858694231627],[146.4218990305006,-19.220795170481118],[146.421802565726,-19.220740354240288],[146.4217076287132,-19.22068123207239],[146.42165810961512,-19.22058925875867],[146.4216084645766,-19.22053601807274],[146.42153895060474,-19.22047603621971],[146.42142590269182,-19.220413512996963],[146.42135809028431,-19.220370255097396],[146.4213407394312,-19.220293692154524],[146.4213484687597,-19.220243497366546],[146.42134612347354,-19.22019327979581],[146.42132617630685,-19.22013822600114],[146.4212961975942,-19.22007357022273],[146.4212409881689,-19.220025571460567],[146.42122108404098,-19.21996095653196],[146.4212440197515,-19.219879731173986],[146.42127706346008,-19.219788976481354],[146.42129013494713,-19.219650334327817],[146.42127536269012,-19.219554638927356],[146.421308716475,-19.219445937508578],[146.4213746936682,-19.219293120546094],[146.42149103149336,-19.219135681942173],[146.42163245747113,-19.219002225603425],[146.42173863674765,-19.218868657911305],[146.42182497015176,-19.2186537387367],[146.42195160613116,-19.218429376365087],[146.42200260192433,-19.21824302938314],[146.42209411754698,-19.217985082646244],[146.42213003955044,-19.217789126808103],[146.42213582405407,-19.217573953389675],[146.4220815511501,-19.21725816115047],[146.42201206413253,-19.21697579435724],[146.42190290075627,-19.2165211454074],[146.4218091623612,-19.215975685939508],[146.42167512248284,-19.215439660485874],[146.42159621488,-19.214970755869352],[146.42157697907308,-19.214712459679664],[146.42161847790467,-19.214363496047863],[146.42170541814977,-19.21397163201916],[146.42180345863437,-19.213678018293358],[146.4219808112832,-19.213457159427776],[146.42214417746894,-19.21319599593066],[146.4222370741083,-19.212887635204176],[146.42235829385908,-19.212559238027808],[146.4223734749094,-19.2122573468136],[146.42249474074958,-19.211915529535855],[146.42269315847554,-19.211728282023856],[146.4229551402721,-19.211541234418934],[146.42308295751025,-19.211347049586706],[146.42311887739118,-19.211172710132793],[146.42308419779133,-19.21099144291888],[146.42299995397028,-19.21084355641624],[146.4228451578313,-19.210675331104838],[146.42257026884417,-19.210513423875117],[146.42214732963572,-19.2102705469139],[146.42148433281398,-19.210006767750027],[146.4209198702438,-19.20984395294889],[146.42046864511448,-19.209614393906833],[146.42000371837392,-19.20926401841284],[146.41960914252036,-19.20899437619613],[146.41910817815693,-19.208851882615967],[146.41876245251726,-19.208750140338086],[146.4186357170523,-19.20863567197413],[146.41856582634972,-19.208427452074385],[146.4185458349483,-19.20808518928135],[146.4185046214538,-19.207756279272754],[146.41842066636875,-19.207527880003287],[146.41835086121355,-19.20729282005282],[146.4182599426327,-19.207037558381334],[146.41816902432217,-19.20678229666505],[146.41800738154373,-19.206553650621395],[146.41784539456654,-19.206425658739665],[146.4175280922626,-19.206277029574764],[146.4170554750956,-19.20610778944436],[146.41664640712509,-19.205945446843447],[146.41635012541,-19.205843857484208],[146.41605392461022,-19.2057221422585],[146.41593421370823,-19.205621114575088],[146.4158852512441,-19.2054867664765],[146.41589294900749,-19.205305623977697],[146.415943498228,-19.20499042588219],[146.41597269737767,-19.204722125632962],[146.41599514607907,-19.20436657763148],[146.41603178201763,-19.20399094914365],[146.41602614455886,-19.203588345755154],[146.4160274942103,-19.20320589026196],[146.4159723408213,-19.20282326382074],[146.4159173534524,-19.202393662948023],[146.41592559559325,-19.202058195266368],[146.41597638984652,-19.20167590624555],[146.41605535454576,-19.201313832565788],[146.41616247539793,-19.200978679686006],[146.41629808352624,-19.200576525831377],[146.4163556741121,-19.20026806440343],[146.4163640097757,-19.199905756653525],[146.41630826496822,-19.199690866290112],[146.41606882781323,-19.19949552577491],[146.41578692970813,-19.19932688089772],[146.415462338316,-19.199245334830092],[146.4151660550791,-19.199150449316996],[146.41493344088664,-19.199022220688207],[146.4147291822856,-19.19886724202714],[146.4144265590244,-19.198564336782336],[146.41419433566773,-19.19832875655536],[146.41387759854948,-19.1980258053482],[146.41358892303396,-19.19777662382603],[146.41329325235304,-19.1975072847848],[146.41307525251483,-19.197244908446432],[146.41285028121692,-19.196955660260095],[146.41267469653445,-19.196679999127348],[146.4126120901051,-19.196411414281663],[146.4126417688141,-19.196008923761784],[146.41270675542592,-19.19560653724108],[146.4126937014147,-19.19530455623674],[146.41259589702565,-19.19500230382129],[146.41243416354934,-19.19480720755618],[146.41223023643883,-19.194558286417976],[146.4120613174371,-19.194396712597765],[146.41188622016753,-19.194247364114542],[146.4081842074396,-19.193481951136462],[146.40632836756694,-19.193164453738984],[146.4048779988388,-19.192959672220173],[146.4031183979713,-19.192912655367813],[146.40269133637588,-19.1919635525678],[146.40266949156157,-19.190111415901256],[146.40193408634,-19.187897096388248],[146.40100781985862,-19.187015215514613],[146.39903475437723,-19.18644846272561],[146.39756022145,-19.186627622792596],[146.39620366655944,-19.18721355788609],[146.39461097673552,-19.186850349973017],[146.39404253829733,-19.184839534183283],[146.39421058197186,-19.183394061588903],[146.39447506806107,-19.18077417288737],[146.394786491922,-19.17858361013496],[146.39455127072017,-19.176301957271356],[146.3939120585076,-19.17386182399021],[146.39274968086642,-19.1714211245288],[146.39111109059078,-19.16918307827042],[146.3894485360947,-19.167622821417762],[146.38754769735843,-19.16606210795462],[146.38586076797935,-19.165066458632978],[146.38417371449464,-19.164160975136408],[146.38377113849384,-19.162940798482445],[146.3842477503373,-19.16192481780745],[146.3854135075559,-19.16122608620541],[146.38667420134686,-19.160617592292027],[146.38786337007707,-19.160370317917565],[146.38895801641448,-19.159942349417097],[146.38991000598048,-19.15897221522893],[146.39045799857587,-19.157978956284598],[146.39126720616633,-19.157144078279153],[146.39283777330607,-19.156355182674485],[146.3943357443585,-19.1562212261572],[146.3959765305165,-19.155906803464447],[146.39673890133588,-19.154371548774396],[146.3969785130161,-19.15265518831454],[146.3960534247767,-19.15075688106198],[146.3945097413061,-19.149309573274948],[146.39294188302952,-19.148291518588177],[146.3915629209739,-19.14786085769962],[146.3893288777681,-19.14736156629871],[146.38830756918725,-19.146547268062502],[146.38759517613425,-19.145304196663126],[146.3870025845683,-19.1438353135762],[146.38667850218707,-19.14153317870578],[146.38655674144516,-19.140668306922304],[146.38650329737112,-19.140288632020727],[146.3849010377773,-19.1389727942477],[146.38475713247422,-19.138395472242706],[146.3834975241453,-19.13683714571937],[146.38291984548124,-19.13631123480433],[146.38225166806546,-19.135882619234895],[146.38113528404756,-19.13501483400666],[146.3799948852439,-19.133046057238666],[146.37939360137898,-19.13156844547318],[146.3788731686417,-19.12929656857445],[146.37868419510787,-19.12770955985525],[146.37856358273046,-19.125818492071428],[146.37801650906624,-19.124753161472576],[146.37634476834802,-19.12386421215348],[146.3753845371433,-19.12334538599028],[146.37501630212532,-19.123066885134055],[146.37472790001365,-19.122228514831562],[146.37447798032665,-19.121665013020365],[146.3742591616139,-19.121121769465162],[146.37389083017092,-19.12064597630671],[146.37341277418304,-19.120245729882374],[146.37288106498667,-19.119932318049162],[146.37231585935626,-19.119753263112237],[146.37179929122908,-19.119658417899892],[146.37113311276843,-19.11965659443315],[146.37041698769048,-19.11976114553331],[146.36917182800465,-19.119901837027797],[146.36857373400852,-19.119944700352807],[146.36797737262785,-19.119884363609305],[146.36720009103965,-19.119896793457478],[146.36641266397635,-19.120024218735704],[146.36581974172822,-19.120009614734037],[146.36467343686485,-19.119458643298454],[146.36378627321747,-19.119042671936086],[146.3632752613937,-19.118864409479464],[146.3627832699215,-19.11881156548574],[146.36222899851788,-19.118857000006212],[146.3616789425158,-19.11889648296729],[146.36118951547314,-19.118940964420286],[146.36073302212776,-19.118876661617513],[146.36025117148196,-19.11870888484248],[146.35946305211365,-19.118105626574284],[146.35889585749976,-19.117412402034933],[146.35859483045226,-19.117171697702798],[146.35816617792696,-19.116943100428404],[146.35755239991306,-19.11679302125718],[146.35704625430355,-19.116835174190214],[146.35613361563395,-19.11684418381331],[146.3553487683316,-19.117558802939783],[146.35434018553727,-19.11854745238913],[146.3533401460018,-19.119878713853968],[146.35210259728535,-19.120622543356525],[146.3510092393388,-19.120621220929127],[146.34958397635998,-19.119986853634984],[146.3481343918311,-19.119375063489404],[146.34656516524578,-19.11964422618891],[146.34504278685156,-19.12054577771532],[146.34366209709427,-19.121605428554517],[146.34244860029418,-19.122552431211506],[146.34154496689982,-19.12282230070948],[146.34028586646906,-19.122414013311953],[146.3397402360368,-19.121622675266575],[146.3395523864356,-19.12006409669069],[146.3395550827681,-19.118121501562108],[146.33905725489853,-19.11721736039523],[146.33820177197296,-19.116696560057836],[146.33746454775257,-19.116989149527583],[146.33660855405142,-19.11719138882796],[146.33582328563867,-19.117800186929358],[146.33520363539648,-19.118928661169754],[146.33432262492045,-19.120056919705764],[146.33358286681622,-19.12161431406224],[146.3327969073056,-19.1227426283817],[146.33170193722913,-19.123870458406056],[146.33072653949264,-19.12436594030529],[146.32965683009857,-19.12438708770735],[146.32830124833256,-19.124498179718987],[146.327516606509,-19.12467759117377],[146.3266197778228,-19.124878819850053],[146.32593137091806,-19.125311343456456],[146.32501667502146,-19.125090377276205],[146.3243318956396,-19.124652728916168],[146.32413184563939,-19.123955145892],[146.32372745663537,-19.12297974425091],[146.32313963607524,-19.122015044754068],[146.32277255612308,-19.121359238684835],[146.32238601436768,-19.12023288144301],[146.3220098494365,-19.119290917830785],[146.3216625990167,-19.11864765384774],[146.3210416125334,-19.117918693190088],[146.32060324349038,-19.116914051184754],[146.32023036666396,-19.116125464319026],[146.31970678566987,-19.115478373465905],[146.31933610332106,-19.11489872098363],[146.3191137437836,-19.114105718117667],[146.31885784522888,-19.11300857479684],[146.3185432709596,-19.112633456555386],[146.3179852427302,-19.112232493671517],[146.31752269097078,-19.1121711347201],[146.3167818345932,-19.11221750302927],[146.31574142640142,-19.1120450973772],[146.31420482845223,-19.111580115700782],[146.31355759297765,-19.111072802624978],[146.31281061157833,-19.11045803488778],[146.31193747601336,-19.11004855767227],[146.31049787692953,-19.109308639357767],[146.30959320349828,-19.108804415159867],[146.30944106936607,-19.107555193912038],[146.30970420707106,-19.106961813063506],[146.31040080276594,-19.10596665011543],[146.3113824284379,-19.104690955303393],[146.31238621270688,-19.103499282747876],[146.31314062060707,-19.102240161416912],[146.3128203093973,-19.10105439612542],[146.31176295150544,-19.099667595218218],[146.31161699212353,-19.098230706418757],[146.3119261262933,-19.097519920725876],[146.31204819648121,-19.096850277529896],[146.31168415150754,-19.09576194717713],[146.31069551054603,-19.094112499691096],[146.3100913091277,-19.09319696022654],[146.30955875745724,-19.09230960291628],[146.3091492897221,-19.090971665177793],[146.3089544977252,-19.089947314028162],[146.3089661465565,-19.088445666392378],[146.3086411978857,-19.08788613682443],[146.30815747240973,-19.087447197933475],[146.30760664713637,-19.087077419533937],[146.30682261869842,-19.08605102312999],[146.3064595228258,-19.085227554104918],[146.30590602940327,-19.084200403726452],[146.30531903676246,-19.08363816453471],[146.30448371475586,-19.083181985671395],[146.30371106133956,-19.082467669842853],[146.3029475731498,-19.08131590971749],[146.3024219095468,-19.08055155343442],[146.30162168692723,-19.079482609435445],[146.3006972054556,-19.078150745100977],[146.3000933096871,-19.077143539643],[146.2998195527837,-19.0762889483151],[146.29989326029332,-19.07507916350327],[146.30010592644393,-19.073690709701754],[146.30027719970653,-19.072471082679478],[146.30047713491052,-19.07096409437915],[146.30076980767524,-19.069487550625812],[146.30058957572714,-19.069019930088906],[146.30041446403067,-19.069006252552946],[146.2997176762436,-19.069415608895373],[146.29884232145162,-19.06979572652893],[146.2967415977386,-19.070207509446632],[146.29542645442532,-19.06995966358657],[146.29457092040846,-19.06962844677358],[146.2934455946263,-19.068998592829235],[146.29271816737892,-19.068854383543254],[146.29178655247185,-19.06898392469325],[146.2899255540431,-19.069635399882078],[146.28793850593829,-19.070354680366997],[146.28708148100822,-19.070308723516053],[146.28664694750694,-19.06995143484599],[146.2864728654587,-19.069341934504337],[146.28622692613217,-19.06798073311186],[146.28572523083503,-19.067106804662522],[146.28456905425878,-19.06601481272178],[146.28272636141102,-19.064115666476084],[146.2814421474162,-19.062928630234058],[146.28034467095745,-19.061791927389347],[146.2793760056601,-19.060475423063192],[146.27842351143434,-19.058524042303524],[146.277503332862,-19.05751860219063],[146.27636480322553,-19.056504981586272],[146.2751296262626,-19.055536964250273],[146.27363904068042,-19.054781127126333],[146.27147760587278,-19.05250125223263],[146.27035593936296,-19.0512551392094],[146.2691229187588,-19.04972688480119],[146.26826905766075,-19.048662109119995],[146.2676966353005,-19.047979168358264],[146.26681468061344,-19.046693861100653],[146.26557332286936,-19.046159771495475],[146.26462699776494,-19.045908651474782],[146.2628990978473,-19.045782173779557],[146.2612466186348,-19.045546064193086],[146.25994642446204,-19.045372506030894],[146.25895412849405,-19.045200391736444],[146.2575547692632,-19.0449618311034],[146.25638081821361,-19.044928179104573],[146.255512121344,-19.044791336840134],[146.25445062159994,-19.044791951634615],[146.25297190355926,-19.044861370625995],[146.249650908657,-19.04464402860185],[146.24823401729253,-19.04414801533792],[146.24694674438942,-19.043875815952784],[146.2455857186846,-19.043781254393668],[146.24374424971685,-19.04410649143481],[146.2422298620348,-19.044544379549688],[146.24066358126402,-19.04527659396092],[146.23905523296895,-19.045848846895858],[146.23750941541485,-19.045923567309995],[146.23648427367104,-19.045749019258217],[146.23555939491965,-19.045221018767744],[146.2350737892013,-19.044160485172338],[146.23506655870113,-19.043438308160155],[146.23494821738097,-19.043000779255532],[146.23529851552962,-19.042006849237268],[146.2357268082785,-19.041677488356612],[146.2361188448028,-19.04131927490212],[146.23729569059475,-19.04077828580777],[146.23873727641043,-19.04022502376008],[146.23975435180532,-19.039620028349486],[146.24082281921272,-19.03872049595893],[146.24161702877748,-19.03787930362052],[146.24217150812115,-19.037349976765164],[146.242866649872,-19.036240243491207],[146.24290058641697,-19.035348527586706],[146.24274365022526,-19.03470949067227],[146.242294284051,-19.033473732363547],[146.24181853834563,-19.032832202886112],[146.24144031938465,-19.032276409379712],[146.24091834805495,-19.031662811120924],[146.2401677273273,-19.0307502481717],[146.24011753453235,-19.030286740520406],[146.2403179115858,-19.02971545750114],[146.24073066265495,-19.029039277670474],[146.2414081284214,-19.027955375635713],[146.24186572796177,-19.027445107120013],[146.24274353604437,-19.026661897342557],[146.24378320655342,-19.026251662403375],[146.24443156367772,-19.02618961845372],[146.24505201342816,-19.02626631229327],[146.2455509123606,-19.02642329896011],[146.24665561346646,-19.02656183435358],[146.2472511500335,-19.02640676378179],[146.24778531409004,-19.025719132488693],[146.24773925937637,-19.02527119565841],[146.24734755722503,-19.024813690905514],[146.24680669500827,-19.024360602090503],[146.2458470013838,-19.023793770856734],[146.24471682400994,-19.023094098539488],[146.2436257034337,-19.022710604661263],[146.24311024849638,-19.022693736903484],[146.24198182504003,-19.022506319978167],[146.24109398105173,-19.02213249229829],[146.240658873419,-19.02186505246284],[146.239919635394,-19.02122546319787],[146.23936037531226,-19.020786258015683],[146.2384057818132,-19.020031991275044],[146.23799900521266,-19.019285726507785],[146.2379000628936,-19.018677397362755],[146.2378909708888,-19.018247712176283],[146.23783661408555,-19.017767874584976],[146.23802855427243,-19.0169609718064],[146.23817356472244,-19.016600440465897],[146.23840910449115,-19.0162044139505],[146.2386857245644,-19.015911262193587],[146.23897194849476,-19.015639232928713],[146.23934268524704,-19.015405081750274],[146.23975111924554,-19.01524689654194],[146.2402103562817,-19.01495070669117],[146.2410017247984,-19.014538641893832],[146.24158927685318,-19.01414739941059],[146.24208891518145,-19.013818023690387],[146.24250519668394,-19.01356625861569],[146.2428500500988,-19.01324646739991],[146.2431597162,-19.012887392004483],[146.24333833994976,-19.012043059628997],[146.243263616108,-19.01154036618981],[146.24314702398178,-19.01115041927769],[146.24290568823312,-19.010803240024075],[146.24252576418974,-19.010472021585766],[146.2419424053651,-19.01020965322953],[146.2415782769964,-19.01015682971871],[146.24107961618725,-19.010340007158476],[146.24076938118287,-19.010437264572218],[146.24037743369655,-19.010727551462782],[146.2401881440121,-19.010959396340493],[146.2400541884328,-19.011320951196215],[146.2398311652928,-19.011764647984723],[146.2395603610976,-19.0120532801437],[146.239241789861,-19.012580817394237],[146.23911076252884,-19.012784551523946],[146.23897940308862,-19.012948439866054],[146.23890578854912,-19.01313817678684],[146.23876639217818,-19.01322237036276],[146.2379566591082,-19.013500900028536],[146.23704769296262,-19.01333132176943],[146.23369488738123,-19.01360348717273],[146.23251943146323,-19.01359590949123],[146.23097421252052,-19.013871805512288],[146.22955467068888,-19.012318404436385],[146.22837525369522,-19.011585734694503],[146.2262737117516,-19.01129753722045],[146.22447813742454,-19.011680667352973],[146.2242635083693,-19.011454781448755],[146.22417851393112,-19.01148078583378],[146.2240075147738,-19.01150478452768],[146.22385951213514,-19.011562786478258],[146.22380450970522,-19.011603782468754],[146.223653506466,-19.01176577867495],[146.22351551372944,-19.011830780867612],[146.22319151393313,-19.01187378268868],[146.22291450790954,-19.0118367869702],[146.2228475121585,-19.01185378417091],[146.22263650747038,-19.011966781651402],[146.2225255069749,-19.011984786609364],[146.22243751127627,-19.011979780597436],[146.22217151008317,-19.01191978565851],[146.22187450549265,-19.011798786552426],[146.22166150860042,-19.011753780421245],[146.22154151154592,-19.01168378063651],[146.2214935058588,-19.01162378061019],[146.2213985149812,-19.011394780370296],[146.22136051410357,-19.011334786291318],[146.22131251381916,-19.011279783711846],[146.22113850843084,-19.011163783760484],[146.22103251264343,-19.01094978361708],[146.2209795142401,-19.01088678021815],[146.22091251157048,-19.01082778445708],[146.22076151188975,-19.01074178457084],[146.22061151274173,-19.010685782626222],[146.22045351090276,-19.01065078498964],[146.21899350930215,-19.010704783612884],[146.2188125103514,-19.010727786382965],[146.21850550697434,-19.01080178550832],[146.21829351497303,-19.010820779899337],[146.21716251492228,-19.010655787142554],[146.2169055150117,-19.010587779915344],[146.21682750864642,-19.010553786701454],[146.2166899301701,-19.010795820448244],[146.21655177024914,-19.01163257688958],[146.21654029142525,-19.01408332737865],[146.20887681329185,-19.01405069416879],[146.1995918234925,-19.01401073054395],[146.19960741269074,-19.010752797059045],[146.19961516565115,-19.010458875858635],[146.1982790103315,-19.00996386197185],[146.1934180580404,-19.008375884919804],[146.19308549886253,-19.00834991686576],[146.19301943531948,-19.008344757672823],[146.19250863401842,-19.008398566223075],[146.19191426342888,-19.008682288130107],[146.19066390690588,-19.009663231688947],[146.1904370537127,-19.009847369867583],[146.19011639573088,-19.01014157376969],[146.18963215645556,-19.010577166438207],[146.18911044788723,-19.0108646313219],[146.18861743403443,-19.010933996159366],[146.1881702733321,-19.01085820155644],[146.18776524824776,-19.010626269722454],[146.18653038839392,-19.009539859124807],[146.1863000139704,-19.009392257137705],[146.1860439593662,-19.009244550880144],[146.18550544632237,-19.009103742714885],[146.18484555407588,-19.009279983595167],[146.18475022179607,-19.009352048725095],[146.18443321297582,-19.00959169346965],[146.18356595481893,-19.012130149641276],[146.1823853156387,-19.013430834318463],[146.1810874762875,-19.013744311364537],[146.1803553910373,-19.01375558063809],[146.1783243608933,-19.0134045897438],[146.17680976227194,-19.01312581364281],[146.17574375865735,-19.01345581946099],[146.17525135844588,-19.01314974780924],[146.17470206371624,-19.012944517081195],[146.15820632862344,-18.980171264843747],[146.14745366477354,-18.958800790420916],[146.1478755297685,-18.95807878181909],[146.1476036188899,-18.957161276898244],[146.14668161612374,-18.95541499412244],[146.1462787641375,-18.953764802588694],[146.14507845265814,-18.952384401154074],[146.14460106951557,-18.950400038225162],[146.14520398408297,-18.94931622672263],[146.1456579110379,-18.948710765515145],[146.14572966407127,-18.946816321173955],[146.14610582699882,-18.9454583645844],[146.14594231544407,-18.94364281291655],[146.14711221069163,-18.94241872909291],[146.14690820631753,-18.940832710437657],[146.15779111299722,-18.936130271411614],[146.16257741716586,-18.935758918875205],[146.16655971321023,-18.935551712289545],[146.1667207721283,-18.935543335469387],[146.16711394674084,-18.935522318651316],[146.16762943132832,-18.936083714467916],[146.16883476273088,-18.936878409118968],[146.16978503343344,-18.936849778405705],[146.1706660442771,-18.936853718841377],[146.17125249900064,-18.93703721499113],[146.17173311014994,-18.937664224440336],[146.17198883206217,-18.938356000343187],[146.1724709077396,-18.93868703484499],[146.17332331684477,-18.938559274773464],[146.17408431450366,-18.938381779840032],[146.17465543357386,-18.938170569478032],[146.17515881656226,-18.937679487445013],[146.1760749653754,-18.93756846328062],[146.17664405192966,-18.937569390307235],[146.1780807841072,-18.937783666603735],[146.17968295992793,-18.938798466008667],[146.1806335601779,-18.938914816464518],[146.18155809956372,-18.939199334358225],[146.18212326567047,-18.938953453731738],[146.18235217084546,-18.93861794247736],[146.1827292389436,-18.93814338950577],[146.18294068127514,-18.938453260308943],[146.18343022046412,-18.93902366336569],[146.18418114572344,-18.939551755936577],[146.1847222849865,-18.939755299050827],[146.1850334382114,-18.940019056139768],[146.18707969385187,-18.940045521561622],[146.18804252864314,-18.940460832761246],[146.1889269595363,-18.940958909796798],[146.19023124367428,-18.941807817069716],[146.19222210368946,-18.943256828569147],[146.19211796752944,-18.9435448459397],[146.19262035373916,-18.943588152088267],[146.1947408696583,-18.94377087299647],[146.19739787198205,-18.944154598577764],[146.19775123409505,-18.94398241752329],[146.1971677516549,-18.943322439287847],[146.19661874900524,-18.942517455801468],[146.1960819775143,-18.94155110427156],[146.1960295122654,-18.94097043708055],[146.19644585490795,-18.940180632841976],[146.1964683264671,-18.939517266988446],[146.19722787176482,-18.93851943220847],[146.1973751767948,-18.937838215785344],[146.19688675210764,-18.936947715648348],[146.19654371534673,-18.936079921477567],[146.19686469231544,-18.934964820704607],[146.19724300217055,-18.934546181103517],[146.19810366039403,-18.93412313729856],[146.19894128364106,-18.93337367110753],[146.19952662404998,-18.932486020635125],[146.20057824506998,-18.931124323443147],[146.20064650112366,-18.93038073235292],[146.20004339716544,-18.929612423997025],[146.19930962935052,-18.92906703645707],[146.1987321654205,-18.92880300284664],[146.1982154248679,-18.927871780255554],[146.19775047391454,-18.927501511213386],[146.197757008696,-18.927248556215343],[146.19875086422698,-18.92584065588664],[146.19977870227765,-18.924462022421704],[146.2005807481626,-18.92379541636067],[146.2011117566783,-18.923335176507603],[146.20234124542503,-18.922737329875073],[146.2041557422127,-18.921930353487554],[146.20562384504225,-18.92120995220982],[146.2061742491718,-18.920597252295178],[146.20621765884238,-18.91977576905501],[146.2064727524062,-18.919609836269267],[146.2072866172843,-18.91965662758596],[146.20801277624943,-18.919308681247525],[146.20856302403652,-18.919048852850995],[146.20899636899702,-18.91918415005922],[146.20943903038057,-18.919573906866354]]]]},"properties":{"Division":1,"DivisionName":"Division 1","Dogs2024":3600,"Dogs2026":3332,"Decrease":268,"DeclineRate":0.07444444444444444,"LabelLongitude":146.54786531763398,"LabelLatitude":-19.254660211237066}},{"type":"Feature","geometry":{"type":"Polygon","coordinates":[[[146.60212756478992,-19.152244122577585],[146.6030544334941,-19.152412622405738],[146.60321868868047,-19.15240718418772],[146.6033288812563,-19.152453431310175],[146.60349816325075,-19.152569023055953],[146.60364455997015,-19.15267082849244],[146.60389568356103,-19.15286992089444],[146.60400972976538,-19.15299118605506],[146.6042167502612,-19.153253146305193],[146.60444649011274,-19.15354708424449],[146.60476442989287,-19.15389469476054],[146.60490408995213,-19.15402284671401],[146.60600257324555,-19.154925561972956],[146.60611470396532,-19.155017703348097],[146.60621257314082,-19.15510451819549],[146.60754586454965,-19.156287235087675],[146.60772219885808,-19.156443650807365],[146.6077432228985,-19.156460776314496],[146.6091038528883,-19.157569135806632],[146.61084973811802,-19.158984379346066],[146.6162016760753,-19.16285278703477],[146.6162639490539,-19.162906481613934],[146.61629634897025,-19.162956571122226],[146.61629977501119,-19.162996677072965],[146.61628560108824,-19.163043424870374],[146.61624153777805,-19.16310181360943],[146.6162062063545,-19.16317191493416],[146.6161948528048,-19.163204019046166],[146.61619719691626,-19.163255473668148],[146.61622418771378,-19.163304602961784],[146.61628112421283,-19.16335065884817],[146.61635237663782,-19.16339138546202],[146.61646430252893,-19.163437239834835],[146.61697819079663,-19.16351707282997],[146.617395739227,-19.163584702113393],[146.6176284711421,-19.163644914720358],[146.61778147149957,-19.163720243318703],[146.6222968265227,-19.166780500550427],[146.62563978022055,-19.168552036463378],[146.62889499105387,-19.170485980463457],[146.62904999496254,-19.16990477509044],[146.62920865409242,-19.169968095048684],[146.62964613752806,-19.170164411079686],[146.6301686664071,-19.170297147781472],[146.6308431492943,-19.170447133638053],[146.6312806074992,-19.17064342768609],[146.631794067279,-19.170848377292582],[146.63224978545983,-19.170900234252574],[146.63277236644262,-19.17103295466556],[146.63329491026454,-19.171165664489912],[146.63373239240195,-19.17136194376176],[146.63453136803395,-19.171745934177977],[146.63554919556202,-19.172228022591305],[146.63621452620077,-19.172450215463268],[146.6367279883977,-19.172655142369194],[146.63746015937986,-19.17295822097515],[146.63812551458167,-19.17318043414419],[146.6386389910143,-19.173385346746674],[146.6393803043263,-19.173616181953847],[146.64013079277873,-19.17377486873847],[146.64065333259143,-19.17390749452053],[146.64117589216966,-19.17404017308819],[146.6422210803896,-19.174305571112708],[146.64282873192934,-19.174374634051762],[146.6432844922471,-19.174426472910113],[146.64381616076423,-19.174486916915193],[146.64414736373791,-19.17430477824482],[146.64448769925457,-19.174050420886047],[146.64465780957656,-19.17392323281333],[146.6448371193257,-19.173723817570288],[146.6451409492738,-19.17375837659446],[146.64534146357502,-19.17400097484477],[146.6454659945843,-19.174234921985317],[146.64559059255618,-19.174468851094936],[146.64618905660268,-19.17461015711973],[146.6466266205678,-19.17480644224855],[146.64682712882114,-19.175049029848104],[146.64705500584458,-19.17507493543147],[146.64733148054574,-19.175326154621597],[146.64762619155206,-19.175432927827867],[146.64778724510094,-19.175377973323094],[146.64804245165953,-19.175187177610624],[146.64813667113793,-19.175051363733118],[146.64836452937598,-19.17507726765779],[146.64868959608592,-19.175553807480473],[146.65007407049433,-19.17570499012024],[146.65024364387259,-19.1761916418374],[146.65150766943248,-19.176318969540397],[146.65162076418176,-19.176166072892165],[146.65176592136444,-19.17608979265303],[146.6519189187369,-19.176120692435166],[146.65205568233424,-19.176205180107036],[146.6522435741993,-19.176409265840675],[146.65245309376942,-19.176677367956525],[146.65285416538728,-19.177142322932323],[146.65320885026955,-19.17749956323606],[146.65371142005137,-19.177950926078516],[146.65461946190848,-19.178701067644624],[146.66238621603927,-19.18378962949314],[146.66477509499717,-19.185028967297086],[146.66652272003356,-19.185857924430305],[146.66991113490496,-19.187217327243637],[146.67492485027324,-19.189185719508483],[146.6778992319324,-19.190321370982645],[146.67948609841446,-19.190828599115846],[146.681003756679,-19.19123173621391],[146.68709210266448,-19.192913696587706],[146.68727652493962,-19.192963183526146],[146.6896791224898,-19.19369321032814],[146.69065733862567,-19.19403628625975],[146.6908485971352,-19.194119219507943],[146.69108405837943,-19.19426362704754],[146.6914078439439,-19.19448285887394],[146.692549732882,-19.19527304489011],[146.69316599169383,-19.195771558162484],[146.69406877345162,-19.196615342099758],[146.69447435738977,-19.196941310057923],[146.69485138738625,-19.197220533419017],[146.69498140290116,-19.19729245235984],[146.6950530357925,-19.197310483589877],[146.69514227942557,-19.19731120131197],[146.69572318157122,-19.197393258510633],[146.696042966822,-19.19741475553163],[146.69634840171196,-19.19742904351014],[146.69669635943586,-19.197421205473088],[146.6968792287646,-19.197408855457702],[146.69710307513674,-19.197402908152515],[146.69742882694587,-19.197407657286856],[146.69760080029448,-19.197418469487964],[146.69781349376274,-19.197446203364873],[146.6981657345112,-19.19752049239003],[146.69851261799008,-19.197611617636582],[146.69873744144482,-19.19768568702809],[146.69906815667318,-19.19776517161939],[146.69917160127392,-19.19779802054513],[146.69940744814159,-19.197836526982464],[146.699510594923,-19.197834373403474],[146.69965823598147,-19.197829563345273],[146.69977878853564,-19.197817966930213],[146.7000547861404,-19.197783669749555],[146.70045821126004,-19.197733782956632],[146.70100792285606,-19.19767572000576],[146.7015827481396,-19.197611623137863],[146.7023244808306,-19.1975031778216],[146.70254587954264,-19.197472430321653],[146.7027098330832,-19.197452208384973],[146.70293897478908,-19.197410826906697],[146.70305191508604,-19.19740026434116],[146.70326422489504,-19.197398466110815],[146.70336013025835,-19.197397545807018],[146.703555835907,-19.19740920417823],[146.70379925689912,-19.197425476183057],[146.70409523474765,-19.19741461202946],[146.70432507158299,-19.197393916538747],[146.70416128176376,-19.19641242597649],[146.70455670059044,-19.19611312113676],[146.70460023386426,-19.196110317363303],[146.7052944257897,-19.196065596417764],[146.70627517072217,-19.195996587562927],[146.70698830578277,-19.19601890285487],[146.7074858231238,-19.196139686564486],[146.7080796331624,-19.19642295201321],[146.70871785848095,-19.196798042830075],[146.70939309320627,-19.1972578886111],[146.70997165658466,-19.197766977506685],[146.7103348114009,-19.19826161710255],[146.7105194452848,-19.198883013000973],[146.7106001423952,-19.1994689536487],[146.71059207144523,-19.199835958730763],[146.71047989191308,-19.20025925608763],[146.71029855731726,-19.200811922909455],[146.70977991834846,-19.20206739135462],[146.70966540772648,-19.20239669546238],[146.7095128665049,-19.202876854701326],[146.70911465865981,-19.20321620115857],[146.70910773255093,-19.203222100626547],[146.7089812182976,-19.203305938599755],[146.70870272269474,-19.20349048278349],[146.70852591034154,-19.20357113165418],[146.70821030959715,-19.203715074334987],[146.708135926754,-19.20374899980613],[146.70760975440763,-19.203901887524793],[146.70730344845168,-19.203969269615683],[146.70705378421124,-19.204024197799466],[146.70700271888765,-19.204035431017452],[146.70456013508783,-19.204058813343682],[146.7045532667704,-19.204058874575285],[146.70296037503,-19.204180908390445],[146.70294519058464,-19.204182067687505],[146.70293649309227,-19.204183644176354],[146.70203684456442,-19.20434649310051],[146.70194271357374,-19.204363529213044],[146.7019284950708,-19.204377658649157],[146.70155658286788,-19.204747396784928],[146.7011248609701,-19.20520721169557],[146.70109315081487,-19.205240986941288],[146.70109199321928,-19.20588179907748],[146.70120754002537,-19.206058885243785],[146.70130108755353,-19.20620227122874],[146.7016301321872,-19.206706587135624],[146.7022906345037,-19.20721281470905],[146.70229069151608,-19.207212850951187],[146.7025117813413,-19.207382299364145],[146.70261167233625,-19.207458854465994],[146.7026626611425,-19.2074856516894],[146.70331629819216,-19.207829200543983],[146.70355514371286,-19.207954727634128],[146.70434749451434,-19.208244480646027],[146.70446035904902,-19.208285755640247],[146.7053236753464,-19.20904285175981],[146.7054224947042,-19.209129516456127],[146.70553140346036,-19.20920242433062],[146.7062709536853,-19.209697495032444],[146.70632723276762,-19.209735171698405],[146.70634038139644,-19.20973965723274],[146.7074058601641,-19.2101030825162],[146.70790257593865,-19.210103874737175],[146.70811895087044,-19.210104219416582],[146.70813480607256,-19.210095216313444],[146.70889681553112,-19.209662524996837],[146.70908356300848,-19.20955647852672],[146.70914678276708,-19.209472250977665],[146.7095094321926,-19.20898908171895],[146.7096051479325,-19.208861562175393],[146.70971451968487,-19.20837880440712],[146.70975764313945,-19.20818844584159],[146.70988839338565,-19.207611308148067],[146.70997417916777,-19.207232632599915],[146.71028414323303,-19.20631767105858],[146.71076710280852,-19.205659300419203],[146.71140791182896,-19.20542768773719],[146.71142278024888,-19.205422315816943],[146.71147151378872,-19.205428185488344],[146.7122147484008,-19.205517630930764],[146.71234765305465,-19.20553362783407],[146.7124399676976,-19.20558721076626],[146.71296639230502,-19.20589275858091],[146.71323329263146,-19.20604767051984],[146.71386808045548,-19.206744406182455],[146.71417516605246,-19.207477248527454],[146.71418043061908,-19.207541069772805],[146.71421097436053,-19.207911424592233],[146.71421292179232,-19.207935033299673],[146.71416910502472,-19.208023115718515],[146.71414251899964,-19.208076566593],[146.7140582073397,-19.208246048891645],[146.71372612069757,-19.20822799804271],[146.71371132936835,-19.208227197727272],[146.71308051004073,-19.20812461309854],[146.7128709884272,-19.208090539417256],[146.71257457128118,-19.208042330351052],[146.7119577822114,-19.208077981741553],[146.71112851696316,-19.208387924591875],[146.710549504152,-19.208863055780654],[146.71049348420385,-19.20891609813079],[146.71037829968324,-19.209025160147753],[146.71031784871258,-19.20908239782726],[146.7101132618723,-19.20951086238029],[146.71004703614042,-19.209649544819463],[146.71004307464364,-19.209722416057925],[146.7100331367332,-19.209905082115935],[146.71002712082063,-19.210015699274486],[146.71011023757634,-19.21031924299009],[146.71013404871022,-19.210406220323023],[146.71023777267746,-19.210785014741173],[146.71043894031368,-19.211348669187846],[146.71052545702747,-19.21159107109575],[146.71052680419606,-19.211604059949128],[146.71053468113263,-19.211680158153843],[146.71058231698564,-19.21214042617101],[146.71057493891922,-19.21216521310996],[146.7104532825457,-19.212573519871626],[146.7104078370874,-19.21272604433844],[146.71029406767087,-19.212889206254925],[146.7097702142409,-19.21364048672702],[146.70974607948008,-19.21368898829947],[146.70959761400798,-19.21398740251932],[146.70946074765268,-19.214262509503662],[146.7094848498086,-19.214405970997905],[146.70955500981987,-19.21482362741305],[146.7095550945671,-19.214824124603457],[146.70955612077717,-19.214830244538597],[146.7095563197322,-19.21483071479787],[146.70978643595663,-19.215379874471747],[146.71007524922408,-19.215545119271955],[146.71037246112115,-19.215505264441205],[146.7106150340437,-19.215472733506946],[146.7113671756814,-19.215199282627317],[146.7118881951085,-19.214833925737164],[146.71200135179075,-19.214814917232264],[146.7124280087236,-19.21474322489274],[146.71249431209924,-19.214784313467053],[146.71255871487952,-19.214824224176393],[146.71281306673012,-19.214981846344703],[146.7130243730302,-19.215384973633217],[146.71302354695723,-19.215861007559045],[146.71299802731477,-19.21593492051238],[146.71299079879884,-19.21595586688631],[146.71299077013313,-19.215955939140493],[146.712732980825,-19.21670277324263],[146.71269715432396,-19.2172331663004],[146.71269341432367,-19.217288604782492],[146.71278946851717,-19.21749346112848],[146.71299258206378,-19.217926670022315],[146.7130198610885,-19.21798485926883],[146.71321885992626,-19.21827893095459],[146.71340434670185,-19.218553044823224],[146.71349973567322,-19.21912076871162],[146.71343767457626,-19.219238184735072],[146.713402224679,-19.219305258959423],[146.7133643694254,-19.219376884253485],[146.71328402366157,-19.219400599155154],[146.71310580847734,-19.219453197908052],[146.71305583624022,-19.219467949996474],[146.71293561714876,-19.219448719920575],[146.712712137151,-19.21941297926319],[146.7125933828309,-19.21939398623216],[146.7119001644185,-19.219026720934696],[146.71173136810236,-19.219002696172357],[146.71137989872113,-19.21895266321283],[146.71126913894435,-19.218997549090005],[146.7108873438076,-19.219152272510343],[146.71070483818605,-19.219226235557457],[146.7106353448451,-19.219294773758957],[146.71024145606563,-19.21968322853246],[146.70980001347297,-19.220262865149163],[146.70964258895367,-19.220469571696086],[146.70963491160967,-19.220539870330665],[146.70954463926665,-19.221366556919588],[146.70967056720022,-19.221987317049123],[146.70967839588403,-19.22202590097902],[146.71007429927994,-19.22259205082035],[146.71010137432629,-19.222630764600197],[146.71034573172065,-19.223214703535245],[146.71031404323642,-19.2234523273736],[146.7102866254949,-19.223657893345585],[146.7102769463855,-19.223730448162176],[146.71016971549668,-19.22396367779025],[146.71016968682827,-19.223963750043897],[146.71010674063885,-19.224100629934348],[146.7101065973758,-19.224100946015756],[146.7101055115885,-19.224101631137977],[146.71002537284377,-19.22415219493476],[146.70980079550517,-19.22429389779137],[146.70943314153013,-19.22434147515455],[146.70930853785828,-19.22435759896297],[146.70920065590053,-19.22435421946708],[146.70920054173374,-19.224354219285843],[146.7087655224835,-19.224340622817355],[146.70870855798725,-19.224354052154695],[146.70833796966676,-19.224441432278173],[146.70829015179115,-19.224452707077774],[146.70825390814102,-19.224471763402576],[146.7079124118933,-19.224651261745606],[146.70783152532687,-19.22469378011447],[146.70744070334183,-19.224983319265117],[146.7073063504884,-19.225115782298264],[146.70720256933697,-19.225289224355496],[146.7071625720275,-19.22550969940006],[146.70716783337716,-19.22574054035458],[146.7072688239604,-19.226208186916814],[146.70743790696258,-19.226563101569443],[146.7075543929226,-19.22674821027021],[146.7076714483538,-19.226934241616856],[146.70769175139387,-19.226966510320207],[146.70772299405175,-19.227005050338636],[146.7078634390356,-19.22717830389258],[146.70797961917722,-19.22732162303281],[146.70831906199382,-19.227306041239032],[146.70867580933253,-19.227097041414964],[146.70876062749855,-19.227026784217617],[146.70883308780208,-19.22696676475159],[146.70908370192774,-19.226759167866724],[146.70949181002808,-19.2262923304179],[146.70984789414598,-19.226025478970325],[146.7098996423893,-19.225986691194446],[146.71000134352641,-19.225972546076235],[146.7102293264556,-19.225940833243293],[146.7103579587799,-19.22592293483188],[146.71107040832703,-19.226101382325623],[146.71154512538456,-19.226360057168538],[146.71161023233572,-19.226435034328297],[146.7116423822837,-19.226472065876884],[146.71195160560998,-19.226828182109106],[146.7121036605877,-19.227215302083618],[146.71216797075482,-19.22752959646469],[146.71224601686492,-19.22791100584964],[146.71227194110307,-19.22803770535178],[146.71227249471963,-19.228063995937664],[146.71228507428586,-19.22865856633196],[146.71228762325407,-19.228779264435303],[146.7122747956556,-19.228840797821647],[146.71213040969872,-19.22953365596471],[146.7120373014512,-19.229764134251173],[146.7119393154355,-19.229992715998936],[146.71185116092292,-19.230301104093716],[146.71178775314067,-19.230543802290764],[146.71176689214101,-19.23082522929301],[146.711760572096,-19.231126660793883],[146.7117821377454,-19.231439450960625],[146.71180834503798,-19.231742153679424],[146.7118094598183,-19.23204669667019],[146.71177754504222,-19.23228327184735],[146.7117226411558,-19.232526579810532],[146.711647366623,-19.232753606485986],[146.71155707809828,-19.232953397960745],[146.7113172018534,-19.233306561737095],[146.7110092351491,-19.233808833672644],[146.7108106208135,-19.23413482322358],[146.71062283858006,-19.234436013053646],[146.71048681259748,-19.234624371681566],[146.7102656918677,-19.234864985169583],[146.7100646624966,-19.234987882375993],[146.70982780144976,-19.23507263912264],[146.7095230727839,-19.235146641887837],[146.70923451523498,-19.235184710154314],[146.7089157712271,-19.235210086705617],[146.70861827192883,-19.235273896266435],[146.70835341236867,-19.23535641045106],[146.70818693002883,-19.23546221671514],[146.70798656628054,-19.235621741095596],[146.70785390408284,-19.235778047539192],[146.707734709924,-19.235963710656634],[146.70766067330194,-19.236148523987694],[146.70758530270072,-19.23642032879168],[146.70752605317074,-19.236679389516603],[146.70747340267852,-19.23689769322316],[146.7074270524659,-19.2370935400981],[146.70737464558937,-19.23730844610525],[146.70731850311145,-19.237488986076364],[146.70726727758566,-19.23765992717396],[146.70721268217156,-19.237831757562077],[146.70716208551056,-19.23806646723441],[146.7071554079549,-19.238156694585054],[146.70714301428,-19.238299320435836],[146.7071445963334,-19.238474927888493],[146.70714860019982,-19.238588651379384],[146.70714208954203,-19.238649128006283],[146.70712538232164,-19.23877752214477],[146.7071163681493,-19.238892282176455],[146.70713143583563,-19.238985580858305],[146.70716128187723,-19.239120737110245],[146.7072029682065,-19.239269820788092],[146.70724852903274,-19.239369521489348],[146.70731090644244,-19.239450921304748],[146.70735486729362,-19.239503200403504],[146.70743012570304,-19.23955895467301],[146.7074713577764,-19.239588672137288],[146.70757096919615,-19.239647230694967],[146.70765222456382,-19.23968545294175],[146.7077275210849,-19.23969827066294],[146.70786891175874,-19.239703286151183],[146.70800483005272,-19.239719842545295],[146.70812879585995,-19.23973748233981],[146.70835338696327,-19.23977858070193],[146.70858240732107,-19.239822378973567],[146.7087996829644,-19.239857401076915],[146.70895447533016,-19.239875975009966],[146.70901912267698,-19.239884690384212],[146.70907148704927,-19.23989843809876],[146.70911973417915,-19.23991607435775],[146.70919431081413,-19.239970407959838],[146.70926949620775,-19.240030282399502],[146.7093677583519,-19.240115353454517],[146.70943895303225,-19.240188388920707],[146.7094787345515,-19.240237073050086],[146.70951972397071,-19.24030768371951],[146.7095605315464,-19.240378917668828],[146.7095804676623,-19.24043700528993],[146.7095898621322,-19.240505460109773],[146.709610114744,-19.240600013970234],[146.70961356890058,-19.240681030329597],[146.70960660563316,-19.240772097779313],[146.70959083197792,-19.240857530013642],[146.70956600578037,-19.240950575412917],[146.7095171024732,-19.24108399766516],[146.70950013317275,-19.24118918365444],[146.70949074180774,-19.241281223274918],[146.70949187578051,-19.241350568719174],[146.70949803333028,-19.241457942298343],[146.7095191831174,-19.241572587629026],[146.7095466688522,-19.241687812363608],[146.70959591204445,-19.2418373322341],[146.70962667505492,-19.24197190209798],[146.7096388968236,-19.242039638401682],[146.70964584166953,-19.24207812144667],[146.70965574608118,-19.24212719193074],[146.709672876008,-19.24221206180784],[146.7096719123986,-19.242235186875433],[146.70966674673713,-19.242359107954364],[146.70966272545544,-19.242497788849814],[146.709649450842,-19.242650002061904],[146.70961350215228,-19.242812942790287],[146.70959944681866,-19.24295457201021],[146.709603202387,-19.243048168827162],[146.70962469674726,-19.243134753685794],[146.70965687252004,-19.243218183373667],[146.7097221102679,-19.243324819198353],[146.70978325680866,-19.24339346450654],[146.70986216378694,-19.243459065247997],[146.709953794196,-19.24352365586033],[146.7100966358522,-19.243587523224114],[146.71024436426077,-19.24364287598714],[146.7103475432425,-19.243665750177424],[146.71051405222667,-19.243700689945516],[146.71063212684297,-19.2437209847766],[146.71064296214772,-19.243722312323523],[146.7107657464437,-19.243737345735845],[146.71092730657725,-19.243724053976955],[146.71102467492258,-19.243712648955082],[146.71118202564608,-19.243706923629226],[146.71129779267173,-19.243708335353062],[146.71149917521473,-19.24371021635858],[146.71160025579286,-19.24369800351926],[146.71171076265767,-19.243676668704037],[146.71184127448973,-19.24366372487343],[146.7120263330886,-19.243652457355207],[146.71218283251687,-19.24365470077724],[146.7123569417623,-19.243669316771225],[146.7125070867608,-19.243703433725564],[146.71263163486944,-19.243743872669388],[146.71275589114651,-19.243793483988522],[146.71290379274876,-19.243870253424383],[146.71304162262217,-19.24395533939427],[146.71314732077386,-19.24402918665635],[146.71328976525163,-19.244103579442264],[146.71343202307415,-19.24415949946775],[146.71359926643925,-19.244194130319908],[146.71377237495207,-19.24422657411454],[146.71388661339407,-19.24426472770994],[146.713992663943,-19.244294770967333],[146.71406142501152,-19.244324773984516],[146.7141100406867,-19.244355929403014],[146.71416028284702,-19.244392934519162],[146.71422441789744,-19.244456937826804],[146.7143152239929,-19.24453732228798],[146.71437530334845,-19.244602701927995],[146.71446020925057,-19.244711165216266],[146.71451049836003,-19.244798164970764],[146.71457049998727,-19.244930619690763],[146.71461010255047,-19.245007300163355],[146.71463879446037,-19.245049124603977],[146.71468440921214,-19.245115620295564],[146.71474154736086,-19.245176295804367],[146.71476482621875,-19.245201022145892],[146.71485981891828,-19.24529284511944],[146.71499565350152,-19.24541060560359],[146.71504048172073,-19.245453322695585],[146.7150769019357,-19.245499605480305],[146.71511492725173,-19.245591728230462],[146.715154809579,-19.245716063002142],[146.71518323118877,-19.245887139211643],[146.71520270801958,-19.246025450114807],[146.71520293784036,-19.246168014769975],[146.7151997993197,-19.246255401121275],[146.7151512048715,-19.24640451416673],[146.7151247145717,-19.246487218964617],[146.7151144626272,-19.24658882807314],[146.7151219695013,-19.24667741488362],[146.7151365574148,-19.24679258254127],[146.71511833355723,-19.246937224161734],[146.715067375763,-19.24713234266771],[146.71501188675995,-19.24717970237793],[146.714960638271,-19.24722343565898],[146.7147732822245,-19.2473450938071],[146.71457051887788,-19.24740176722222],[146.71432072380776,-19.247473585900394],[146.71404197760842,-19.247559556680397],[146.71380806949588,-19.247671570515767],[146.7136387182938,-19.247818759050674],[146.713481370871,-19.247973855827727],[146.71330298676884,-19.248171666187012],[146.71315863611574,-19.248376325803857],[146.7130416031059,-19.24855389800633],[146.71303264527842,-19.24857804080235],[146.71296994036442,-19.248747067471378],[146.71293648408638,-19.24892236673673],[146.71291909181912,-19.249080005096985],[146.71287942398902,-19.249232213202124],[146.71285882799754,-19.249415449340702],[146.7128480892474,-19.24956623877532],[146.71280960982924,-19.249713451064864],[146.71281906040238,-19.249849143652757],[146.712909842633,-19.250004710477096],[146.71297324643734,-19.250139972569443],[146.7129792914762,-19.25030254592138],[146.71297785117713,-19.25046869535689],[146.7129681143644,-19.250601465876326],[146.7129252564156,-19.25074941236606],[146.71287143278911,-19.250894070114022],[146.7127745505323,-19.251072143636293],[146.71266529587115,-19.251251408676968],[146.71260587040356,-19.25133413361747],[146.7125368028276,-19.251456743286646],[146.71244644211362,-19.251545067909273],[146.71233103831804,-19.251654193239872],[146.71228202579283,-19.251740486117857],[146.71222232916463,-19.251809338168158],[146.71216523512967,-19.251859008000668],[146.71215741101642,-19.251865818890096],[146.71177957672413,-19.25208484972322],[146.7114673284759,-19.25237122107119],[146.71112110007357,-19.252667904052654],[146.71092800559134,-19.253040046213407],[146.71065088692842,-19.25348848411244],[146.71064858714567,-19.253492203861825],[146.71051664986874,-19.253705710304672],[146.71050045200383,-19.253978214875684],[146.71049262765155,-19.254109813358923],[146.71044368115045,-19.254932965741002],[146.71070224667238,-19.255657229968417],[146.71070793767504,-19.255673171806155],[146.71071149917336,-19.25568796253344],[146.71086010178234,-19.256304173800782],[146.7108661195675,-19.256329144455755],[146.7108192629321,-19.25667175741467],[146.71077645469842,-19.256984725225493],[146.71042199846588,-19.257202732571155],[146.71034946281634,-19.257260402494218],[146.71009542563775,-19.257462382293696],[146.70997878884467,-19.257555110312616],[146.7090756131922,-19.25772181580215],[146.70866964481743,-19.257745254179774],[146.7085898938724,-19.257749862709403],[146.70810824759386,-19.25777767985367],[146.70801212769456,-19.257783229004552],[146.70794247406099,-19.257787256905083],[146.7078860794824,-19.257810817571823],[146.70782689468643,-19.257835539581006],[146.7071806507718,-19.258105499851748],[146.70664589497875,-19.25841172274103],[146.70660639237576,-19.25843434310258],[146.7065072309791,-19.25849112828946],[146.7064823697737,-19.25852642439049],[146.706446594844,-19.25857719297106],[146.70632239360825,-19.25875347474227],[146.70630354256343,-19.258780222107525],[146.70611675835622,-19.25904533967339],[146.7061054329132,-19.259158351461114],[146.70599678845971,-19.260242865185592],[146.7056661161834,-19.261374115064186],[146.7055292865909,-19.261842200468557],[146.70551733751262,-19.261883093242957],[146.70524575361623,-19.261805657637836],[146.70516535545661,-19.26178257321176],[146.70433368806627,-19.26154380170576],[146.70375528253746,-19.261347830989063],[146.7031862758789,-19.261111982916365],[146.7026406455883,-19.260858430808632],[146.70211840620343,-19.26057389001732],[146.7017174295103,-19.260342739301155],[146.701662444116,-19.260307006372674],[146.7014648295706,-19.260178579711344],[146.7014097397417,-19.260142774238417],[146.69890172186862,-19.258471988539796],[146.6960669407023,-19.256581344248534],[146.69480416652738,-19.255739122210986],[146.69122178390265,-19.253353616885992],[146.6904130752667,-19.252815062042004],[146.6893823716586,-19.252126540952776],[146.68771884145517,-19.251015262167737],[146.6865427960316,-19.250235263303992],[146.68650613181106,-19.25021094428676],[146.68647129225124,-19.250187839391515],[146.6860034966221,-19.249877571813485],[146.6852390721649,-19.249362070316565],[146.6849908031087,-19.24920467363567],[146.6848858807653,-19.24913814991389],[146.6848222336183,-19.24909779705035],[146.68439209106734,-19.248825104214927],[146.6843627243486,-19.24880648184143],[146.68334645058,-19.248206319010087],[146.682675163013,-19.2478419005552],[146.68246996188864,-19.24773050289286],[146.6816540189257,-19.2473212846501],[146.68136492704986,-19.247183368865517],[146.67929905178795,-19.24620247208154],[146.67768346684755,-19.24543535568842],[146.67744825253754,-19.245323664615707],[146.67305143638217,-19.243228094816278],[146.67217606433385,-19.242812610259563],[146.6707293232329,-19.242125932640917],[146.67047881381404,-19.242007029537266],[146.66862674940893,-19.241127932577843],[146.6659134946986,-19.239837820192744],[146.66470570264144,-19.239263512891533],[146.66382214579917,-19.23884187356812],[146.6603232097235,-19.237172094725626],[146.65940973599766,-19.236739787054038],[146.6577543249161,-19.235956344903677],[146.65587552097966,-19.23506715623809],[146.65415235558783,-19.234250794175416],[146.65409479316443,-19.23422351923911],[146.65401935180793,-19.234187778677565],[146.65269493703113,-19.233560304152036],[146.65189986912543,-19.233183618881466],[146.6514699154079,-19.232979913068956],[146.6470411409712,-19.23086593250234],[146.64638783455837,-19.23055506250022],[146.6454133352019,-19.23009134390001],[146.64262644775025,-19.22876516730622],[146.63965848441916,-19.227352692845702],[146.6386767146708,-19.226885445101203],[146.6381559367615,-19.226637589704566],[146.63574710961282,-19.225487533681733],[146.63561894911533,-19.225426340128116],[146.63561074721633,-19.22542242872701],[146.63323867494344,-19.224295810806044],[146.6322559527731,-19.223798487057888],[146.63208208725806,-19.223708813078275],[146.63187765963286,-19.22359952980064],[146.63173252787934,-19.223521941904295],[146.63154123167965,-19.223399002151776],[146.6313405400804,-19.223270024439977],[146.63127588183457,-19.223228467236563],[146.63085141817805,-19.222962511673487],[146.63081456577964,-19.222939419357367],[146.63069295660378,-19.222860296519407],[146.62691923538492,-19.220404928825644],[146.62617368973469,-19.219937978220518],[146.62543730032425,-19.219550842859498],[146.62473341336968,-19.219234677943135],[146.6241086606683,-19.219007337838573],[146.62310152964076,-19.21866838485041],[146.61877923679495,-19.217245437643033],[146.61431715491585,-19.215773320847372],[146.61021412764214,-19.2144304161538],[146.60945473564718,-19.21417842072915],[146.60583147978338,-19.212976012819336],[146.60468611856083,-19.212598687422272],[146.6045954818982,-19.212568831459837],[146.60141625253948,-19.21152142576927],[146.59803146412645,-19.21040144226575],[146.59744327218587,-19.21020643679952],[146.5973181437548,-19.210164951843346],[146.59690786907356,-19.210031066135567],[146.59644170995438,-19.20985273755366],[146.5958963642457,-19.209616602359883],[146.59526258474781,-19.209296060732346],[146.59455437867638,-19.208882259082717],[146.5943609244489,-19.20874994973504],[146.59417721447136,-19.208624295139106],[146.5939301883995,-19.208455346995123],[146.5934784320924,-19.20811746218963],[146.5930687340502,-19.207748644596613],[146.59274286130133,-19.20745093709586],[146.59219367615088,-19.20688677362062],[146.59135612093868,-19.205954057381668],[146.59087685212847,-19.2054255082298],[146.59076729034211,-19.20530001572462],[146.59085395689397,-19.20512080061971],[146.59091356626035,-19.204888864729973],[146.59092695568972,-19.204794472860225],[146.59092695990807,-19.204615760193462],[146.590891116817,-19.204392296145027],[146.59086725330008,-19.204171452524726],[146.59058171682173,-19.20154312833384],[146.59049370323197,-19.20107562171896],[146.59015239605043,-19.199972723460608],[146.58961243909428,-19.19810165168912],[146.5895647263503,-19.19765619536644],[146.58954125116998,-19.197402528818436],[146.5895046827318,-19.196567562221308],[146.58950723990617,-19.19554007994396],[146.58952635968976,-19.195351956875804],[146.58958194377604,-19.195066176872338],[146.58966729662194,-19.194659191747185],[146.5897125775276,-19.194151206294833],[146.58972327483147,-19.193741993580552],[146.58968084969385,-19.19354676501635],[146.58960258153576,-19.19325245248169],[146.58950289934526,-19.193093534208565],[146.58940618842882,-19.192979303011015],[146.58892659953133,-19.19258553051174],[146.58853808444405,-19.192282081172685],[146.5884172568555,-19.192158360411327],[146.58833576490846,-19.192056200506286],[146.58831201658043,-19.19191723466363],[146.58829907791056,-19.19172690691031],[146.5883280423712,-19.191508585220095],[146.58830525918003,-19.19133725891335],[146.5882860248494,-19.191161756289517],[146.58823060327026,-19.191075840673616],[146.58819384823366,-19.191018868275915],[146.58813952884213,-19.190971716148596],[146.58810574655593,-19.190851552467226],[146.58813066234526,-19.190781054092618],[146.58823481045653,-19.19069977130701],[146.58833548252247,-19.190643098305706],[146.58850438012985,-19.19058003527712],[146.5887041584614,-19.190461226866056],[146.58881697560204,-19.190339945940753],[146.58905538935878,-19.19008364866302],[146.58924173471098,-19.189950006429477],[146.58940031087013,-19.189886964631057],[146.5895852147108,-19.189828156832494],[146.5899787729264,-19.189764383863302],[146.5901548240999,-19.18968122724033],[146.59035591870315,-19.189571574725186],[146.59051987132705,-19.189384190451875],[146.59056764261658,-19.18927527086138],[146.59062866887493,-19.18894109855631],[146.59063178034162,-19.188782871085333],[146.5906398715663,-19.188345491935376],[146.5907006458358,-19.187809000525966],[146.59077044992617,-19.187482773418388],[146.59107902667841,-19.18583460213687],[146.5910922224613,-19.185721574643615],[146.591045976795,-19.18539032601631],[146.59090651077057,-19.184838575785367],[146.59089751402087,-19.184791877955014],[146.59088943766352,-19.184749935807954],[146.59087127512294,-19.18465567218451],[146.5907609856325,-19.184391256263126],[146.59074740747548,-19.184358709692546],[146.59073277405938,-19.184291303811555],[146.590703196933,-19.184155054418646],[146.59070184264348,-19.184148833719497],[146.5906912131702,-19.184020010076964],[146.59069016023528,-19.184007310288855],[146.5906808324695,-19.18397913822039],[146.5906487141475,-19.183882078020112],[146.59064261523835,-19.18386365538697],[146.59059449926738,-19.18380482351816],[146.59048125526417,-19.183666344972927],[146.59034250335375,-19.1835194860434],[146.5900649529585,-19.18295274117907],[146.59004023937842,-19.18288469818396],[146.5900192196569,-19.182826812352495],[146.58996163982613,-19.18266825941704],[146.5899599178356,-19.18264921392746],[146.58995705685658,-19.18261767631086],[146.58994286338353,-19.182461091028348],[146.58997496491673,-19.182387870052104],[146.5899885764988,-19.182356821103905],[146.59010628949412,-19.182226214555165],[146.59021629516045,-19.1821544688887],[146.59053950066382,-19.18194724142898],[146.59065437404362,-19.181891601828788],[146.59129911288173,-19.181579335097013],[146.59187847344154,-19.181276554468198],[146.59191164419843,-19.18125921329865],[146.59196309002866,-19.181240340259432],[146.59209372282902,-19.181192398428756],[146.59209693105078,-19.18119122166928],[146.59220405096474,-19.18117450568984],[146.59228211091047,-19.1811743808872],[146.5924828106523,-19.181174067502607],[146.59273046929317,-19.181107415673893],[146.59274982247413,-19.18109678553455],[146.592826625607,-19.181054607022304],[146.59289856120705,-19.18099987386835],[146.59293157971797,-19.18097475103377],[146.59297444182405,-19.18094214000374],[146.5931450454451,-19.180706345764072],[146.5931451599798,-19.180706183346057],[146.59328192117573,-19.180517172493868],[146.59340662582017,-19.180384636206195],[146.59344163511068,-19.180354366407297],[146.59352924881532,-19.180278619781262],[146.59356939552816,-19.180243914968177],[146.59370740568926,-19.18017746177344],[146.59375745612954,-19.180153361554556],[146.59377403484987,-19.180145382137272],[146.59397394986274,-19.180084424878842],[146.5942936917666,-19.17998692326361],[146.59430587678784,-19.17997871718938],[146.5945237874044,-19.17983198060589],[146.59461593223352,-19.17976993501101],[146.59473715552792,-19.17969905180488],[146.59483498345944,-19.179689408055296],[146.59484205203745,-19.179688709709698],[146.59488059144584,-19.17968491776379],[146.59492501040202,-19.179719384772817],[146.59497469814067,-19.179757939234555],[146.59502546646445,-19.17983304303579],[146.59508689131255,-19.17992214204744],[146.59519236326767,-19.179979978652455],[146.59526127714997,-19.180013125930348],[146.59533795870524,-19.179996901291894],[146.5954086165029,-19.17998194664369],[146.59545868121728,-19.179971356797747],[146.59554868042838,-19.179919283216286],[146.59555912613072,-19.17991054002236],[146.59556418695976,-19.17990630362812],[146.5956285956752,-19.179852420372658],[146.5957071512708,-19.179758053896155],[146.59571720559742,-19.17974598409245],[146.59579660598865,-19.179663973468998],[146.59585943213284,-19.179592039090362],[146.59588971025713,-19.17958268885641],[146.59593438855646,-19.179588887419456],[146.59599441284124,-19.179597216412308],[146.59613308155522,-19.17962288034598],[146.59625143642626,-19.17959300123081],[146.59640481747823,-19.179502178989207],[146.59656582244577,-19.179381721883136],[146.59675665625818,-19.179260516805815],[146.59686251362052,-19.179175644769007],[146.59692855529374,-19.179122695473666],[146.59702045132906,-19.179049008013447],[146.59719190870692,-19.178877494272633],[146.59730882146945,-19.17875973225643],[146.598070676341,-19.177992333896835],[146.5980868086527,-19.17797608394139],[146.59841484202857,-19.17760605421865],[146.5984572396307,-19.177505272217857],[146.59846256800836,-19.17749261352765],[146.59850335840562,-19.177395659829127],[146.59848980223754,-19.177337926781536],[146.59848860670036,-19.177332818071125],[146.5984636175381,-19.17715757463185],[146.59834515983792,-19.176697025813368],[146.59810280111103,-19.17622902100308],[146.59791969990334,-19.175748276502446],[146.59781500308654,-19.175348172057724],[146.59781539689936,-19.17497813005953],[146.59789785249637,-19.17478798432785],[146.59811328285062,-19.174518564963122],[146.59827770689486,-19.174499621075565],[146.59851910849054,-19.174549167686823],[146.5989164675209,-19.17482822364111],[146.59906895866945,-19.17485122238436],[146.59928863348946,-19.17478064140481],[146.59937626882737,-19.174697553578554],[146.59956983504506,-19.17421778582676],[146.59970758827026,-19.173998668630052],[146.59985939297218,-19.17352959099828],[146.60005372935885,-19.173206423379373],[146.60015162092557,-19.17297154821082],[146.60025617631186,-19.172655098356017],[146.60043486701207,-19.17211428601215],[146.60062582017454,-19.171642780399324],[146.60073467047513,-19.171469400707203],[146.60087172231746,-19.171251618512702],[146.6009700847013,-19.170994014921217],[146.60098807595372,-19.17077797109027],[146.6009878485384,-19.170655116920216],[146.60095573451557,-19.170511290073],[146.60091000431296,-19.17030689244467],[146.6008507269536,-19.1701041553379],[146.6008497409276,-19.170094971250876],[146.60084107118968,-19.170014285053202],[146.60085200532836,-19.169877338802465],[146.60085215231783,-19.16987554069008],[146.60091189654764,-19.169619561187982],[146.60100913090398,-19.16928090813442],[146.60101240642317,-19.16926350028386],[146.60107319720834,-19.16893995976996],[146.60107720646025,-19.168910100046645],[146.60109482227048,-19.16877878046895],[146.60108028309065,-19.16864329711833],[146.60108013418264,-19.16864194119268],[146.60105337805692,-19.168492857201652],[146.60099826694835,-19.168408617829797],[146.6008873993725,-19.168330520150313],[146.6008823330232,-19.16832935235844],[146.60083119417956,-19.16831760110021],[146.60078910446538,-19.16830792097829],[146.60062699325334,-19.16832089857363],[146.60046157013454,-19.168370307404523],[146.60041338702018,-19.16840283642587],[146.60033800680114,-19.1684537243577],[146.60031080450602,-19.168482132795862],[146.6002359862472,-19.168560260471452],[146.60014121387388,-19.168646577688694],[146.6000429126756,-19.168752724144703],[146.59994567317722,-19.16890362579762],[146.59985883758745,-19.169007474528378],[146.59978177014165,-19.169079469785416],[146.5996573973674,-19.1691314435695],[146.599476032182,-19.169197056843547],[146.59933349583116,-19.169228530235163],[146.59901395819665,-19.169282824984826],[146.59893465126274,-19.16928962861518],[146.59881798404376,-19.169281682980095],[146.5987665570106,-19.169274991429297],[146.59861227303497,-19.16919718612488],[146.59857379320144,-19.169142055539975],[146.59854412924489,-19.169055720193764],[146.59853778890331,-19.168948315559966],[146.59857222125734,-19.168903538490657],[146.5986574925691,-19.168841159338395],[146.59883612911986,-19.168743684264925],[146.5989414433004,-19.168679595516622],[146.59904653138423,-19.168602781629396],[146.59912389395765,-19.16852676570407],[146.5991356122325,-19.16851054213677],[146.59923513161792,-19.168372750042394],[146.59932709461785,-19.168134608780132],[146.59941403616054,-19.167667965261348],[146.5994922018597,-19.16741274935324],[146.59953866963338,-19.167212257721374],[146.59954948286978,-19.167098157672694],[146.5995552419723,-19.166938462217697],[146.5995144130514,-19.1668322114568],[146.59947633518715,-19.16674462881032],[146.5994744365932,-19.166644734859887],[146.59948316307742,-19.16657952231169],[146.5995164389528,-19.166458033506238],[146.59950656886028,-19.166335203453205],[146.59945587947757,-19.16616522690117],[146.59939146022413,-19.166049055871486],[146.59930454447914,-19.165926789751335],[146.59926890887587,-19.165910977973876],[146.5991416060833,-19.165881581818457],[146.5990129905347,-19.16584053356679],[146.5988836496585,-19.165753375089214],[146.59882489082568,-19.165699637194276],[146.5987812632092,-19.16563802465741],[146.5987219400536,-19.165546337670218],[146.59869478033713,-19.165451124081574],[146.59867953686117,-19.16534034710084],[146.5986891975197,-19.16530971352322],[146.5987180938122,-19.16522177095801],[146.5987436761191,-19.165170991763368],[146.59880412749567,-19.165079313396433],[146.59889944364983,-19.164960264722563],[146.59902127477866,-19.164833321018296],[146.59916045308896,-19.164702285020052],[146.59928692365133,-19.1645955406952],[146.5993765496857,-19.16452861581661],[146.59956127992228,-19.164406417974664],[146.59965177292761,-19.164350592713824],[146.59986216904704,-19.164213556949417],[146.6000074464452,-19.164143906220815],[146.6001671237824,-19.164077639580338],[146.60048438815716,-19.163979660161687],[146.60070428750984,-19.163892512188067],[146.60079608930994,-19.16384582595795],[146.6009078607675,-19.163772324062357],[146.60096888965222,-19.163720555144927],[146.60105813158896,-19.16363096290632],[146.601102285639,-19.163576644904772],[146.6011630105689,-19.163469295539777],[146.60127826131824,-19.16323404138146],[146.60134916263425,-19.163071052978314],[146.60141074467032,-19.16289974802912],[146.60145104473818,-19.162751270419978],[146.601455632638,-19.162626935423276],[146.6014344812489,-19.16250049309607],[146.60136601272782,-19.162426961200826],[146.60125884484827,-19.162385952048467],[146.60113013340484,-19.162385672593977],[146.60092193708203,-19.162428030317617],[146.60073298724237,-19.162498969602375],[146.60055253000846,-19.162629112784302],[146.60043448729573,-19.162696627150208],[146.60034286686658,-19.162727471129028],[146.6001831657859,-19.16276076060232],[146.5999927835101,-19.162774706449316],[146.5998176404691,-19.162791035012454],[146.5996595589834,-19.162830960972673],[146.5995079428355,-19.162906996076295],[146.59943625179275,-19.16295128544337],[146.59927898512143,-19.16309866695893],[146.59916078838376,-19.16321382506952],[146.5989949265442,-19.16332863503349],[146.5988926571413,-19.163385681419786],[146.59880346502794,-19.163414939346893],[146.59869485202483,-19.16344450725546],[146.59861928834275,-19.163434392019184],[146.59854253821902,-19.16341152245704],[146.59845052201902,-19.16335020171172],[146.59839497967155,-19.163284261252322],[146.5983379660192,-19.1632054031849],[146.59828725383306,-19.163112460614794],[146.59823898790543,-19.162995113497093],[146.5981685738991,-19.162786919650564],[146.5981346012378,-19.16269741170148],[146.59809203092004,-19.162635539227658],[146.59803197568598,-19.162552200921613],[146.59792093422965,-19.162453857439893],[146.597860263864,-19.16241247815269],[146.59752804904687,-19.162236850676187],[146.59744229744283,-19.162196645374948],[146.5973535874262,-19.16215283668355],[146.59727232417694,-19.162093283137295],[146.5971105169141,-19.16203443857075],[146.59710970924917,-19.162034147604007],[146.59725916322952,-19.161391639527878],[146.59730497685575,-19.161245497545465],[146.5973729591109,-19.16102865071187],[146.59802755897184,-19.159720318813758],[146.5982983292697,-19.15917912171356],[146.59849502339418,-19.15846916137451],[146.59852381084673,-19.158362836538327],[146.59870572731495,-19.157690999305007],[146.59883457830705,-19.157215129493284],[146.59906059765572,-19.156595126949302],[146.59927165590764,-19.15607762026048],[146.59929959027406,-19.156009123782766],[146.5993715819191,-19.15577213144422],[146.59950258776766,-19.155513126182264],[146.6000395669225,-19.154825133903387],[146.60064757011583,-19.154228119789785],[146.60130355860593,-19.153495132108507],[146.601749443601,-19.15311849086609],[146.60188869691854,-19.152982843550614],[146.60205555498143,-19.152594119337365],[146.60212756478992,-19.152244122577585]]]},"properties":{"Division":2,"DivisionName":"Division 2","Dogs2024":3148,"Dogs2026":2815,"Decrease":333,"DeclineRate":0.10578144853875476,"LabelLongitude":146.65016628953438,"LabelLatitude":-19.19884068511037}},{"type":"Feature","geometry":{"type":"Polygon","coordinates":[[[146.83060499576186,-19.276875137406236],[146.83051686374293,-19.276981263022666],[146.83038990158775,-19.27713415716741],[146.83007773608728,-19.277510048236305],[146.8296715400846,-19.278015221251007],[146.82912195179406,-19.2786078224794],[146.82894926055567,-19.278858439195705],[146.82888079582816,-19.278957804358157],[146.82829972460644,-19.279773117817115],[146.82813255812144,-19.279998524616786],[146.82783192414456,-19.280403902434127],[146.827826472614,-19.280411253723795],[146.82748707131347,-19.28025502981039],[146.82730135642146,-19.280169541539408],[146.82676540123782,-19.27991921399094],[146.82632590694826,-19.280379685035534],[146.82618195204478,-19.28040436480187],[146.82057893731556,-19.277808936496292],[146.81583965399668,-19.277906046368532],[146.8155454411889,-19.277924945043942],[146.81557921126466,-19.27980118340221],[146.81550777111457,-19.280569947797574],[146.81546283234272,-19.28090846953672],[146.81538807221432,-19.281335129732938],[146.81516808441737,-19.282103734673345],[146.81508613533825,-19.282311728205467],[146.81492904395594,-19.282759379946317],[146.81474980643065,-19.28316324108585],[146.81473708033042,-19.2831898522764],[146.81436989178806,-19.2839573578167],[146.81423773819958,-19.28398643227962],[146.81371823384345,-19.284100714088833],[146.813038639374,-19.284363007363726],[146.8118186057718,-19.284731645263484],[146.81049308287953,-19.285209246588984],[146.80976185638013,-19.285446350128144],[146.80877865232273,-19.28544503448858],[146.8083969128862,-19.28565945271669],[146.80787803198018,-19.285810681306163],[146.80717026235735,-19.285931822573104],[146.80632268632738,-19.286006351837507],[146.80556749698556,-19.286152867741396],[146.80479023287737,-19.286630549175513],[146.80450418203336,-19.28746478046087],[146.8044120767415,-19.288261036109617],[146.80454997957008,-19.28905384160521],[146.8047385111285,-19.289956920707457],[146.80532105375292,-19.29097260969812],[146.80573352050965,-19.29155944693135],[146.8066865080907,-19.292351507101344],[146.80741390748958,-19.293398385902652],[146.80800453614276,-19.29487481720875],[146.8082156575374,-19.295576130016453],[146.8083664295231,-19.295873969753696],[146.80852120512088,-19.29605254758123],[146.80857603301936,-19.29613134754059],[146.80859304794882,-19.296248941367708],[146.80855684572094,-19.29643312990098],[146.8085382483222,-19.296645018299916],[146.80868763630392,-19.29704580080279],[146.80885525295258,-19.297593612892197],[146.80890716979695,-19.298655574338277],[146.8086687601081,-19.299855982103125],[146.80828638755426,-19.300674871103528],[146.80758193196138,-19.301822921783025],[146.806272240624,-19.302680437249588],[146.8045442238228,-19.303546216755905],[146.8036299430959,-19.303869721450912],[146.80267471160707,-19.304255272861944],[146.80200217013603,-19.304323318818824],[146.80155216808888,-19.304363751261747],[146.8007885225395,-19.30408644002319],[146.7999831267169,-19.30379714152971],[146.79890944853915,-19.30347307573474],[146.79778904579348,-19.303096761236645],[146.79683758400958,-19.302580422622643],[146.7961308054786,-19.302044425128663],[146.79541611730923,-19.30155794068752],[146.79478758251835,-19.301424124228955],[146.79508474088422,-19.29877657900934],[146.79502349916729,-19.29858644582498],[146.7943747673246,-19.296975559300975],[146.7971262119542,-19.295553754045393],[146.79685225661584,-19.29508802591083],[146.79638951995153,-19.29424704591314],[146.7962518765856,-19.293988360872216],[146.7961569455541,-19.29327224357782],[146.79601507503904,-19.292131905571235],[146.79587619151934,-19.29092527263041],[146.79422800585894,-19.292681170407878],[146.79367398279646,-19.293087217172406],[146.79282643280538,-19.293447742723757],[146.79088645790637,-19.294231772148883],[146.78896549497932,-19.29502032139132],[146.78830221433026,-19.295254515693472],[146.78756525292252,-19.295185879783798],[146.78735231010168,-19.295167557253862],[146.78655944863584,-19.295085296170228],[146.78550158928448,-19.29499368323755],[146.78433343752468,-19.29508267184536],[146.783904820573,-19.295111852837923],[146.7815286534801,-19.295273631801543],[146.78131539222585,-19.29527337654408],[146.7814344499201,-19.293863702328885],[146.78145347268182,-19.29365134747256],[146.78157142579258,-19.292634796168613],[146.7816743357244,-19.29173571220258],[146.78189961984717,-19.28969017863397],[146.78199677393238,-19.28880801425137],[146.7826695103426,-19.284791739570903],[146.78284318649034,-19.28300708635334],[146.78296862950467,-19.281927280221794],[146.78305761271076,-19.280982990965978],[146.78291439825588,-19.27930639969183],[146.7827773474937,-19.278370869977376],[146.78268964508683,-19.277448963843305],[146.78259747659533,-19.276522533588835],[146.7825086317593,-19.27557350471069],[146.7822733925717,-19.273318420134853],[146.78222731218275,-19.272857459557798],[146.7821384581526,-19.271903920498122],[146.78213560595296,-19.271822580791234],[146.78202821185005,-19.27071990290307],[146.78205331381108,-19.27018220938311],[146.7822244972592,-19.269369059152403],[146.78252823353202,-19.268397912397955],[146.78300223405014,-19.266848575312743],[146.78314924989346,-19.266315553749628],[146.78317480388762,-19.266234039832668],[146.78352732028048,-19.265109521312795],[146.7835652505991,-19.264987561650713],[146.78370285061206,-19.264549393690476],[146.78384327847613,-19.2641022367531],[146.78388210517463,-19.26397124069135],[146.78401942089948,-19.263552647051615],[146.78431921614677,-19.262638752693782],[146.78472721785383,-19.26132957268626],[146.78509494411327,-19.26014961489821],[146.78585423904335,-19.257802747298022],[146.78610234913228,-19.25700838949526],[146.78626071066498,-19.25564304384092],[146.78636492798577,-19.254657719974762],[146.78636609364818,-19.254646704761893],[146.78763302523157,-19.254868619806214],[146.7880275876649,-19.254918674591963],[146.79083613316303,-19.257368562953346],[146.79171172363007,-19.256511715257435],[146.7927805787747,-19.25745146183189],[146.79282780619934,-19.25741347696682],[146.7928915684341,-19.257348163678945],[146.79349341000903,-19.25673180745689],[146.79468434569213,-19.257779397381082],[146.79408250469803,-19.25839573034486],[146.79401873302797,-19.258461025955558],[146.79395628465343,-19.258525816940217],[146.79531754303747,-19.25971992780732],[146.79450522272262,-19.260571947241285],[146.79515150025043,-19.261135900106837],[146.79531915054375,-19.261100959497504],[146.79549614943184,-19.260924738720473],[146.79587156813815,-19.261270928446123],[146.79570402084818,-19.261437788371122],[146.7956985223514,-19.261620716954123],[146.79667724766085,-19.262499328601976],[146.79684850793092,-19.26243936610299],[146.79696876571106,-19.26147913299829],[146.80096208801302,-19.26190561369639],[146.80082141297498,-19.263093840545302],[146.80079104148695,-19.263350324584323],[146.80073758580642,-19.263801819241944],[146.80086385014604,-19.263815304998513],[146.8010540174184,-19.26383561112649],[146.80124417522336,-19.263855917046715],[146.8014343425933,-19.263876222779928],[146.80162450049573,-19.263896528305406],[146.80181466797407,-19.26391682460649],[146.80196316867224,-19.26393307203034],[146.80202637771507,-19.26336054985926],[146.8047708278267,-19.263642357939162],[146.80494844367,-19.263525721186024],[146.8050015800896,-19.26307687280707],[146.8055720621347,-19.263137768628447],[146.8055189272342,-19.26358662622101],[146.80564768699764,-19.263735771533256],[146.80611343147874,-19.2637840827427],[146.80624149978826,-19.263663759160625],[146.80629493082102,-19.263212289855858],[146.80652312969426,-19.263236643177734],[146.8067132875383,-19.26325694341204],[146.80681350935436,-19.2632676411314],[146.8069034549472,-19.263277243459026],[146.80704964234738,-19.26318844275975],[146.8072267184368,-19.262986318554955],[146.80740973061486,-19.26325822947077],[146.80745982789415,-19.26326304492645],[146.80805067852322,-19.262904990215947],[146.80809386964378,-19.262915672550594],[146.80834975203808,-19.263299496665457],[146.80855175782554,-19.263352649273152],[146.80952607486907,-19.262752689402692],[146.80972318019843,-19.26254955334211],[146.80977200268063,-19.262504417188524],[146.80982494722946,-19.262490916169625],[146.8098870911998,-19.262504536865983],[146.80991264030902,-19.26252263820204],[146.80994919442446,-19.262545269666013],[146.81055329218646,-19.263472219773714],[146.81103496053913,-19.26288717666875],[146.81122108371656,-19.26286589605821],[146.81134188178837,-19.262724956105707],[146.81152458546288,-19.262514735989797],[146.81151083777794,-19.26232874137676],[146.81222266994027,-19.261481224177793],[146.81319484844207,-19.262218758100317],[146.814161972363,-19.26296532815096],[146.81470688660892,-19.263382857234934],[146.81498396176474,-19.263458690351253],[146.81523820744727,-19.26341583905097],[146.81552249780273,-19.26333711215467],[146.81579636802505,-19.263283588638025],[146.81606706439362,-19.263259948168756],[146.81631882107555,-19.263281122771886],[146.81658000416132,-19.263323228043767],[146.81684113471198,-19.263404193671924],[146.81702986188847,-19.263506008059952],[146.817190246227,-19.263619741353143],[146.8177380421575,-19.263470845848946],[146.8181700791766,-19.264817494699955],[146.8184602410987,-19.2652843563288],[146.81900120662186,-19.265631603020584],[146.81959263018948,-19.2658832552123],[146.82012129679623,-19.265967471314532],[146.82073810510963,-19.266033833105645],[146.82103786331976,-19.266067474704442],[146.8212151879537,-19.26606215343952],[146.8216457331517,-19.266260122216014],[146.82207627939036,-19.266458089982752],[146.82233460762723,-19.266576875580512],[146.8228519217027,-19.26681459091971],[146.82311065067668,-19.266933448111622],[146.82298648246189,-19.26717954259071],[146.82315982489624,-19.267259185130666],[146.823284980481,-19.26731700986893],[146.82196778695734,-19.269909245463033],[146.82514299465709,-19.269272218869823],[146.82516904020213,-19.269408084762393],[146.82526435275818,-19.269853303395625],[146.82545188731117,-19.269817098017498],[146.82559647409295,-19.2697891839526],[146.8256481386079,-19.26983525161116],[146.82581903864687,-19.269987631241566],[146.8259899294853,-19.27014001070311],[146.8261608301564,-19.270292390013882],[146.8262412367678,-19.270364087752444],[146.82633173114363,-19.27044476916483],[146.82650263244687,-19.270597148155964],[146.82662706023063,-19.2707080645721],[146.82694794710196,-19.270994203099526],[146.82723567722837,-19.27125472488721],[146.82731257355175,-19.271344177301767],[146.82765164231915,-19.27175531882669],[146.82793437387562,-19.272275659661542],[146.82817304750648,-19.272784002171164],[146.82825448359839,-19.273166667396833],[146.82824148178543,-19.273561191282177],[146.8282788865964,-19.2739139194188],[146.82825351819173,-19.274093233450095],[146.82827210689317,-19.274374214166954],[146.82833465625086,-19.274762835262642],[146.828447640733,-19.27507379120329],[146.82877465496148,-19.275390921406782],[146.83060499576186,-19.276875137406236]]]},"properties":{"Division":9,"DivisionName":"Division 9","Dogs2024":2362,"Dogs2026":2176,"Decrease":186,"DeclineRate":0.07874682472480948,"LabelLongitude":146.80656606079265,"LabelLatitude":-19.277019375686827}},{"type":"Feature","geometry":{"type":"MultiPolygon","coordinates":[[[[147.01432834323526,-19.182159290498255],[147.01438874643256,-19.182211893101538],[147.01443404024613,-19.18220710870355],[147.01443152564354,-19.182166458194207],[147.01441138460353,-19.182109062568745],[147.01429560684298,-19.181967996134933],[147.0142561587338,-19.181926508007074],[147.01422494667113,-19.18187336084777],[147.0142249504302,-19.18180635676698],[147.01433894665504,-19.181806356933432],[147.01446294622286,-19.181882858741794],[147.014548446643,-19.1818923594418],[147.0145978838413,-19.181847032416364],[147.01468596199956,-19.181857789060842],[147.01480927394002,-19.18190081576232],[147.01486967537147,-19.18193309285485],[147.01487071217286,-19.181933526571186],[147.01492093690726,-19.181973287527093],[147.01491247626535,-19.18202515446918],[147.01499425851594,-19.182043078220154],[147.01507479378753,-19.182050247403442],[147.01516539112296,-19.18204425710964],[147.0151994505252,-19.182026857090563],[147.0152724416182,-19.182017858711266],[147.0153454467713,-19.181955358258485],[147.01551145243653,-19.181955362377998],[147.0155806247547,-19.181998790778735],[147.01561587216636,-19.182072913417453],[147.01587444638884,-19.182189357588282],[147.01601745117867,-19.182266353760557],[147.01608524432666,-19.18230720640033],[147.0161714429293,-19.182255359685016],[147.01620194340552,-19.182222361056738],[147.01624595357225,-19.18222235716616],[147.01628994933716,-19.182269357340292],[147.01633144406782,-19.18232135546754],[147.0163708880571,-19.18241120284683],[147.01643254776462,-19.182466199602747],[147.0164964477872,-19.182571860398852],[147.01656544976854,-19.182618858255584],[147.0165954440675,-19.18266035577613],[147.01660094509305,-19.182693360252628],[147.01660095030357,-19.182745362064786],[147.01664244555246,-19.18280036057099],[147.0166809427513,-19.1828363625015],[147.01675794888456,-19.182929857526847],[147.01682394229613,-19.183039856015174],[147.0168734417765,-19.18314185780274],[147.01687344657483,-19.18328236390879],[147.01688994942577,-19.1833768585527],[147.0169469437857,-19.183567363920336],[147.0169644460481,-19.183667859365986],[147.01695644566286,-19.183843359424845],[147.0168852967458,-19.18382900538907],[147.01692759165292,-19.18398012665722],[147.01692794441854,-19.18408136475837],[147.01685111181936,-19.184203947511836],[147.0169279475249,-19.18420485322814],[147.01700394610776,-19.184204855239344],[147.01710895184044,-19.184262360161497],[147.0171470880527,-19.18439042708449],[147.01716594610483,-19.184538360237532],[147.01712295299086,-19.18462954363904],[147.0170039476461,-19.18477586286643],[147.016870303183,-19.184825644738794],[147.0167696391917,-19.184814176334967],[147.01668104937738,-19.184840013597203],[147.0166367589253,-19.184897396733593],[147.01660556622764,-19.18495575472464],[147.0166044496642,-19.185013856940888],[147.01670894213535,-19.18507135309555],[147.01676593767957,-19.185175857595127],[147.01676163171098,-19.185298153493402],[147.01670022571582,-19.18531824946357],[147.0166720559914,-19.18545406763395],[147.01669944121838,-19.18555636064924],[147.0166633866025,-19.18560189487066],[147.0165881293002,-19.185601910726838],[147.01654281798568,-19.185630608891593],[147.0165226981836,-19.18570234137077],[147.01652736559126,-19.185768757564233],[147.0166636413444,-19.18586492235152],[147.01678949128527,-19.18595099309948],[147.01687003510995,-19.186022734450994],[147.01709654431033,-19.18615661313394],[147.01728279328606,-19.186319198441048],[147.01745114429997,-19.18641960723953],[147.01745561516643,-19.18642247170267],[147.0174689038727,-19.18642878765253],[147.01747990876837,-19.186425912678587],[147.0175019303354,-19.186441599684382],[147.01753213468172,-19.186481768500958],[147.01757441989847,-19.186529590920532],[147.01762274353473,-19.186562103220645],[147.01766300902187,-19.18657931579171],[147.01772139418105,-19.18659269470366],[147.01776367681455,-19.186615654909435],[147.0178160339507,-19.186651998668882],[147.01781200524385,-19.186692161721588],[147.01782409003494,-19.186736164148055],[147.01783818784403,-19.186747640406274],[147.01789254852838,-19.186751467014506],[147.01792677405774,-19.186768671078653],[147.0179630266594,-19.186795454690586],[147.01800251241912,-19.186814077113365],[147.01806167855003,-19.186835607667195],[147.01810597843524,-19.186864306408854],[147.01812611986784,-19.18690829898185],[147.01813014569063,-19.186929337889573],[147.01813014925074,-19.1869618638601],[147.0181603416056,-19.186977161365732],[147.01820263075567,-19.186971418361374],[147.0182912156572,-19.186979064316436],[147.01837981220072,-19.187005833582347],[147.01842007851246,-19.187028784800148],[147.01844625838643,-19.18705747623963],[147.01847846922746,-19.18708999896894],[147.0184994918404,-19.1871021974785],[147.0185561709851,-19.18716799380815],[147.01859324463638,-19.187220064141954],[147.01867177560123,-19.18731187718747],[147.01882882430937,-19.187376895002284],[147.01904224818276,-19.187424699436598],[147.0192335242554,-19.18743615711314],[147.01936236929282,-19.1874093654439],[147.0194187431615,-19.18738257233086],[147.0194267864107,-19.187350054547753],[147.01940865975487,-19.1872945842794],[147.01940866500757,-19.187258235446006],[147.01941872723907,-19.18724675675387],[147.019454965056,-19.187225704572995],[147.01947912479721,-19.187221888183892],[147.01948113749148,-19.18718936200046],[147.01944287800106,-19.18716641080341],[147.01939858161288,-19.187170238355268],[147.01936233977585,-19.187156857642755],[147.01936032673086,-19.187105199493207],[147.0193864903279,-19.187074595748488],[147.01941266656442,-19.187070761080008],[147.0194509240079,-19.187076504879766],[147.01948514976607,-19.187093708652437],[147.0194992481717,-19.187109016683312],[147.0195596427061,-19.187139620274735],[147.019585824604,-19.18718361204185],[147.01960998818464,-19.187212303529854],[147.01962408774475,-19.187237173227885],[147.01964220947653,-19.187250564866748],[147.0196643536036,-19.18725438535819],[147.01966636739823,-19.187231429887344],[147.01967038592792,-19.187189341809777],[147.01972474201423,-19.18715298714131],[147.01975896348273,-19.18713386010493],[147.01981735325438,-19.187103243788258],[147.01986567199162,-19.187089844985106],[147.01989989572937,-19.187089850314077],[147.01991802375696,-19.187076445731464],[147.01995425265474,-19.187061150341503],[147.01999452455325,-19.187049668329767],[147.0200209482876,-19.186968852103927],[147.02002244675194,-19.18693235850636],[147.02003644628678,-19.186916351561663],[147.02004194100155,-19.186890359104986],[147.02004544833963,-19.18686936460399],[147.02007145274862,-19.186860857471558],[147.0201064475067,-19.18686586041647],[147.02015145112068,-19.18689035614824],[147.02033294557577,-19.187033354598448],[147.02044644274017,-19.18712236138185],[147.0204694361666,-19.187148359711532],[147.02047645186278,-19.187192362525995],[147.02048995262777,-19.187219862137344],[147.02049194605456,-19.18726385647414],[147.02044663539886,-19.18737314300145],[147.0204646093942,-19.187421925432226],[147.02046461421563,-19.187460949364205],[147.02045948020023,-19.18748046190294],[147.02043654718815,-19.187481919496456],[147.02041939534783,-19.187466638990667],[147.02026709113014,-19.187391509049956],[147.02031139612052,-19.187457514063656],[147.02046771432265,-19.187531676506595],[147.0205482648964,-19.187638789009753],[147.02059456625653,-19.187694256002843],[147.02056411224152,-19.187796075909763],[147.02069601148267,-19.187928053786013],[147.0207064947922,-19.187937388342],[147.02084010870132,-19.188238791950553],[147.02100625277427,-19.18853049449177],[147.02101569481772,-19.188579187463823],[147.02100627885656,-19.188736142813624],[147.02102138831754,-19.18884613650025],[147.02107676424004,-19.188898737436425],[147.02116233673615,-19.188994371450963],[147.02119086811504,-19.189107237496827],[147.02118466661884,-19.18910976871302],[147.02116453826173,-19.189102116273528],[147.02112427155473,-19.18908299756399],[147.02107997274584,-19.18907152503397],[147.0210658818126,-19.18911742811537],[147.02106964579687,-19.189170459733365],[147.0211343645339,-19.18931253986362],[147.02117637620825,-19.1893646090934],[147.0211401370434,-19.189377048872398],[147.02113410497304,-19.18944017650326],[147.02118673794453,-19.18946365889454],[147.02120888632285,-19.189498089209366],[147.0212229775412,-19.18952869759123],[147.02126526214494,-19.18955738675628],[147.02129949787087,-19.189572683271717],[147.02132699097314,-19.18959879845165],[147.0213889534004,-19.18975474232967],[147.02142419415884,-19.18996515831433],[147.02134370553188,-19.190204281847034],[147.02136385921338,-19.19033340728577],[147.02138401477836,-19.190476875230694],[147.02129341507506,-19.190572529617075],[147.0212783292394,-19.190649051867936],[147.02137901412675,-19.19079251045053],[147.02145454774177,-19.19099814086887],[147.0214895921537,-19.191085520336767],[147.02143413684087,-19.191087632561437],[147.02142623378103,-19.191099237632205],[147.02139632954885,-19.191113448069387],[147.02145928025368,-19.19125692003498],[147.021539829923,-19.191338202888577],[147.02158513568682,-19.191407551321678],[147.02165309174248,-19.191491221504847],[147.02170847324794,-19.19150556650598],[147.02173866475292,-19.1915055629308],[147.02177894666585,-19.191562955300586],[147.02180412427404,-19.191627507155076],[147.02181670215592,-19.191649023941334],[147.02179658076358,-19.191696852770015],[147.02177895665125,-19.191711206409202],[147.02176386464998,-19.191739893217253],[147.02171856750334,-19.19173751268628],[147.0217009541451,-19.191761427988936],[147.02171354529835,-19.191811638834622],[147.02177646242495,-19.19184032543085],[147.02179660405392,-19.191873797928903],[147.0218041604812,-19.19190249108485],[147.02171354958116,-19.19191684434053],[147.02168373056574,-19.191928994263947],[147.02166574321052,-19.191929999551398],[147.02167329993117,-19.19196108764932],[147.02170601474884,-19.191980216162925],[147.02167832829787,-19.192006518553654],[147.02162296877546,-19.192016095796824],[147.02161542252642,-19.19213804867235],[147.0217438189656,-19.192436930633733],[147.02190492864722,-19.192738194490726],[147.02198045745655,-19.192895998217903],[147.0219905439234,-19.19306577541295],[147.02197546453138,-19.193190124128527],[147.02197799479268,-19.19326185443095],[147.0219176087352,-19.19338740151135],[147.02188993188233,-19.193487829469237],[147.02190001768452,-19.193581086183258],[147.02194281297733,-19.193650425772674],[147.02210892746078,-19.193736487971],[147.0223178336041,-19.193791455832407],[147.0223480363298,-19.193801022862832],[147.02235307089867,-19.193820145589623],[147.0223127969386,-19.193827326264344],[147.02228260661946,-19.193839286540616],[147.02232538875683,-19.193879922955116],[147.02238076950454,-19.19388232018011],[147.02241599375546,-19.193884701777698],[147.0224685804341,-19.193905779820366],[147.02248142367986,-19.193918168652754],[147.02244231968263,-19.19392514135007],[147.02245879917996,-19.193956436179153],[147.0224915167538,-19.19399228391387],[147.0225846445289,-19.19401141388604],[147.0226407292363,-19.194013838058275],[147.02263497692022,-19.194032934995466],[147.02261987305857,-19.194044893464717],[147.02265763513984,-19.19410227689808],[147.02268533095662,-19.194142915090204],[147.02269540118044,-19.194188354369466],[147.022675269566,-19.19423139341029],[147.02266521211232,-19.19427922107648],[147.02274072855627,-19.194336590784705],[147.02283636878803,-19.194362887050033],[147.02290432561938,-19.1943700543478],[147.0229647293599,-19.194374818592543],[147.0229999619092,-19.194367647444725],[147.02303016111998,-19.194350906215163],[147.02303266770915,-19.194317431019563],[147.02302008614157,-19.194272001112235],[147.02301252906219,-19.194240913078],[147.02301504416812,-19.194200262110165],[147.02304271959665,-19.194162002919327],[147.0230754300083,-19.1941452613665],[147.02312829176796,-19.194159597213414],[147.02315849527366,-19.194173926869663],[147.02318617434995,-19.194161984842093],[147.02321888441125,-19.194142848327562],[147.02325663866287,-19.19414285258214],[147.02332460013625,-19.194183485567763],[147.02334725225904,-19.1942073958976],[147.02338876038297,-19.194249993360692],[147.02341493468617,-19.194225127872844],[147.02344793774918,-19.194259990312307],[147.02346830239165,-19.194318848911923],[147.02351763477276,-19.19433032021196],[147.02353575773068,-19.194344660391735],[147.02355114186034,-19.194363989618473],[147.02354862518436,-19.194392693024955],[147.0234451624727,-19.19441067281807],[147.02348745210065,-19.194463274664535],[147.02359141899117,-19.194445285745307],[147.02360148709494,-19.194473978495733],[147.0235486398067,-19.19449550356278],[147.02348068425354,-19.194497907210586],[147.0234026755453,-19.194509873785456],[147.0233347114818,-19.194519444113514],[147.02326928719714,-19.194529023131697],[147.02323404880468,-19.19456250247869],[147.02321896417502,-19.194643805689875],[147.02325422565127,-19.194842264600357],[147.02334736201206,-19.19498572299014],[147.0235739067319,-19.19517937654926],[147.02378282250103,-19.19535152287548],[147.0239816670027,-19.195471044951713],[147.02411506334167,-19.19550211643993],[147.0242104356403,-19.195511466719328],[147.0243121149561,-19.195522930886728],[147.02440574696834,-19.195535354043017],[147.02449534731022,-19.19555830636995],[147.02454868725798,-19.195521950439506],[147.0245788829011,-19.195480816762213],[147.0246008056495,-19.195459006351008],[147.02464862854794,-19.195487703010333],[147.02470149515312,-19.1955307324427],[147.02481223143127,-19.195549849869867],[147.02488270386002,-19.195518751345155],[147.02491289357752,-19.195502009808983],[147.02492043076222,-19.195461367176325],[147.0248675806318,-19.195401591328753],[147.02484744782282,-19.195370505078877],[147.02484491987363,-19.195322688041916],[147.024880151463,-19.19530833172615],[147.0249254605843,-19.195320282178795],[147.0249986741004,-19.195363109935265],[147.02507645673518,-19.195301129222948],[147.02519978543467,-19.195308288090455],[147.02525766844593,-19.195310666027172],[147.0253482823634,-19.195368041611978],[147.0254540041719,-19.195439766595474],[147.02547917975622,-19.19547801881039],[147.02550435535218,-19.195516271021678],[147.02550436087785,-19.1955521408327],[147.0254515028796,-19.19556649971471],[147.02538858152292,-19.1955856408088],[147.0253432832717,-19.195583252137624],[147.02527533096966,-19.195547391702483],[147.0252556397434,-19.195543237167904],[147.02525267160905,-19.195541421040375],[147.0251998183713,-19.195524681834005],[147.02514193891744,-19.19554621708658],[147.02514193811996,-19.195603605170433],[147.02516712280686,-19.19563947152802],[147.02521998627515,-19.195723151455663],[147.0252678192095,-19.195816402765736],[147.02532068680884,-19.195926390804658],[147.0253458873301,-19.1961272456069],[147.02541388573744,-19.19639983409318],[147.02547125033462,-19.19649253273496],[147.0254978048316,-19.19652719686672],[147.02554981761634,-19.196581532070958],[147.02560015883736,-19.196591095755796],[147.02564295164282,-19.19662934548336],[147.02567063650895,-19.196653254815498],[147.02570839355974,-19.19666760106492],[147.02572350598194,-19.196710635484653],[147.02572854437508,-19.19675128541845],[147.02572855292172,-19.196806278557816],[147.02575697773273,-19.19687804129386],[147.02584434034904,-19.1968803968271],[147.0259089988795,-19.196896212353277],[147.02595004707734,-19.196909066901316],[147.02597522225136,-19.196942547245882],[147.02603059794328,-19.196966443561433],[147.0261161752928,-19.19698795870167],[147.02616147356082,-19.19698795224579],[147.02621505869064,-19.196997551448483],[147.02622187001774,-19.196940117212666],[147.0262646528152,-19.19691381198892],[147.02631247376036,-19.19692576173656],[147.02634016942685,-19.196956846733883],[147.0264081282343,-19.19696878452578],[147.02644839441362,-19.19696877872353],[147.02652641778636,-19.1969831189928],[147.02656138216963,-19.19702141482364],[147.02656640796468,-19.197041495402914],[147.02656418457784,-19.197057239035978],[147.02657425757616,-19.197112221677667],[147.02661201288913,-19.19711462017612],[147.02667995494798,-19.19708113543507],[147.0267177117971,-19.1970930865405],[147.0267605065374,-19.19714090670844],[147.02677562004962,-19.19718872187196],[147.02678064920184,-19.197229362738295],[147.02675801302695,-19.197250893347643],[147.02669005369248,-19.197236560750685],[147.0266711704964,-19.197230589715627],[147.02666237146948,-19.197230581957513],[147.02666992717792,-19.197307101301586],[147.0267053989479,-19.197364764374367],[147.026757753015,-19.19740780231621],[147.0268637463422,-19.197440972490615],[147.02690402215015,-19.19744097562429],[147.0269228805584,-19.197528293099992],[147.02701249028414,-19.19760001049315],[147.0270658418541,-19.197517743380327],[147.02714538476553,-19.197573203746852],[147.02718162486823,-19.197616243950876],[147.02721865400744,-19.197656129945912],[147.0272765532921,-19.1976943860821],[147.02731683543033,-19.197790023856474],[147.02734956827842,-19.197849792944652],[147.0273244029532,-19.197878499767548],[147.02733207403685,-19.19790279140055],[147.02736216754,-19.19793588220551],[147.02742508638588,-19.197954996138535],[147.02744522276632,-19.19794543146075],[147.02746283555356,-19.197919120687732],[147.02752826607377,-19.19788325011362],[147.02760377508136,-19.197876062996166],[147.02766165782492,-19.197871264404675],[147.02772458579508,-19.19788800137355],[147.02776735839583,-19.197914294001556],[147.02777492885716,-19.197962119257703],[147.0277484929672,-19.198015010656622],[147.02779005116855,-19.198060155668703],[147.02785801093594,-19.198074487856246],[147.02792595959102,-19.198079267392423],[147.02796371190874,-19.19806251516935],[147.0280291567478,-19.198055338448604],[147.02811220882452,-19.19804576407133],[147.02819777911614,-19.198076830865745],[147.02829344291865,-19.198167679064852],[147.02831834474097,-19.198211949888595],[147.02837398733482,-19.198234616352497],[147.0283948626039,-19.198262629342704],[147.0284167771022,-19.198248961262507],[147.02846836241446,-19.198298017798958],[147.0284847427612,-19.1982967680818],[147.02850561002748,-19.19833339378897],[147.02854286733574,-19.198369736781245],[147.02856099001704,-19.198377388714274],[147.02860808995376,-19.198397182514874],[147.02861815999438,-19.198430655808586],[147.0285854480592,-19.19844022257521],[147.02846233415767,-19.198424263440348],[147.02843946673192,-19.19842829770866],[147.02843860104366,-19.198428017680687],[147.02843694734946,-19.198436666815528],[147.02844701776792,-19.198472526015948],[147.02844198974924,-19.198496449033012],[147.02839417639942,-19.198532317204],[147.02838411418801,-19.198544275361428],[147.0283687413598,-19.19859645117196],[147.02841684298556,-19.198632747323483],[147.0284420172762,-19.19865665662027],[147.02839923683604,-19.198697304843737],[147.02834387291622,-19.198747534741926],[147.02830865929812,-19.19886949207283],[147.02829861014027,-19.19895796161372],[147.02829106615957,-19.199010570006728],[147.0282910739244,-19.199056001467337],[147.0282885596326,-19.199094257549834],[147.02832632442298,-19.199149253883633],[147.0284018388963,-19.199170760467215],[147.0284974828157,-19.1991970447248],[147.02852013802075,-19.199230525102344],[147.02853021015537,-19.199275954996303],[147.02854028644768,-19.1992902959245],[147.02854280230324,-19.19931659462777],[147.02852016356434,-19.19937877607832],[147.02847737925651,-19.19939791509251],[147.02841949764328,-19.199412266567503],[147.02836697801314,-19.199408497028365],[147.02834183535055,-19.19956991047764],[147.02841111055025,-19.199928570592178],[147.0286125250375,-19.20028123631619],[147.02902788202206,-19.200699624827394],[147.02931107817952,-19.200938702676982],[147.02958166208956,-19.201022346364418],[147.02986482096074,-19.201100013824487],[147.03015428294069,-19.201207566781676],[147.03031159645508,-19.201219497441144],[147.0304311761112,-19.201351000191938],[147.0305947942486,-19.20145259047449],[147.03101009197815,-19.201512303691416],[147.03123034882577,-19.201661710199353],[147.0318470260062,-19.20184094402507],[147.03262730924484,-19.20204405992289],[147.03323769782776,-19.20220535076864],[147.03370334716118,-19.20230091852655],[147.03391101598103,-19.202420437143704],[147.0343452299268,-19.202623600350044],[147.0346032504634,-19.202832787710935],[147.03493050381536,-19.20307781323186],[147.0352703295701,-19.203257088037695],[147.03556612713936,-19.203508101273574],[147.03589339881333,-19.20382487364152],[147.0362647162628,-19.2041416276685],[147.0367304431052,-19.20455401477124],[147.03709544079342,-19.204757194295556],[147.03730940728892,-19.204852794568097],[147.03756740248497,-19.204876655066943],[147.03771845790024,-19.205044007283064],[147.03790095503743,-19.205133630518755],[147.03810233276366,-19.205211302096068],[147.03833516852765,-19.205282993099946],[147.0385617220197,-19.205378589271074],[147.0387253410114,-19.205486164092214],[147.0389456210247,-19.20564154405887],[147.03919736118021,-19.205838760577727],[147.03939875887534,-19.205994144028693],[147.03954982287593,-19.206185398849325],[147.0396253702947,-19.20636472232781],[147.0398393647963,-19.206561946101186],[147.0399652641896,-19.206777128246262],[147.04004082184275,-19.206956451538623],[147.04012895878074,-19.207147719592903],[147.04024857814787,-19.20739278985198],[147.0403492940428,-19.2075541771174],[147.04049406658325,-19.207721528372335],[147.04057593830487,-19.208002467456758],[147.0405571017399,-19.208193767965838],[147.0406452332945,-19.208319279042144],[147.04062637181858,-19.208408953097845],[147.04066414988873,-19.208492640821127],[147.040739700253,-19.208636094034894],[147.04073343936662,-19.208785539186454],[147.04074605173136,-19.20889314564976],[147.04065796897044,-19.208929025925332],[147.04050698168123,-19.209066555560515],[147.04048185379997,-19.2092459008455],[147.04046933517188,-19.209520886977575],[147.04053232115612,-19.20978988264717],[147.0406330571131,-19.209987130420885],[147.04075266456024,-19.210172417356493],[147.0408596974544,-19.21044140309506],[147.04091637843482,-19.210638660513084],[147.0409919462964,-19.210847870268722],[147.0410108842965,-19.211104918996362],[147.0410361038264,-19.211296200589498],[147.04115571565114,-19.21149345285152],[147.04127530985798,-19.211618956508783],[147.04137601737145,-19.211732516806737],[147.04130682851385,-19.211852089187538],[147.04131946239465,-19.212043382598832],[147.04132579997912,-19.21224065119658],[147.04139507276483,-19.21245584497565],[147.04138884428465,-19.212694959911406],[147.0414392608092,-19.212981888360773],[147.04145819076444,-19.21320306724461],[147.0413638089623,-19.213280801817152],[147.0413827393903,-19.21346611096454],[147.04142053846522,-19.213627511722535],[147.0416345640789,-19.213902446459795],[147.04163459718552,-19.214033959776742],[147.04156537901014,-19.214039949258968],[147.0416975551465,-19.21417741536384],[147.04177940645857,-19.21435673635429],[147.04166615295958,-19.214410562219324],[147.04157809000893,-19.214536121766866],[147.0416977375168,-19.21490074759898],[147.04168526165643,-19.215301264131423],[147.0417482654195,-19.215624059277047],[147.04176093029932,-19.215934909292],[147.04183023545016,-19.216269659525732],[147.04188064627374,-19.216526700821383],[147.04189330995936,-19.21683156799029],[147.0420381449942,-19.21724401404114],[147.0422270368592,-19.21765046700478],[147.04249772529135,-19.21800908354703],[147.04268025321653,-19.21815251095966],[147.0429508844459,-19.218283960984497],[147.0432655691182,-19.21843333055003],[147.04356137756776,-19.218612600009287],[147.04381943312842,-19.218815791162427],[147.0440649424654,-19.21913255883635],[147.04409017633606,-19.219359709543454],[147.04419723334232,-19.219640649609033],[147.0442979813888,-19.219879738613486],[147.04439872640017,-19.22007101031387],[147.0444239642124,-19.220345987228683],[147.04447439157923,-19.22064487115739],[147.0443989623891,-19.220949768408122],[147.04426058446705,-19.22120087175904],[147.0441662584496,-19.221463920953255],[147.04405304232912,-19.221709044301893],[147.0438391071958,-19.221792791594513],[147.04358739545225,-19.221852625455348],[147.04339866814482,-19.222067879440903],[147.0433609812229,-19.222348845104985],[147.0433736339932,-19.222599920980606],[147.0433988784392,-19.22286891515954],[147.0435940152283,-19.22307212141933],[147.04371993053365,-19.22328131776324],[147.0438521507489,-19.223514425637457],[147.04397180503864,-19.22386111927749],[147.04417323717945,-19.22404638401774],[147.0443621051979,-19.22431534752717],[147.04450692722847,-19.224632138758842],[147.04470207374382,-19.224823387227037],[147.04491610657618,-19.22508636119612],[147.0450608942275,-19.225235769122108],[147.0451427628479,-19.22544497526255],[147.04510503898385,-19.225582480509843],[147.04515544470206,-19.225791694381066],[147.04514646847343,-19.226019287001755],[147.045123710364,-19.22622710000821],[147.0450608263122,-19.226382541755388],[147.0449413095608,-19.22659179739065],[147.0448658381947,-19.226783111837065],[147.04485333186213,-19.227046141168902],[147.04490373307243,-19.22727329443654],[147.04489119451608,-19.227452627842517],[147.04495418458706,-19.227649891118503],[147.04496052389382,-19.22783520268611],[147.04495428052718,-19.228002587017755],[147.0449228640995,-19.22817595128316],[147.04491031087932,-19.228301493716103],[147.04483479674542,-19.228373233497503],[147.04477818575373,-19.228439012940846],[147.0447782019527,-19.22849879573221],[147.04489147544265,-19.228486811444284],[147.04492924239884,-19.228504732503318],[147.04492297785097,-19.228594403713295],[147.04483487762303,-19.228636268738473],[147.04474047871116,-19.22864227462093],[147.0445894687908,-19.228749911439394],[147.04443844915693,-19.228857539097337],[147.0443503965769,-19.229007021941012],[147.0442056910085,-19.229174439704323],[147.04407986306794,-19.2293119568944],[147.04394772531793,-19.229407641114033],[147.04378411407026,-19.2294674540536],[147.0436267885567,-19.229479448155605],[147.04351352058998,-19.229515344775837],[147.04339396037557,-19.229575155932555],[147.04333105450817,-19.229694727366468],[147.04328073926266,-19.229790382687316],[147.04316747554756,-19.229880079081646],[147.04309828509867,-19.230017591267973],[147.04309835214153,-19.230274634635958],[147.04317403488156,-19.23087839128275],[147.04335677370625,-19.23176905275327],[147.043564700904,-19.23270156041758],[147.04362141016094,-19.232964573019895],[147.04377263521062,-19.2336519980551],[147.04405612757571,-19.234710017111816],[147.04449702910964,-19.236031032463327],[147.04494421697152,-19.237280305722127],[147.04521503354317,-19.23796769982749],[147.04554877034545,-19.238607251649768],[147.0459202510085,-19.239163106573614],[147.04629169731177,-19.239587447764464],[147.0467826917737,-19.23988023568364],[147.0472044197639,-19.240041527206113],[147.0475002325805,-19.240053407231166],[147.0477960272739,-19.240035399942656],[147.04802257478804,-19.23992774079674],[147.04815468814186,-19.23976032351605],[147.04821757338533,-19.2395690112966],[147.04820495028483,-19.239449458216388],[147.0482930084129,-19.2393119302286],[147.04843145465605,-19.239198329074593],[147.04872095309116,-19.239162382623046],[147.0489538182486,-19.239156337709588],[147.04919930717858,-19.239269854552287],[147.04945180017341,-19.23935417821355],[147.04950282441047,-19.239435817769],[147.04948397553696,-19.239531475217465],[147.04960357664342,-19.239591216531196],[147.04970431415492,-19.23972868494212],[147.04982390827215,-19.239764522062256],[147.05000013743808,-19.239776421519217],[147.0501386328231,-19.239889966283748],[147.05024567165643,-19.240033406417943],[147.05040307605665,-19.240248571884095],[147.0505353357884,-19.240535474370382],[147.05078716136032,-19.240792456780646],[147.05098236719405,-19.241121184826927],[147.05112721142638,-19.241390153056102],[147.0512405582058,-19.241587390735607],[147.0512909469123,-19.24170095020642],[147.05127839196186,-19.241808562591526],[147.05122806257296,-19.241886289679915],[147.05118403579345,-19.241975971532188],[147.05119036995256,-19.242089543339336],[147.0512030009831,-19.242227035501433],[147.0511778797532,-19.242406381591305],[147.05118420997096,-19.242537892722893],[147.05128494317276,-19.242651447135415],[147.05138567672472,-19.2427351056232],[147.05138569532895,-19.242794888315487],[147.05142348280884,-19.242896494731824],[147.05140462907366,-19.242974213014346],[147.05134800619518,-19.243039985354663],[147.05125360115215,-19.24305196835353],[147.05123473062588,-19.24307588671496],[147.05124103865603,-19.24313566764452],[147.05124106462642,-19.243219354372705],[147.05123478998308,-19.24326718228481],[147.05122224229504,-19.24339869868594],[147.05128523467468,-19.243589976626065],[147.0515623814658,-19.2442594196984],[147.0519528842342,-19.245167951846266],[147.05238741668103,-19.24595093136365],[147.05274635390975,-19.246524705784378],[147.0532500675321,-19.24712235045732],[147.0536907959636,-19.24758252561676],[147.05406218721427,-19.247719893808473],[147.05421952147225,-19.247683995737226],[147.0543327913546,-19.247594292665518],[147.05443977772129,-19.247552408486296],[147.05462230121734,-19.24755235409693],[147.0547859422879,-19.24754035768416],[147.0549684697479,-19.247552250443658],[147.055182486016,-19.24760001216374],[147.05535244079314,-19.247659743498364],[147.05550981637796,-19.247719460415773],[147.05562309621286,-19.247689548243947],[147.05579933828673,-19.247713407654192],[147.05598817937314,-19.247767149852287],[147.05610149978168,-19.247856784619394],[147.0562714483658,-19.247868688971188],[147.05640994872329,-19.24796428954845],[147.0565673564392,-19.248143579898024],[147.05667443495,-19.24837070279039],[147.05661784308643,-19.24852614617779],[147.05651717498537,-19.248651716354946],[147.05655500516207,-19.24883701733982],[147.05663688164339,-19.248992417877687],[147.0567251478945,-19.249410841984187],[147.05673784370006,-19.249721689747858],[147.05673789918373,-19.24988309836003],[147.05670644865256,-19.249960821031376],[147.05674423207614,-19.25000862639773],[147.05676943550807,-19.250110235521678],[147.0566750732898,-19.250229830063617],[147.0565429425347,-19.250373340250803],[147.0564926491428,-19.25052878162087],[147.05654305517194,-19.250702131195254],[147.0566752867709,-19.250851533331534],[147.05678858293456,-19.250863454731356],[147.05695223331136,-19.250869386649242],[147.05704665892918,-19.250905217780453],[147.05722923172615,-19.25103667353645],[147.05743069528356,-19.251174105961777],[147.05779582677036,-19.251365286390705],[147.05799101078642,-19.251556510991094],[147.05806031866976,-19.251789627727955],[147.05801001997796,-19.251927139219458],[147.0579282372604,-19.25204672135796],[147.05778353068476,-19.252202192920837],[147.05770805422017,-19.252369599070292],[147.05773327231137,-19.25248317359176],[147.05783401723147,-19.252572811198128],[147.0579823758622,-19.252681846073326],[147.05816527584162,-19.252923955102453],[147.05856334240266,-19.253132375939558],[147.05879672176525,-19.253366912862493],[147.05893405941197,-19.253653617395564],[147.05909883638523,-19.253901207981464],[147.05937336858182,-19.254096625875032],[147.05960673643582,-19.25426599281236],[147.05981269914557,-19.254539642303037],[147.0599225676009,-19.254774209047735],[147.05995011530197,-19.25503488474305],[147.0600599463335,-19.255165186556464],[147.06015612704718,-19.25546493559068],[147.06027970413604,-19.255634337708432],[147.060458216529,-19.255934059418376],[147.0605955688403,-19.256272899543045],[147.0605765847373,-19.256324816830528],[147.06048589431992,-19.25657270740128],[147.0602114803483,-19.25671616772278],[147.05963510320518,-19.256794566453657],[147.05931942367195,-19.256716459175756],[147.05885273809028,-19.256508062177243],[147.05849588432878,-19.25642996671575],[147.05827800910768,-19.25643003625724],[147.0581802336052,-19.256430067380904],[147.0578508842306,-19.256469276796107],[147.05745304240634,-19.25689951156756],[147.0571789495147,-19.258033550858627],[147.05701469029376,-19.25923272429602],[147.05717993436608,-19.260874935886825],[147.0579499417658,-19.264967345282777],[147.05880225062836,-19.26887723952133],[147.05924214822284,-19.270819148081898],[147.0596957511571,-19.272682840889416],[147.06006651586745,-19.273204078809485],[147.06057449672335,-19.27359493294834],[147.06098631079507,-19.27375119748628],[147.06123344603023,-19.2739596622052],[147.06120612519868,-19.274298556255893],[147.0613297805794,-19.274637390657347],[147.0614259657431,-19.274963202247402],[147.06138491665502,-19.275262996020647],[147.06133015401713,-19.275640995096417],[147.0613439502604,-19.275836505817452],[147.06145382059455,-19.276031975217652],[147.06150887493104,-19.27643601028651],[147.0614852881103,-19.2765537847165],[147.0614540733108,-19.276709726689923],[147.06112476657128,-19.276996585102733],[147.06063066528807,-19.27706191844862],[147.06023258112876,-19.276918680605824],[147.05995797661345,-19.276658086802176],[147.05971086726538,-19.27652783016828],[147.05953245142317,-19.276580025191677],[147.05923055609793,-19.276749565686572],[147.05899724539177,-19.276827841860605],[147.05861292824028,-19.276827965515896],[147.05817369838599,-19.27677595999179],[147.0579540377355,-19.27661963738768],[147.0578578805967,-19.27641112056286],[147.0576519624922,-19.276306921023448],[147.05750093418354,-19.27618966300545],[147.0573910688628,-19.275968118288365],[147.0571576227795,-19.275655379517225],[147.05688301570956,-19.275394790079666],[147.0564986438025,-19.275225466859066],[147.05616922539852,-19.275173431558045],[147.05579860022445,-19.275069280452094],[147.05556527267265,-19.275095406393387],[147.05515353528048,-19.27513463598295],[147.05482411662857,-19.275108662153585],[147.05431617046028,-19.274796001839128],[147.05372584668484,-19.274392122605587],[147.05321785540977,-19.27389699383393],[147.05272356844867,-19.273362745735238],[147.05209209630374,-19.272997977901294],[147.05176264146314,-19.27284166094911],[147.05126273801582,-19.27276662860413],[147.0512517741138,-19.272764896494746],[147.05119637566207,-19.272761324164858],[147.0511044571467,-19.272744612592508],[147.05100751377648,-19.272727902376058],[147.0509521134959,-19.27271835624109],[147.0508740500202,-19.27269685989758],[147.05078591741741,-19.272674164342142],[147.05072548240943,-19.272663417560818],[147.05062978986447,-19.27265985623605],[147.05055929159835,-19.2726670514563],[147.05048627320286,-19.272680221076985],[147.05041577638377,-19.272692197034246],[147.05036416381813,-19.272713738385207],[147.05030374268645,-19.272748422547753],[147.05024709715426,-19.27277474604326],[147.0501954874494,-19.27280583989371],[147.0501312880767,-19.272840534073893],[147.0500494617205,-19.272869250289666],[147.04999155000507,-19.272894372076255],[147.04989084078585,-19.27291831259146],[147.04982663624313,-19.27293626033547],[147.04976873398687,-19.27296138204882],[147.0497145989321,-19.27298172192664],[147.049650396866,-19.273008038254478],[147.04957989948645,-19.273018820950696],[147.04951695001614,-19.273033189429054],[147.04944267730573,-19.27305353468023],[147.04938351064388,-19.27308343740601],[147.04931301750494,-19.27310856237594],[147.04923118480212,-19.273116953080287],[147.0491632001468,-19.273128927877842],[147.0490637429707,-19.273139718161573],[147.04899702154194,-19.273143314874478],[147.0489416318863,-19.273169637628335],[147.04890639005603,-19.27319834085353],[147.04888877551952,-19.273234215065745],[147.04886108724966,-19.273285627285503],[147.04882710656122,-19.273331067450478],[147.0487830566807,-19.273375317357694],[147.04873774701775,-19.273407611090168],[147.04867857621736,-19.273424364149605],[147.048621929486,-19.273448292225893],[147.04856276676114,-19.27349254609896],[147.04853130439352,-19.273526029039353],[147.0485225037546,-19.27356668166728],[147.048499850086,-19.27361929447042],[147.04847973105083,-19.273682661121658],[147.048447011674,-19.273746040147767],[147.04840043785407,-19.27378430786168],[147.0483677181184,-19.273814203252385],[147.04834254735354,-19.273851272347912],[147.0483173762277,-19.273887148501238],[147.04826576300994,-19.27390868022093],[147.04820786506846,-19.27395053872862],[147.04815121808775,-19.273974466658203],[147.04809456052686,-19.273994806719486],[147.04804924498416,-19.274007977112493],[147.04798125917745,-19.27401755655566],[147.04792713411436,-19.274041483753717],[147.04784278376064,-19.274066611788108],[147.04777102283413,-19.274086955701584],[147.04770556275864,-19.27410968381989],[147.047637578274,-19.274124052964453],[147.0475784148939,-19.274134822896986],[147.04750917036844,-19.27413604288401],[147.04744747686215,-19.274151603261338],[147.0473883127737,-19.27415998725515],[147.04730143343846,-19.274161202697158],[147.04723848770738,-19.27415763112198],[147.047162945725,-19.274168414189575],[147.04708237744666,-19.274174408691113],[147.0470030582639,-19.27418878051902],[147.04695522026148,-19.2742007493133],[147.04688976308958,-19.27423424069909],[147.04683186094746,-19.27426294933371],[147.04678528389186,-19.274291655051528],[147.04673618823222,-19.274332317900363],[147.04667073536476,-19.27438135355861],[147.04663927548583,-19.274425590693248],[147.04658515578154,-19.274503317217864],[147.04655747643656,-19.27455593105709],[147.04652224300563,-19.27461691545998],[147.04650337385422,-19.27469463298347],[147.04649584008902,-19.27474125891787],[147.04648326808376,-19.274808220313986],[147.04648453915433,-19.27486082677583],[147.04647699484767,-19.27490386485812],[147.04646946410014,-19.274961254349204],[147.04645562193352,-19.275012671713537],[147.0464279394301,-19.275054521971807],[147.04640655030397,-19.275105932211385],[147.04640152829495,-19.275150171625015],[147.04638392343514,-19.275223108019258],[147.0463700798725,-19.27526973554704],[147.04633987531363,-19.27531159546815],[147.04632730397813,-19.275347459110616],[147.0463260483046,-19.275383328921816],[147.0463147375701,-19.27543474563161],[147.04627948729572,-19.275470624053114],[147.04625054708964,-19.275507693809587],[147.0462216023819,-19.275562693789905],[147.04621154616564,-19.27560812740777],[147.04620022854337,-19.275669105693904],[147.046202761266,-19.275707360422395],[147.04620403258906,-19.275761159819595],[147.04620908215838,-19.275814967298707],[147.04620658274564,-19.275861591942864],[147.0461902309506,-19.275923764437813],[147.04618521220954,-19.275979960337747],[147.04619026780765,-19.276055276856372],[147.04617895282877,-19.2761258257574],[147.04617267615706,-19.27617603920658],[147.0461487668086,-19.276234625752167],[147.0461110168809,-19.276317128779542],[147.0460845893169,-19.276355399848548],[147.04605690348646,-19.27638648648798],[147.0460430665801,-19.276423552401674],[147.04601159662943,-19.276467798459368],[147.0459839107689,-19.276498894124842],[147.0459398586113,-19.27654074842094],[147.0459121668711,-19.276584993511303],[147.04587189026992,-19.2766172762229],[147.04584924186258,-19.276659134160784],[147.0458240677707,-19.276687834257228],[147.04582155938513,-19.276736853808277],[147.04581653484135,-19.276772715518202],[147.0458165411575,-19.27679543556995],[147.04582789124532,-19.276850425375056],[147.04584175151598,-19.276897054943674],[147.0458518318613,-19.276937702692813],[147.04585310108376,-19.276984326381108],[147.04584934530462,-19.277030960367252],[147.04583047024153,-19.277089545603143],[147.04581411286517,-19.277132585857895],[147.04579650255303,-19.277187591957688],[147.04579273191763,-19.27721508470805],[147.0457877043678,-19.277240200933957],[147.04576883280006,-19.277277268084944],[147.0457298132508,-19.277313138300634],[147.04569960351455,-19.277338260823143],[147.0456404343041,-19.277366969389796],[147.04558630912322,-19.27739567667914],[147.04554602175412,-19.277424380504367],[147.04551203566575,-19.27745666156641],[147.0454805715931,-19.27748895103185],[147.0454314815413,-19.27752005193595],[147.04539623882692,-19.277551140350305],[147.0453609855971,-19.277578649945617],[147.04533833166482,-19.277601375618406],[147.04526909288603,-19.277628884586367],[147.0452036330286,-19.27765879654476],[147.04514698531673,-19.27768630235163],[147.04509915270788,-19.2777221836458],[147.04506390069912,-19.277754473973516],[147.04503369437114,-19.277792736779702],[147.044965727437,-19.27784297440737],[147.0448990036171,-19.27788005323396],[147.04482473302647,-19.27791832682548],[147.04476052955542,-19.277949431254623],[147.04469758037231,-19.27797335965022],[147.04462205019652,-19.277999676972804],[147.04454650918717,-19.27802121347648],[147.0444646767023,-19.27804036560334],[147.04435514746427,-19.27805234871362],[147.04424813072842,-19.27806433114997],[147.0441398532346,-19.278059576543487],[147.04406682873497,-19.27806078710437],[147.04394722747568,-19.278062008842372],[147.04387797207082,-19.27806442039703],[147.0437722182092,-19.278065638695317],[147.04367023439025,-19.278071636821892],[147.04359721367814,-19.278087198602528],[147.04351286663567,-19.278099175199003],[147.04342984326914,-19.27836700957425],[147.04348272802696,-19.27839569077717],[147.04352177231652,-19.27845067412558],[147.04353563080528,-19.278492514034774],[147.04356711220456,-19.278523595224062],[147.04362126503173,-19.278560644725903],[147.04367793642922,-19.27862040462149],[147.04371950193251,-19.278671808509074],[147.04375601702122,-19.27869930060897],[147.0437912733147,-19.278717222385797],[147.04383031237984,-19.278751889569456],[147.0438832055724,-19.2787757808256],[147.04392349997926,-19.278806859835843],[147.04395876046047,-19.278840325924257],[147.04398395020473,-19.27886782070184],[147.04401669626353,-19.278894111680493],[147.04404439887588,-19.278922798782396],[147.04406328316745,-19.27893116287163],[147.04408343548266,-19.27894789529457],[147.0440922557365,-19.27897539400486],[147.04409226501494,-19.27901007054409],[147.04408471765697,-19.279044739868866],[147.04406332281116,-19.279079421569996],[147.0440381591525,-19.279114095139338],[147.04402053276905,-19.279147573951573],[147.04402306248664,-19.279176267117855],[147.04403062615611,-19.27920257319507],[147.04404070332058,-19.279232457480354],[147.04404575580492,-19.279299405392628],[147.04403570259797,-19.2793591902792],[147.04403193769093,-19.279409403033227],[147.04401558121364,-19.27945842588209],[147.04400427362975,-19.27952537773363],[147.04400050934893,-19.279577985399428],[147.04399296705378,-19.2796317869124],[147.04399298046167,-19.279682007791934],[147.04400936219326,-19.279727434903155],[147.0440131529793,-19.27977405798362],[147.04402323624572,-19.279826662312743],[147.04403205909188,-19.279863722601284],[147.04403459265797,-19.279906767169596],[147.044032080177,-19.279942628213533],[147.04400817457295,-19.279984486212616],[147.04399054745127,-19.2800155701058],[147.04395908291067,-19.28004905223972],[147.0439313967005,-19.28008254249723],[147.04392259171092,-19.280112431324508],[147.04391630468515,-19.280162644678292],[147.0439150579697,-19.280198514452895],[147.04390500115508,-19.280245140860533],[147.04389871188945,-19.28028698557321],[147.04387732130064,-19.280338404527768],[147.04386222856965,-19.2803802513524],[147.04385342800865,-19.280426886492183],[147.0438496652494,-19.28048546787637],[147.04385345791795,-19.280539266658074],[147.04385724107175,-19.28059306544166],[147.04386481082634,-19.280642082527],[147.04385223444223,-19.280698280149583],[147.04384721253504,-19.28074610731851],[147.04383715980367,-19.28080827806059],[147.0438195455786,-19.280852520397655],[147.04381200412095,-19.280909909746622],[147.04380068588497,-19.280973273726886],[147.04379818698897,-19.281024688139205],[147.0437906410654,-19.281065331170655],[147.04377177051816,-19.28110957380303],[147.04376044844395,-19.281158595414347],[147.04375793906257,-19.281206421976762],[147.0437604767045,-19.281265001845348],[147.04376174346788,-19.28130445886349],[147.04378568140135,-19.28134748926374],[147.04379072908338,-19.2813965069524],[147.0437844505356,-19.28144314147939],[147.04377060762468,-19.281496944482107],[147.04374418312963,-19.281551943433676],[147.04373916592544,-19.281617700810155],[147.04371652295274,-19.281684664378947],[147.04370269014967,-19.28174085324824],[147.0437001845495,-19.281803031208423],[147.0437127937402,-19.28186997730379],[147.04371531615018,-19.281907039106418],[147.0436939398836,-19.281977581180453],[147.04368009626606,-19.282028998298063],[147.04368514805955,-19.282093560324718],[147.0436788726231,-19.282152142295597],[147.04368266559172,-19.282207134008697],[147.04367764739249,-19.28226930352866],[147.0436801758244,-19.28232908536886],[147.0436764110617,-19.28238050007458],[147.04368020339996,-19.282433096873792],[147.04367770698005,-19.28249407285174],[147.0436751969203,-19.282539504493574],[147.0436663990427,-19.282596894126495],[147.043657603379,-19.2826626614337],[147.0436576157338,-19.282709285409396],[147.0436538525385,-19.282766673837624],[147.04365386489232,-19.282813297812798],[147.04366143437372,-19.28286112195705],[147.043657673394,-19.28292687902182],[147.0436551661745,-19.28298307421104],[147.04363882381531,-19.28305122015529],[147.04363883648344,-19.28309904610389],[147.04364513762306,-19.283137299937536],[147.04363633748693,-19.283186320928174],[147.04364768792692,-19.28324370574319],[147.0436514783776,-19.283289135875812],[147.04364771136756,-19.283332181938597],[147.0436401640384,-19.28336805320405],[147.0436338872722,-19.28342185437815],[147.0436326350692,-19.283473259439447],[147.0436389454233,-19.283510320332],[147.04363769385807,-19.28356412934251],[147.04363141486735,-19.283609561878595],[147.04362009447874,-19.283665750130165],[147.04361507178393,-19.283711191402677],[147.0436188631842,-19.283760200345867],[147.04363524522307,-19.283805636507175],[147.04363273323187,-19.283843892442825],[147.04362015937411,-19.28391084454168],[147.04360758076,-19.283959866428905],[147.04358618485963,-19.283993346082212],[147.0435698332063,-19.28402683356749],[147.04357235561818,-19.284063895363346],[147.04356733131368,-19.284103344833614],[147.04359378379888,-19.284152357407567],[147.04359631731887,-19.284195401961846],[147.04360010746217,-19.28423963915345],[147.0436051561268,-19.284292235643683],[147.04361020543107,-19.284347236082922],[147.04360518049563,-19.284384299678354],[147.04356742142647,-19.284444082079688],[147.04355736014924,-19.284475173149985],[147.0435561117096,-19.284540929602176],[147.04356117146915,-19.28459950885092],[147.0435586626129,-19.284649730304807],[147.04355490028888,-19.28471070656823],[147.04353854093492,-19.284751360711574],[147.0435209281037,-19.284802769662782],[147.0435020583205,-19.28485179303665],[147.04349829249895,-19.284899619875574],[147.04350460062102,-19.284964172550406],[147.04350461167394,-19.285006024765487],[147.04349077000185,-19.28502994103175],[147.0434630819125,-19.285059834315373],[147.04346687393144,-19.285111238166376],[147.04345051704058,-19.28516146291018],[147.04344801476182,-19.28523678122812],[147.04344929446884,-19.285289387650618],[147.0434367163286,-19.285340795393417],[147.04341658125776,-19.285392213968485],[147.04341659417744,-19.28544123284218],[147.04343171496623,-19.28546752809237],[147.04346697141534,-19.285480678167012],[147.04349593325043,-19.28551653169098],[147.0435110610078,-19.285569134813958],[147.0435047727068,-19.285615769312802],[147.04349471229165,-19.28565043918731],[147.04344940515622,-19.285709030416147],[147.04344941997866,-19.285765224985823],[147.043450690173,-19.285817831407538],[147.04345573758056,-19.285865656144274],[147.04342301165235,-19.285920656523285],[147.0433902936463,-19.285969683170876],[147.04336890405156,-19.28602826869579],[147.0433626160071,-19.286076096124603],[147.04336263205875,-19.286137071477885],[147.04335132124052,-19.286194461670018],[147.04335133351108,-19.286241085627893],[147.04334631255105,-19.2862936935404],[147.04333246814898,-19.286343908633846],[147.04332870861745,-19.286379778976514],[147.04335139266666,-19.28646585485432],[147.0433564450992,-19.28653280273283],[147.04336276267486,-19.28663323388614],[147.0433728629174,-19.28671333902242],[147.04337162799735,-19.28679463074855],[147.04336660254685,-19.286866370839796],[147.04337166451583,-19.286933318712663],[147.04336160077273,-19.286991910578905],[147.0433465104513,-19.287045713813974],[147.04333393246228,-19.287098323514506],[147.04331380626206,-19.287184409540068],[147.04329872376408,-19.287268099455773],[147.04328866845654,-19.28735896387522],[147.0432761011059,-19.287452223799725],[147.04325221148906,-19.287559828759626],[147.04323838368975,-19.28763754464767],[147.0432358888134,-19.28774156572719],[147.04323590827138,-19.287815690487378],[147.04323718626046,-19.287898183582524],[147.04323847157158,-19.287972308041827],[147.04323974171712,-19.288024914452407],[147.04323219690923,-19.28807154018964],[147.04320324742795,-19.288120565901117],[147.04316549468598,-19.288171988599405],[147.0431428341758,-19.288212644181502],[147.04313403299506,-19.288259270210506],[147.04313656646042,-19.28830231475196],[147.04313909165924,-19.288350131042677],[147.04314792898467,-19.288405130575743],[147.04314667910276,-19.28846610621265],[147.04313788166627,-19.288527074594278],[147.043107685753,-19.288614364936087],[147.04309259457443,-19.288665773230147],[147.04307498087837,-19.28871599821808],[147.04304603154915,-19.288766216838262],[147.0430233891903,-19.288840346929177],[147.0430095426034,-19.28888338628949],[147.04297179025139,-19.28893720385479],[147.0429466187725,-19.288985026658345],[147.0429101147582,-19.28904481763827],[147.0428660587809,-19.289087864080805],[147.04281444475342,-19.289127333473832],[147.04273765074961,-19.28918234403556],[147.04268478124737,-19.289225401533127],[147.04264072640302,-19.289273237742268],[147.0425865925282,-19.289322269227462],[147.042551353553,-19.289379664927985],[147.04253374239104,-19.28944063532781],[147.04248213680816,-19.289513579151855],[147.0424607495153,-19.289584121028078],[147.04242298915187,-19.289645105136035],[147.04239027011027,-19.289694131586533],[147.04235880832027,-19.289746745586953],[147.04231474740925,-19.28980892406925],[147.04227195079864,-19.289865128527083],[147.0422266454453,-19.289936877881154],[147.04217881997528,-19.29001698739961],[147.04213603152382,-19.290105473411955],[147.04210961122217,-19.29018438503525],[147.04208066958986,-19.290266885082335],[147.04205927500652,-19.29030993514068],[147.04203662710876,-19.290364932925964],[147.04201774825842,-19.29041993887855],[147.04197747940248,-19.29049885366538],[147.04193594554926,-19.290581356580397],[147.04189693205717,-19.290656683212767],[147.0418679933707,-19.29071407732868],[147.04184533279997,-19.290757127650238],[147.04180505406774,-19.290797787091478],[147.04173959168145,-19.29084083815352],[147.04170182379934,-19.29087432130367],[147.0416854627747,-19.29091258938268],[147.04167792388785,-19.29094725856275],[147.04168800407356,-19.290987906479494],[147.04170563932885,-19.291020184039873],[147.04174845825554,-19.291050060933443],[147.04178497667488,-19.291081141232272],[147.04181269047126,-19.291109828628972],[147.04183283878493,-19.291143298537808],[147.04183411225412,-19.291173184921355],[147.04181775062253,-19.291209058100655],[147.0417963522059,-19.29123775673705],[147.04177243002889,-19.29126048222806],[147.04170318582408,-19.291291577662683],[147.04163898939726,-19.291335830371565],[147.04158107443828,-19.291378888691316],[147.04151812056554,-19.29140639477644],[147.04145769252725,-19.291448260691563],[147.04140985391862,-19.29147935115462],[147.0413657947985,-19.291514037633412],[147.04132551636167,-19.291557082838953],[147.04127264273154,-19.291588183442336],[147.04123487548162,-19.291625254340325],[147.04119333229846,-19.291673080585117],[147.04115556590796,-19.29171373931305],[147.0411303985201,-19.29174364069323],[147.04106997025715,-19.29178549744155],[147.0410221249379,-19.291828544280477],[147.0409717748963,-19.291865617948957],[147.04091260558724,-19.29191823790259],[147.04085470004722,-19.291962488924256],[147.04080308433913,-19.292000755765347],[147.04076153679495,-19.292031853689018],[147.04071117829648,-19.292073708070014],[147.04064949019332,-19.292102415546],[147.04059283734873,-19.292132323855867],[147.04053744025842,-19.292159827921775],[147.04049589291728,-19.292192118720994],[147.0404455400043,-19.29221843774139],[147.04039266687323,-19.292253116897527],[147.04034608566295,-19.29229018955866],[147.04029572580987,-19.292327263041525],[147.04024285319755,-19.292364337064047],[147.0401824233143,-19.29240141273399],[147.04011947348008,-19.292448059540696],[147.04005778687667,-19.292483933471402],[147.03999610431399,-19.29253655367662],[147.03995833714026,-19.29257601921773],[147.03991931444588,-19.29261906383442],[147.03986643879537,-19.29268363854586],[147.03983246259813,-19.292735059708615],[147.03978463342062,-19.292808001924207],[147.0397418366097,-19.29287017949254],[147.0397412657932,-19.292871264104335],[147.03970030017453,-19.292949094034725],[147.0396713487862,-19.292998119163798],[147.03963484962182,-19.293047145926206],[147.0395832378894,-19.293104544586086],[147.03955302719248,-19.293141613493376],[147.03952155231187,-19.29318585836171],[147.03948882998313,-19.29322770858417],[147.03945358966786,-19.293287498575857],[147.03941583049087,-19.29336163145158],[147.03936547696068,-19.293427398405345],[147.0395812631677,-19.294629957967903],[147.03959259919193,-19.294629955510604],[147.03961778544885,-19.29463592376642],[147.03964170868275,-19.29465384876617],[147.03968956843354,-19.294705252109555],[147.03973743225387,-19.29477339269402],[147.03980670777716,-19.294864239571897],[147.03983820980505,-19.294931181720887],[147.03986845116503,-19.295019651212538],[147.03988861549533,-19.29511887739882],[147.03991886416355,-19.295237233541116],[147.03995163111412,-19.295338851872117],[147.03998565101142,-19.295426118540124],[147.04000833137457,-19.29549904534151],[147.04004486665963,-19.295557617720437],[147.04008769199967,-19.29561021499368],[147.0401179251691,-19.295664007959243],[147.040150670271,-19.295714212521922],[147.04016202036942,-19.295771597475586],[147.0401632916391,-19.29583257249036],[147.04015071313322,-19.295889962705182],[147.0401595543515,-19.296002349785677],[147.04016838537038,-19.296072884698315],[147.04020870363715,-19.296148193460574],[147.0402250808381,-19.29621156005479],[147.04023643801008,-19.29629763872209],[147.0402540834916,-19.29637056659496],[147.04028181546525,-19.296470983990027],[147.04030575221242,-19.29654271753269],[147.04031584528587,-19.29663596312328],[147.0403284565942,-19.296712479942396],[147.04035743598976,-19.296775843737045],[147.04038515036504,-19.296842786613833],[147.04040405719675,-19.29689658202887],[147.0404393273074,-19.296956356572327],[147.0404620033811,-19.297010151145876],[147.04049476278524,-19.297078285821993],[147.04054137240294,-19.297151207235036],[147.04059427242802,-19.297219346456778],[147.04063206441563,-19.29727672549113],[147.04366428411578,-19.296840649232195],[147.04369198017056,-19.296797597508203],[147.04372219250908,-19.29676770362055],[147.04379647248194,-19.29673181641015],[147.04386446726957,-19.296719843619464],[147.04398030744392,-19.296698297725186],[147.04405962757167,-19.29668154135325],[147.04415028256224,-19.296659992388733],[147.0442409336771,-19.296624110075854],[147.0443189937993,-19.296594195453167],[147.04442098777162,-19.29658341617361],[147.04454061102365,-19.296578606254283],[147.0446677851065,-19.296584548906658],[147.04477985676644,-19.296601258708872],[147.04490704072114,-19.296608403165337],[147.04501406778218,-19.296625114064195],[147.04511732795584,-19.296650194456248],[147.04520673820926,-19.296671690374342],[147.04532007461384,-19.296718295224906],[147.04543215599756,-19.29676967206008],[147.0455316412404,-19.296807911599203],[147.0456298674742,-19.296836580800335],[147.04571297750908,-19.29686046391551],[147.04581247072497,-19.29689272054556],[147.04591824966232,-19.296938124945935],[147.04601648172218,-19.29698711903125],[147.04612353272975,-19.29705405005868],[147.0462003496066,-19.297105435323633],[147.04628977672255,-19.297185520115463],[147.04637542889495,-19.29727875522609],[147.04644471216727,-19.29738035404664],[147.04651021307274,-19.29746881343611],[147.0465618562149,-19.2975261877094],[147.04662106432812,-19.29760986788207],[147.04667018691134,-19.297673216482742],[147.04675205265752,-19.297737758662112],[147.04680873248444,-19.29779991235375],[147.04687423782298,-19.29786923945028],[147.04692588564893,-19.297942157928635],[147.04699389064112,-19.297998325897638],[147.04705813533508,-19.29808559247131],[147.04711986145156,-19.29815252554258],[147.04717905164543,-19.298205116908903],[147.0472445532715,-19.298293566988065],[147.04731510103764,-19.298386805552077],[147.04736171542012,-19.29846450598606],[147.04740454660606,-19.298526663078526],[147.04744612361,-19.298629479704427],[147.04747132800242,-19.298695229203293],[147.04750031290803,-19.29876695142946],[147.0475355859947,-19.298826724584035],[147.04759226787513,-19.298893658802463],[147.04765777000037,-19.298982117763057],[147.0477006104397,-19.299075354362603],[147.047745967047,-19.299147081306046],[147.04779257337225,-19.29922836946849],[147.04783037805575,-19.299319221482104],[147.04785180601044,-19.299392147599328],[147.0478681994704,-19.299467460904154],[147.04792740790262,-19.299547552789345],[147.0479689677194,-19.299589384986827],[147.04800929076654,-19.29966589396149],[147.04805212704832,-19.299743595200425],[147.04808362384583,-19.299810535885143],[147.0481252037749,-19.299888237436452],[147.04815417720977,-19.299951590929606],[147.0481819065605,-19.300024515340567],[147.04821340942115,-19.300111790123257],[147.04827261825096,-19.3001918728526],[147.0483154554974,-19.300271968932467],[147.04835954288964,-19.300330537611462],[147.04839104730632,-19.30042258410085],[147.04842885189376,-19.300511050107076],[147.04847671679306,-19.30056483697574],[147.04850821639016,-19.300640155238483],[147.04854600803978,-19.30068437417035],[147.04861527925956,-19.30073576943793],[147.04863921882324,-19.300770430481613],[147.0486518350284,-19.30084934159035],[147.0486908976997,-19.30094257894316],[147.04874003553252,-19.30105136694113],[147.0487740616289,-19.301139833877848],[147.04881312727719,-19.301242641793696],[147.0488622663433,-19.301355008559877],[147.04892274232762,-19.301468574246222],[147.04897817458408,-19.301553447560366],[147.0490109515924,-19.30166581867114],[147.04906009305958,-19.301785361062834],[147.04908656215528,-19.301875022899246],[147.04912184255267,-19.301955120805218],[147.04914327642308,-19.302044783986364],[147.04918611922025,-19.302140415109736],[147.04922518608112,-19.302245617832252],[147.04926299296602,-19.302338855385745],[147.04930709593958,-19.302446451636527],[147.04935498499597,-19.302577950737685],[147.04939910622304,-19.302714231620936],[147.04943942944388,-19.302818231978186],[147.04946842420622,-19.30291746365575],[147.0494974148754,-19.30303461646413],[147.0495327149576,-19.30314699581502],[147.0495591848907,-19.303237850503237],[147.04960328469346,-19.30333348117389],[147.04963101223035,-19.303427923349886],[147.0496725988594,-19.303522361750076],[147.04970285106197,-19.303623978909673],[147.04972806507485,-19.303716035882466],[147.04974824919623,-19.303826024392848],[147.04978857182616,-19.303926436817843],[147.04983267194757,-19.304022067425173],[147.04989189711426,-19.30414878248981],[147.04994861009655,-19.304308972691846],[147.04998894059727,-19.304434499955004],[147.05002549741323,-19.304545676875925],[147.05004819221497,-19.30464729603706],[147.05009229741339,-19.304758470872095],[147.05012506635828,-19.30483976218057],[147.0501590914359,-19.304919860202567],[147.05019311435512,-19.30499277349818],[147.05021327483544,-19.305054945151745],[147.0502309275068,-19.305133845689348],[147.05026495452194,-19.305219917398624],[147.05029772254775,-19.30529762083078],[147.05033300939184,-19.305394455701805],[147.05037459985041,-19.305498455470083],[147.05040485101986,-19.305594089742616],[147.05044643242437,-19.3056992914665],[147.05048927987158,-19.305804492829385],[147.0505044227489,-19.30589295557862],[147.05052207785403,-19.3059790317614],[147.05053469793754,-19.3060663113075],[147.05055864312433,-19.3061464029964],[147.05057882038525,-19.306231285538118],[147.05059646821255,-19.306293448799202],[147.05064056649798,-19.306379517634664],[147.05068341314222,-19.306481131103144],[147.0507111520905,-19.306577967983277],[147.0507464464589,-19.306697513698044],[147.0507716596844,-19.30678358774718],[147.05080316632527,-19.306874440815253],[147.0508258556531,-19.306955734782793],[147.05087122208272,-19.307047776911674],[147.05090020487,-19.307133849888846],[147.0509203816882,-19.307216337477147],[147.0509481054575,-19.307294042181347],[147.05097583951394,-19.3073741417837],[147.0509985308483,-19.3074614094333],[147.0510224882124,-19.307548685762647],[147.05105652170812,-19.307652687461445],[147.05110945509253,-19.307803316745265],[147.05113592665126,-19.307894171154867],[147.05117121268813,-19.307985023088616],[147.05120271792208,-19.30806990236685],[147.05122920281752,-19.308172713210407],[147.0512556759917,-19.308268348372355],[147.05128971127806,-19.308377139829798],[147.05132752167702,-19.308503860379606],[147.0513728932976,-19.308610253724417],[147.0514232967301,-19.30870468918561],[147.05144094850954,-19.308777615865054],[147.0514598579181,-19.308854120989874],[147.0514913664612,-19.308948561756093],[147.05152539979767,-19.30905017748223],[147.05156321105932,-19.309148204293944],[147.05160227248763,-19.30922590567749],[147.0516249576593,-19.30929165523247],[147.05164009922308,-19.30937295121068],[147.05165900504156,-19.309437508895606],[147.05169302956696,-19.309510430909306],[147.05173334651417,-19.30958454406641],[147.05176234348357,-19.30968257332897],[147.051803939701,-19.309798529168965],[147.05183797491415,-19.30990492559928],[147.05186318534012,-19.310008929624722],[147.05189092859865,-19.310115327830506],[147.05191865331807,-19.310193032360424],[147.0519602520422,-19.31031616383527],[147.05198797342956,-19.31038311387398],[147.05200940429867,-19.31045483743632],[147.05204595210066,-19.310528951590086],[147.0520648529148,-19.31057677200204],[147.05207494747538,-19.310650893693968],[147.05209637538937,-19.310713055699143],[147.0521266224656,-19.310789566538073],[147.05213923505877,-19.310849345187314],[147.05214303381214,-19.310911512221463],[147.05216446216437,-19.310974867150442],[147.0522249416996,-19.311081255932997],[147.052253933532,-19.31116135494544],[147.05230307640494,-19.311268939879188],[147.0523421371672,-19.31134186031239],[147.05237994754023,-19.31143390418496],[147.05239885122197,-19.311490093167293],[147.05244295831983,-19.311566599966444],[147.05246061124194,-19.31164071945625],[147.05250471270656,-19.311729182689902],[147.0525362113284,-19.311788946832902],[147.05255637961284,-19.3118403546603],[147.05256522024976,-19.311921652352215],[147.05260049838452,-19.31198260832767],[147.05261563379807,-19.31204238620841],[147.05263580333167,-19.312127268466536],[147.0526622718399,-19.312203771256257],[147.052684963923,-19.312258766176868],[147.05268549744656,-19.312260184890867],[147.05271647037637,-19.312342443179443],[147.05276183743968,-19.312428511073268],[147.05280468360127,-19.312549256095153],[147.0528362085249,-19.312660433802847],[147.05288913324313,-19.31277400020693],[147.05293701972016,-19.312879190408804],[147.05296853604918,-19.31299276299625],[147.0530176937001,-19.313113506127834],[147.0530681130874,-19.31327967072423],[147.053131127836,-19.313420734846595],[147.05317651976688,-19.313582120099618],[147.05322944811263,-19.313705247933648],[147.05328490183217,-19.31383674362174],[147.0533353069827,-19.313957486291272],[147.05336933978333,-19.31405072396763],[147.05340715679554,-19.31415951384979],[147.05345126760722,-19.31427308264994],[147.05347523193686,-19.314374700897773],[147.05351934401827,-19.31449184847819],[147.05357102182913,-19.3146317137824],[147.05361134867817,-19.31472973936605],[147.05365042293644,-19.314839721752914],[147.0536832046362,-19.3149485130482],[147.05371976381164,-19.31508120707602],[147.05378402697133,-19.31519357691565],[147.05384830626673,-19.31535495639933],[147.0538924126116,-19.31545298079689],[147.05392140602865,-19.31553307046489],[147.05395291413657,-19.315617949191402],[147.05398946396676,-19.3156920629092],[147.0540310518937,-19.315773350800786],[147.05406507752238,-19.315871378136627],[147.05409029114944,-19.31594908302754],[147.05414698594106,-19.3160291734778],[147.05418100821117,-19.31608774362364],[147.0541961437913,-19.3161451264408],[147.05420497838276,-19.316204906031953],[147.0542452898247,-19.31625390371915],[147.0542931746397,-19.31634834808648],[147.0543272116432,-19.31645115613293],[147.05435242271756,-19.31652049237686],[147.05438770962482,-19.31660297498901],[147.05439906495815,-19.3166567710762],[147.05441419629162,-19.316729698151512],[147.0544117069184,-19.316801428510512],[147.054431873616,-19.31687316114835],[147.0544608600261,-19.31693053980538],[147.05450369475227,-19.316980738648176],[147.05454653188494,-19.31703811315251],[147.0546258932946,-19.317119389597842],[147.05466495528918,-19.31718872164535],[147.05468135366095,-19.317264034180145],[147.0547128692577,-19.317369237802346],[147.05473557070027,-19.317448136276493],[147.05477842317063,-19.317550941580272],[147.05480111355718,-19.317625059278896],[147.054830116177,-19.31773026363122],[147.0548729675831,-19.317829481073655],[147.05489944005356,-19.3179119662248],[147.0549447946899,-19.317981296312002],[147.05498135349086,-19.318079322688167],[147.05501034598612,-19.318182132106205],[147.05501918658544,-19.318258648850843],[147.05503307129632,-19.31833157623709],[147.0550620522564,-19.31839970925999],[147.0551200168611,-19.318486974671732],[147.0551581777433,-19.318564359170587],[147.055207325829,-19.31864683741247],[147.0552476502223,-19.318731704178155],[147.05527663363054,-19.318778328224035],[147.05531190902056,-19.318823748387352],[147.05534467732474,-19.318887099444602],[147.0553862584223,-19.31897197483324],[147.05542656848024,-19.319013805609135],[147.05546814868669,-19.31906760146622],[147.0555147764313,-19.31915605408719],[147.05554250116703,-19.319224196446516],[147.0555664578207,-19.319297120716907],[147.05559040618627,-19.319373623784042],[147.05563325767437,-19.319470455162794],[147.05567485223034,-19.319566084943933],[147.05570888064196,-19.31963900611853],[147.05573409441155,-19.319713122912017],[147.05576181406067,-19.319765720961637],[147.05577317290349,-19.31982788554509],[147.05578956352997,-19.31987809215058],[147.05583743851508,-19.31993785969271],[147.0558840433724,-19.31998567117305],[147.05593066102915,-19.320043044172536],[147.0559420167018,-19.320095647209147],[147.05593447770846,-19.320153036806907],[147.0559408003926,-19.32021400095132],[147.05598364213026,-19.320280945665953],[147.05601640146537,-19.320344296593976],[147.0560668042439,-19.32041840559846],[147.05610208999954,-19.320492528275548],[147.05611345065367,-19.32055947359928],[147.05615124717454,-19.32062641078619],[147.0561940944158,-19.32070889068057],[147.05621931388492,-19.32079855166724],[147.0562533387032,-19.32085951629378],[147.0562898771273,-19.32092167307031],[147.05630626884167,-19.32097427452468],[147.056335254585,-19.321025679155774],[147.0563440939069,-19.32109621307425],[147.05635293692595,-19.321177510494408],[147.05639956903087,-19.321275533436374],[147.0564499726781,-19.321350835258535],[147.05648903357545,-19.321411798278408],[147.05654320214364,-19.321472756606955],[147.05660241944625,-19.32154327488599],[147.05665156498716,-19.321641296979077],[147.05668812067594,-19.32172497163336],[147.05671333644693,-19.321802676106604],[147.05674484390474,-19.321877992753826],[147.0567763518035,-19.321954502327085],[147.05682172530734,-19.32204534987502],[147.05685448945363,-19.32212065707223],[147.05691497075634,-19.322211499885423],[147.05695277916396,-19.322283226692626],[147.0570006722679,-19.32239200353876],[147.0570410014168,-19.322485247505362],[147.05706495962804,-19.322559364482142],[147.05707506009762,-19.32264185439209],[147.05709524027444,-19.322719560379646],[147.05713052657237,-19.322792480867246],[147.05718595945848,-19.32284626293032],[147.057246434968,-19.322919175495162],[147.05729053871028,-19.322998066880505],[147.05732205242927,-19.32306261991363],[147.05734600258393,-19.323140324684644],[147.05739136588028,-19.323200092583875],[147.05742791444456,-19.323288547842065],[147.05747454235708,-19.323371026218222],[147.0575136175041,-19.323470253199538],[147.05753631036484,-19.32354556343668],[147.05754767391187,-19.323618491381104],[147.05757792088556,-19.323680649863327],[147.05761194387344,-19.323733245616157],[147.0576686489445,-19.32383007208882],[147.0577240999903,-19.32393406556913],[147.05777577133784,-19.324036867296574],[147.05781483631065,-19.324106198609517],[147.05784886367067,-19.32417075074603],[147.05787406453226,-19.32423051587399],[147.05789172406108,-19.324285511663962],[147.05792448914647,-19.324360818648078],[147.05796355257343,-19.32442536916167],[147.05799883118652,-19.324474376605128],[147.05802781892098,-19.324528166808225],[147.05804169049438,-19.32458554965074],[147.05806312207125,-19.324646517918328],[147.05810092773754,-19.324707480967493],[147.05813999046933,-19.32476963653952],[147.0581803187333,-19.32485689749318],[147.0582156129518,-19.324922642083045],[147.0582584439349,-19.324980015660255],[147.05831010364813,-19.325048149903477],[147.05834539711282,-19.325111508603147],[147.05840588204217,-19.325207131651425],[147.0584525031721,-19.325294390524782],[147.0584915742622,-19.325379265943173],[147.05853316985662,-19.325468921306754],[147.05858357790342,-19.325550205231952],[147.05862768683562,-19.325639859764706],[147.05867809540766,-19.32572233659363],[147.05871717226657,-19.325822747182443],[147.05875498046726,-19.325915991542523],[147.05879657847896,-19.326011620535397],[147.05885581337444,-19.326123990057674],[147.0588961427799,-19.326212443769798],[147.0589402503467,-19.32629731745594],[147.0589931803372,-19.32637501261193],[147.05902594205514,-19.326438371988374],[147.0590713133194,-19.326516069566647],[147.0591040841212,-19.32660452567667],[147.0591406533554,-19.32671928830584],[147.05919610415967,-19.32681730760585],[147.05923895842915,-19.326910550216233],[147.0592868457783,-19.326995422583348],[147.05934983701238,-19.327068324556706],[147.0593901747122,-19.32715200642025],[147.05945191936664,-19.32725240945046],[147.05950106962058,-19.327354018537143],[147.05954895333463,-19.327428127335896],[147.05958046532746,-19.327483118417035],[147.05962331261546,-19.327556035908923],[147.05965860020876,-19.327626560962997],[147.0597165640349,-19.32772218437106],[147.05974555855786,-19.327791518536017],[147.0597871493608,-19.327864436398254],[147.05984133085929,-19.32795169240882],[147.05987662560236,-19.328041349505025],[147.05991822175628,-19.328128609622766],[147.05994847482208,-19.328202724101576],[147.0599661229014,-19.328249351073186],[147.06001022370867,-19.328312697491537],[147.0600442484368,-19.328365292759326],[147.06009339404633,-19.32842625163259],[147.06014001305343,-19.328502755582974],[147.06015767303376,-19.32858165493932],[147.06018666614438,-19.328646208264427],[147.0602307688957,-19.3287143353884],[147.0602811682552,-19.328766925199975],[147.06032023409654,-19.328832668103587],[147.06036560312378,-19.328900803811784],[147.06039710527307,-19.328953399844846],[147.06041350174405,-19.329013167502666],[147.0604349343435,-19.329072942526917],[147.06047400075843,-19.32913987832615],[147.06050047567578,-19.32921638885703],[147.0605294725557,-19.329290503646302],[147.06054838505358,-19.329357446116738],[147.06057738066085,-19.32942798210376],[147.06062273029377,-19.329468617068922],[147.0606504670893,-19.329533161693515],[147.06069078903232,-19.32959651823113],[147.06072606691993,-19.329638349452853],[147.0607475014826,-19.329702905197404],[147.06078783367502,-19.329793753350902],[147.06081053091492,-19.32984873810417],[147.06085715730487,-19.329943181009792],[147.06088614782755,-19.329999356583315],[147.06091010134247,-19.330053147972148],[147.06094538426464,-19.33010813753961],[147.06098444536542,-19.33015952896807],[147.06102476581592,-19.33021810466534],[147.06104494258173,-19.33027907296054],[147.06106512558273,-19.330356778436286],[147.06108781702824,-19.33042132467693],[147.06113948007325,-19.330490651001263],[147.06119617442317,-19.330546826267504],[147.06122515848764,-19.330585071669095],[147.06126673445115,-19.33064005905744],[147.06130454001212,-19.33069384573519],[147.06134864735162,-19.33077154313022],[147.06139779595281,-19.330837282393613],[147.06145701098777,-19.330912579773653],[147.06147718531506,-19.330966372355597],[147.06151374286293,-19.331042879322375],[147.06155532351502,-19.331109814025066],[147.0615906136019,-19.33118273357254],[147.06161331444494,-19.33124609584433],[147.0616687493144,-19.33131900856701],[147.06170656234548,-19.331391918199444],[147.06175571622165,-19.33147081574949],[147.06179982488132,-19.33155089888923],[147.0618401572136,-19.331639360927102],[147.06186662867069,-19.331703914815822],[147.06191200814186,-19.33179595391629],[147.06192713025084,-19.331831818044805],[147.061963676927,-19.331878429345007],[147.06199644269628,-19.331946568903817],[147.0620178726443,-19.331996773162093],[147.06204812014823,-19.332051755177933],[147.06206954606296,-19.332091204978113],[147.0620859335205,-19.332124673762245],[147.06210736035916,-19.332166518456436],[147.06213381844157,-19.3321952030443],[147.06214643135917,-19.33224182246049],[147.0621653407895,-19.332298010287744],[147.06219684689765,-19.332332666836365],[147.06223968076466,-19.332363740720197],[147.06228629282646,-19.332416331245128],[147.06230395335453,-19.33246772968536],[147.0623178257378,-19.332521524317414],[147.06232917072396,-19.33256336339183],[147.06234933737474,-19.332595637927458],[147.06237454252678,-19.332633893465836],[147.0623733008277,-19.332673341943636],[147.06237205233538,-19.33271997512048],[147.06240104068954,-19.33276778184406],[147.06242624406357,-19.332801256614562],[147.0624741156853,-19.332835907508652],[147.0625005771234,-19.332872960629828],[147.0625358511715,-19.332901642134264],[147.0625610632418,-19.33295782775395],[147.0625774609034,-19.333017595187666],[147.06256866378263,-19.333066616816254],[147.062583792074,-19.333118025131718],[147.0626253677139,-19.333144309555795],[147.06267198553883,-19.333186145523456],[147.06269341676636,-19.333238735555607],[147.06271358272454,-19.33329372995631],[147.06275390266376,-19.333322409681145],[147.06279421720737,-19.333361843849918],[147.06280809851353,-19.333438358343244],[147.06281693352452,-19.333488566836902],[147.06283836758627,-19.33354834154527],[147.06285979022476,-19.333578220688796],[147.06291647478415,-19.333604508872067],[147.06297946594046,-19.333641549309863],[147.06302986402173,-19.33368456777054],[147.06307144871724,-19.333758677762194],[147.06313950701323,-19.333875823490967],[147.0631873979527,-19.333959492789933],[147.0632466396469,-19.334074246632742],[147.06329453346714,-19.334165100596127],[147.06334621199133,-19.334269093541998],[147.06341678730382,-19.334394606873765],[147.06345964549058,-19.33448664643494],[147.06348738702917,-19.33455837528134],[147.06353905239095,-19.334627700887825],[147.06357433671343,-19.33468148794604],[147.0636121559975,-19.33476635356742],[147.06363863004762,-19.334834495001736],[147.06367140220075,-19.334915783579557],[147.0637130067564,-19.335014999170646],[147.06375082248215,-19.335090312279913],[147.06378610836686,-19.335147687122202],[147.06383022458405,-19.33524212104571],[147.06385166249433,-19.335310255171045],[147.06387057890774,-19.33538198704277],[147.0638907606237,-19.335451323570283],[147.06389394484188,-19.335462619143826],[147.0639058999991,-19.33550511761794],[147.0639210224191,-19.3355397795967],[147.06396386350187,-19.33558639730373],[147.06398530104823,-19.33565333848027],[147.06399666318697,-19.335713116571455],[147.06399919428526,-19.335758546448186],[147.06399040256719,-19.335820717474203],[147.06397404787614,-19.335873329636076],[147.06395265266127,-19.335915180079347],[147.06392244056022,-19.335954647751137],[147.06391718818114,-19.335962141556937],[147.06389222983674,-19.335997694208338],[147.0638695834636,-19.336053896393405],[147.06384567618937,-19.336099335531912],[147.06382428370063,-19.336148361614942],[147.0638091805187,-19.33618782397657],[147.06378275120844,-19.336235649849677],[147.063755065183,-19.3362834851956],[147.06373367032202,-19.33632652854174],[147.06370093655585,-19.336369584885254],[147.06366694977433,-19.33642220317743],[147.06365437131217,-19.336466445401914],[147.06364178682063,-19.33649514338429],[147.06361534676512,-19.33651547761489],[147.06357254301952,-19.33656570406761],[147.06355617979162,-19.33659678922217],[147.06353604968012,-19.336636253312086],[147.06353228715219,-19.336680492454242],[147.06352726930314,-19.33672831986171],[147.06350083705013,-19.336768970036328],[147.06347439249754,-19.336802462629752],[147.06344292617928,-19.33684909727448],[147.0634227927785,-19.336880192765708],[147.06339887527653,-19.33692442987808],[147.06338755249195,-19.336966285784786],[147.06336365094867,-19.337027269096513],[147.063348548496,-19.337069117276826],[147.0633321865592,-19.33710379023732],[147.0633183512452,-19.337148032872328],[147.0633045122352,-19.337182704953708],[147.0632843664822,-19.337206624777068],[147.06325414753806,-19.337229355163718],[147.06321889084103,-19.337248499464646],[147.06316347823798,-19.33726525584638],[147.06308539997542,-19.337289186675417],[147.063023693353,-19.337303559332444],[147.0629393133716,-19.337329887175333],[147.06288138774946,-19.337347846306525],[147.06285527673546,-19.33735786869579],[147.06281590554445,-19.337372974642005],[147.06277686910923,-19.33739212015982],[147.06271515974305,-19.337424413778137],[147.06266605465137,-19.337454326219753],[147.06259427705822,-19.337498588709234],[147.06255020692464,-19.337524902525242],[147.06250991643668,-19.337551215034438],[147.0624683592517,-19.337576344075966],[147.06241294600412,-19.337591898262104],[147.06237643377986,-19.337614630657495],[147.06236006568528,-19.337633768327272],[147.06233236403628,-19.33764214638804],[147.06231473196124,-19.337642152416628],[147.06228450101332,-19.3376337941631],[147.062259305988,-19.337624232217056],[147.0622378888187,-19.33760989725696],[147.06220639980828,-19.33759795159212],[147.0621711275051,-19.33760155145385],[147.0621509847193,-19.337608724941276],[147.0621295797725,-19.337626671377592],[147.0621094274646,-19.337633853901007],[147.06208297935328,-19.337633862910895],[147.0620502241153,-19.33762191765036],[147.0620225156782,-19.337612356527107],[147.0619645767242,-19.33762074481803],[147.06190035600096,-19.337633925019237],[147.06183486445943,-19.337660245935478],[147.06178197722286,-19.33768417669618],[147.0617454644386,-19.33770570699788],[147.06171019839036,-19.337726043940005],[147.06167997958022,-19.337749966995286],[147.06165607010715,-19.337791818013194],[147.06163215424164,-19.33784203761572],[147.0616271335633,-19.337883891279137],[147.0616246389714,-19.337934103636545],[147.06163094508065,-19.33796876877711],[147.06162466409071,-19.338001052312972],[147.0615982216449,-19.33804171124849],[147.06156297085334,-19.338077592397383],[147.06153402849492,-19.338129006613336],[147.06149374160813,-19.338191197172392],[147.061469836945,-19.33824619750564],[147.0614459214064,-19.33829761904884],[147.0614346106777,-19.338347834373266],[147.06141951029608,-19.338396858043687],[147.06141449043915,-19.338441097558757],[147.0614145002731,-19.3384673962411],[147.06140065181398,-19.338478164389276],[147.061384275474,-19.338475775007574],[147.06136663884172,-19.338463824533466],[147.06134773061422,-19.338437532212684],[147.06131623392122,-19.338405261399902],[147.06128852494905,-19.3383945072362],[147.06126333432772,-19.338396910602153],[147.06123185370367,-19.338407675625668],[147.06121170794637,-19.33843279718527],[147.06117393001657,-19.33845791562373],[147.061126084166,-19.338496186773757],[147.06108076214568,-19.338536851962846],[147.0610518082578,-19.338583485346472],[147.06100521995305,-19.33862415094064],[147.0609825642418,-19.338658834829637],[147.0609598950053,-19.338682755237745],[147.06092590308216,-19.338699503773075],[147.06089190517645,-19.338725813819106],[147.0608579125777,-19.338766475166857],[147.0608390305257,-19.338810719292553],[147.06082771868947,-19.338858539679997],[147.06082773728963,-19.338908760220367],[147.06083782384786,-19.338945819020722],[147.0608630251932,-19.338972109291717],[147.06089829716635,-19.338992422507307],[147.06093483095697,-19.33900077888205],[147.0609902419588,-19.339003155246438],[147.06102425412038,-19.339015100274345],[147.0610683588664,-19.33905453352882],[147.0610860084383,-19.33910116033255],[147.06111247280043,-19.33914418731438],[147.06113516282113,-19.339201566867267],[147.06115659746763,-19.33926253466542],[147.0611805537675,-19.33931991378696],[147.06120575105297,-19.339360555319473],[147.06123599162572,-19.33939401949955],[147.06127127548822,-19.33942031536214],[147.06130905570564,-19.33942627634496],[147.06135314633923,-19.33942745443875],[147.06138463742948,-19.339444190041657],[147.06142747031473,-19.339468079396642],[147.06147281891106,-19.339497959654732],[147.06152573914005,-19.339535003962574],[147.06155975134055,-19.339572054641984],[147.06158244437077,-19.339611494999495],[147.0615799375327,-19.339654540734205],[147.06161774662587,-19.33971191511447],[147.06165680439693,-19.33974777113918],[147.0616845293346,-19.33980035912167],[147.06170973409468,-19.339835026892594],[147.06175131129885,-19.339861311492335],[147.06179036733585,-19.339892386731417],[147.0618155761804,-19.339937808929392],[147.06184707101303,-19.339964096926128],[147.06188738292187,-19.33999277682075],[147.0619390362512,-19.340027435576438],[147.06198690943106,-19.340060893635766],[147.0620322682641,-19.340091966678422],[147.06206628208255,-19.340107499336053],[147.06209148289742,-19.340131394536094],[147.0621217278642,-19.340175622044672],[147.06214944895322,-19.340217455511596],[147.0621847326729,-19.340267664014767],[147.06221625164164,-19.34033220702839],[147.06223137913946,-19.340380027504295],[147.06223265626176,-19.340433826394783],[147.0622402401835,-19.340498386611458],[147.06224656646742,-19.34056055235998],[147.06226043997935,-19.3406155489138],[147.0622793495133,-19.34066934177831],[147.06231085408666,-19.340720735437994],[147.06238015603822,-19.34079723094515],[147.06242678461248,-19.340861777783346],[147.06246458700278,-19.340900019918802],[147.0625112156395,-19.340964566734492],[147.06255910241592,-19.341032691895013],[147.06260446532482,-19.34109844108724],[147.0626359786932,-19.341147448825428],[147.062653632126,-19.341202435008896],[147.0626700333922,-19.341269378029725],[147.06268106583877,-19.34128875030565],[147.06270406440692,-19.341329148368438],[147.06275320263165,-19.341382930776206],[147.06281871251397,-19.341425953086382],[147.0628892557151,-19.341460596016358],[147.06295603513644,-19.34151198642078],[147.06301272979135,-19.341557397564557],[147.06305935377753,-19.341608785860693],[147.06308581676697,-19.341645838856913],[147.0631110276189,-19.34169484869095],[147.0631274203905,-19.341739080820037],[147.0631312117679,-19.341794071754165],[147.06312996973304,-19.341832336305114],[147.06311487630353,-19.341874184442148],[147.06309598807442,-19.34190169162449],[147.06308970171074,-19.341919623894018],[147.0630859306791,-19.341942345085656],[147.06309349616978,-19.341957877663276],[147.06310609817376,-19.34197341753397],[147.06313506645378,-19.34198895173475],[147.0631615290629,-19.34202481178883],[147.06317541022537,-19.342073825537923],[147.06317165023736,-19.34212523126065],[147.06317795822056,-19.342163493193286],[147.0631918266584,-19.34220413836325],[147.06318555409612,-19.34225793985315],[147.063185574339,-19.342310546231328],[147.06320070399732,-19.342338032588412],[147.0632221227903,-19.342354762322056],[147.06327125780797,-19.342398983073156],[147.063321660507,-19.342446791196167],[147.0633519066931,-19.342492211416573],[147.06337711238865,-19.34255198468806],[147.06340609954765,-19.342591422614547],[147.0634363420899,-19.342627281310776],[147.06348043424643,-19.342654766596958],[147.06352830896824,-19.342689417168035],[147.0635623322576,-19.342727660383805],[147.06360266716976,-19.34278862127428],[147.06363920956602,-19.342841214898854],[147.0636933899698,-19.342883038874923],[147.0637274138043,-19.342922484025472],[147.06376396462656,-19.342996595537727],[147.0637992577996,-19.343068321623402],[147.06383581170076,-19.34312569595763],[147.06386606233752,-19.34318187052647],[147.06390639121065,-19.343251199928734],[147.06395806368786,-19.34333128881712],[147.06399713634383,-19.343401811568214],[147.06402865270496,-19.34348070554566],[147.06404883456307,-19.3435476561327],[147.06407406138996,-19.343636113820814],[147.06410179476816,-19.343706649570766],[147.06413708637118,-19.34377358579324],[147.06420010134227,-19.343860837228558],[147.06423160853834,-19.34391582739688],[147.06426564253977,-19.343980369140006],[147.06429463485054,-19.344031772358278],[147.06434251623745,-19.344081966936507],[147.06436141514007,-19.344105873072262],[147.06438916058522,-19.344182382453774],[147.06442824864143,-19.344291160171714],[147.0644698532329,-19.344383208868162],[147.06451270041464,-19.34446329167251],[147.0645505158749,-19.344531428881556],[147.06461100359704,-19.34460672465736],[147.06466519142717,-19.344665294527214],[147.0647470871976,-19.344728626254287],[147.06483149798476,-19.344795544874053],[147.0649272506903,-19.344868442133738],[147.06501166262305,-19.344913842756668],[147.06508473227112,-19.344952080779372],[147.06514520900782,-19.344998682816367],[147.0651943505568,-19.345056052363063],[147.06523468760014,-19.345119407768593],[147.0652712457703,-19.345209054145656],[147.06530907741356,-19.34531664821859],[147.0653481558832,-19.345399127062866],[147.0654023589989,-19.345494749801823],[147.06545655790316,-19.345603530894078],[147.0655158054072,-19.345718283836156],[147.06557252753086,-19.34582705494628],[147.06562925785863,-19.345956160051614],[147.06566203653716,-19.346021903935497],[147.0656922950356,-19.346094824370198],[147.0657263434702,-19.346192849164858],[147.06576415797352,-19.346280109120062],[147.0658007228634,-19.346361395835604],[147.06583979991277,-19.34643909381109],[147.06587762117502,-19.346519178089327],[147.0659242571576,-19.346618400256748],[147.065957043291,-19.346702074162476],[147.06599108528258,-19.346783361748805],[147.06603522274526,-19.346919637883538],[147.0660742990789,-19.34699494994587],[147.06611212588,-19.347088183497366],[147.06616632433725,-19.34719337653323],[147.06619281002165,-19.34725912259669],[147.0662281032442,-19.347326058383377],[147.06627599004864,-19.34738582297199],[147.06632891259625,-19.347443190819433],[147.06638561168506,-19.347492188698844],[147.06644231225988,-19.347544774383437],[147.06650406100957,-19.347602138959918],[147.0665595058374,-19.347657110923084],[147.06660612072415,-19.347702524592297],[147.06665149128037,-19.347755114351713],[147.0666993867911,-19.347812185695282],[147.06675608611792,-19.347861183456725],[147.06681656342684,-19.34790539002509],[147.0668720031087,-19.34794722160199],[147.06694507746286,-19.347992625469285],[147.06699546708572,-19.348024888321778],[147.0670446104306,-19.34805953747621],[147.06709500498056,-19.34810375669809],[147.06715926580088,-19.34815633937063],[147.0672172351262,-19.34821370509339],[147.0672802331426,-19.34827465676372],[147.0673495366766,-19.348341579761662],[147.0674679744815,-19.348420440943066],[147.06752467523282,-19.34847183335498],[147.06758641075635,-19.348518434092025],[147.0676708361462,-19.348590141144328],[147.06774391791456,-19.34865228183398],[147.06780313094688,-19.34870008540017],[147.067843458032,-19.348734737616343],[147.06787243882724,-19.34877656969692],[147.06790647032915,-19.3488291633596],[147.06797325481375,-19.348881744798774],[147.06802491420615,-19.348921182534557],[147.0680954731338,-19.34898332402213],[147.0681584802984,-19.3490418804841],[147.06820006525746,-19.349101646910054],[147.06822053404528,-19.34912012060191],[147.0682781876634,-19.349172154068263],[147.068331115534,-19.349216371991638],[147.06838780885926,-19.349248632088653],[147.06843693337254,-19.349259368073632],[147.06848480009413,-19.349267718661093],[147.06854401659407,-19.349299977760698],[147.06858055053607,-19.34932506973487],[147.0686208749426,-19.349352555168327],[147.06867881516953,-19.34936090191019],[147.06874683488795,-19.34936087625623],[147.06882366525812,-19.34934650499462],[147.068903004198,-19.34932016731746],[147.0689697605647,-19.349304597838128],[147.06902265651928,-19.349295016303174],[147.0690717770638,-19.349296190615505],[147.06912091216518,-19.3493093213062],[147.06918263888355,-19.349333210671134],[147.06923681729558,-19.3493618836351],[147.06929477269938,-19.349406099366053],[147.06935021199868,-19.349444333318946],[147.0694207640685,-19.349488544213816],[147.06952028933088,-19.349532744027474],[147.06961226936664,-19.34958890306621],[147.069682821569,-19.34963311385848],[147.06976471667045,-19.34968448688791],[147.06982645684863,-19.349739464466055],[147.06988946593577,-19.349800406178193],[147.0699524619857,-19.34985298833672],[147.07001420620233,-19.349894816523783],[147.07007720641073,-19.349956960138762],[147.0701225761457,-19.35000356629978],[147.07017802913168,-19.350072888428713],[147.07021206624162,-19.350136236078423],[147.0702460907894,-19.350192417118564],[147.07028012590342,-19.35025098400457],[147.07031165203168,-19.35032031531932],[147.07035199307526,-19.35040758233596],[147.07039990330202,-19.350516355277104],[147.07045160125296,-19.350643065850722],[147.07050076997388,-19.350755435135014],[147.0705449171511,-19.350880946634735],[147.07056258919636,-19.35097060823207],[147.07059662612872,-19.3510327628746],[147.07063696029658,-19.351103292678363],[147.07065589643918,-19.35120969091866],[147.07065970626732,-19.35127903291266],[147.07065597055634,-19.351381852121285],[147.07065474050123,-19.351444020424893],[147.0706409208884,-19.351522930754413],[147.07061828139305,-19.35159467789506],[147.07058932895862,-19.351643707619473],[147.07053770765813,-19.35169632490259],[147.07047978215337,-19.35174656779105],[147.07041052616927,-19.351796806003325],[147.07033119037524,-19.351832705831168],[147.07021784365443,-19.35186741677186],[147.07011204172568,-19.351888975416724],[147.06997349267087,-19.35190337997559],[147.06985635311318,-19.35190820568317],[147.0697026769502,-19.351905878692865],[147.06954019300113,-19.351902352969876],[147.06938273432831,-19.35189404443802],[147.06928700077827,-19.351880922516095],[147.0691799252654,-19.35186303313868],[147.06905648101164,-19.35184156208221],[147.06895319005542,-19.351834425564924],[147.06885367859545,-19.35182609463237],[147.06873023089642,-19.351818965606096],[147.06860930787326,-19.351815423367178],[147.0685261742137,-19.35180948098028],[147.0684430255511,-19.35179038020158],[147.06833469435924,-19.35177487665494],[147.06824652441742,-19.351770128957657],[147.0681407034258,-19.35174625578299],[147.06804748975736,-19.35172477273155],[147.0679567942126,-19.35171405215889],[147.06782199679694,-19.351683013961882],[147.06775145507072,-19.351665110138384],[147.06769855285322,-19.351661541983823],[147.0676166751374,-19.35165320382095],[147.06756376800436,-19.351637679234727],[147.0674806175737,-19.351613797266204],[147.06737732977226,-19.351613835497577],[147.06727153077796,-19.35161984827631],[147.0671392694478,-19.351619897069774],[147.06702969046066,-19.351625920138478],[147.0669314433542,-19.351635517762915],[147.06686594975275,-19.351645112352365],[147.0668004605209,-19.351665461345537],[147.06676268332671,-19.35169774751824],[147.06670981076402,-19.35176711036022],[147.06667330492638,-19.35183527426874],[147.06664940294263,-19.351897450842817],[147.0666368323654,-19.351962018162446],[147.06663558980597,-19.352020598621724],[147.0666469594011,-19.35209352575443],[147.06665832512286,-19.352156891387107],[147.06669488468003,-19.35224415154641],[147.0667453030751,-19.35232065219194],[147.06678816005098,-19.3523935587361],[147.06683984071827,-19.352483208212693],[147.06688647632504,-19.352552534561312],[147.0669280651286,-19.352620669823555],[147.06699359230421,-19.35269237505775],[147.0670654261507,-19.352772455554543],[147.06715993599735,-19.352865676984056],[147.06722419821554,-19.352917057635324],[147.06727459578042,-19.352964864600356],[147.0673224970785,-19.35303179547194],[147.06736157006512,-19.353093948845725],[147.06738427796014,-19.353184810836744],[147.06739437719523,-19.353246974918104],[147.0673855883015,-19.353315119664217],[147.06736923788353,-19.35337968842212],[147.06733400273257,-19.353458606407933],[147.06730253924312,-19.35351720706761],[147.06726729422851,-19.353572212259436],[147.06721440832914,-19.35363320666905],[147.06715146160124,-19.353702573342712],[147.06708977067817,-19.35376954463844],[147.0670280750707,-19.353848481343555],[147.06697898098926,-19.353915447965147],[147.0669172957682,-19.353996770483793],[147.06686190322915,-19.354075695778057],[147.06678384185744,-19.354159419154065],[147.06670451112325,-19.35423595828145],[147.06663147579948,-19.35429337207525],[147.06654710980735,-19.354350789979517],[147.06648035987453,-19.354387876454958],[147.06639471871046,-19.35442377686503],[147.06630025718755,-19.35445131187568],[147.0661869000855,-19.354466897313525],[147.06606850269674,-19.354474106901915],[147.06594505600376,-19.35447415163681],[147.06582665236655,-19.35446582589565],[147.06569060103433,-19.35444675201715],[147.06565630335425,-19.35465813855286],[147.06575960217685,-19.35468081210458],[147.06584525232702,-19.35469035169724],[147.06594099099837,-19.35468911509743],[147.06602790079418,-19.354681917008712],[147.06612991886095,-19.35466872164261],[147.0662332023172,-19.35465314894085],[147.06631759403925,-19.354635179129463],[147.06642087551745,-19.354614816535946],[147.0665077779812,-19.35458967911634],[147.06657200963264,-19.35456454994259],[147.06665512616624,-19.35452506255255],[147.06672816887945,-19.354485587852622],[147.06678735431785,-19.354437740597668],[147.0668490504858,-19.35438272579724],[147.06690319214053,-19.354318143215476],[147.06695607031824,-19.354260736723774],[147.0670102033471,-19.35419854900589],[147.06707315447125,-19.35411603306343],[147.0671197392942,-19.354059821768505],[147.0671524681088,-19.35402154563846],[147.06718772767488,-19.3539784968572],[147.0672418673813,-19.35393304620704],[147.0672683009633,-19.353891193595754],[147.06729348063294,-19.353856508048754],[147.0673312616479,-19.353832581304165],[147.0673728089422,-19.353775178877292],[147.0674156010686,-19.353711802302765],[147.06744833386168,-19.353660376797315],[147.06750498182905,-19.353579055963692],[147.06755785069976,-19.35350013140684],[147.06758050574848,-19.353439148115385],[147.0675981040594,-19.353353060985253],[147.06760563504682,-19.353282521802893],[147.0676118977039,-19.35320720234104],[147.0676118696255,-19.35313905181896],[147.06760555328776,-19.353084061988117],[147.06758033145695,-19.35301592081367],[147.06754251326947,-19.352948986271638],[147.06748327548908,-19.35286770837135],[147.06741522533915,-19.35279719717725],[147.06733206620237,-19.352730270326674],[147.06724512027154,-19.352646616729928],[147.0671720305453,-19.352568931659672],[147.0671253953014,-19.35250079831261],[147.0670661620374,-19.352406370948476],[147.0670283481058,-19.352348997792596],[147.06698296395612,-19.3522665216968],[147.0669678349462,-19.35222109657822],[147.06695396325634,-19.352176863924182],[147.06694764545662,-19.352140997064836],[147.06694637644048,-19.352111111065327],[147.06694887887073,-19.352083609536045],[147.06695642715215,-19.352054913223892],[147.06696775591408,-19.352027417487136],[147.0669954548683,-19.35200708233638],[147.0670218984574,-19.351990335465196],[147.067058427633,-19.35197955855607],[147.06708865706537,-19.3519771525319],[147.06713526573355,-19.351980723182734],[147.0671843895193,-19.35198788071598],[147.06723981451094,-19.35199025516011],[147.06731287409727,-19.351995008928387],[147.06740231145926,-19.352002142464638],[147.06750810774327,-19.35198895396679],[147.0676353226996,-19.35196499399068],[147.0677083683273,-19.351958993177185],[147.06787338548128,-19.35196371251835],[147.06803965292107,-19.351975606886793],[147.06816184587174,-19.351987517600225],[147.06833945681635,-19.352007776021942],[147.06848053172686,-19.35202206529326],[147.06859138526727,-19.35203518194622],[147.06869593565918,-19.352048291871387],[147.0688269515356,-19.352074541060755],[147.0689692959059,-19.352096005117073],[147.06909526049287,-19.352110308669438],[147.06921870192738,-19.352124604056012],[147.0693887621739,-19.35214367139442],[147.06952479641902,-19.352148400276512],[147.0696595843849,-19.35215552442717],[147.06978554653207,-19.352163844787476],[147.0699089839924,-19.35216857820785],[147.07001353848364,-19.35216853805325],[147.07015460294548,-19.35215772935405],[147.07023017869517,-19.35214574383984],[147.07030197187598,-19.35212777703888],[147.07036871921633,-19.352111014124297],[147.07043798663295,-19.35208707456747],[147.07050725403317,-19.35206314402165],[147.07057400518892,-19.352033222671714],[147.07063696681095,-19.352003311804086],[147.0706911180349,-19.351966228690387],[147.0707377082218,-19.351926753603106],[147.07079184678497,-19.35188250385804],[147.0708321347995,-19.351845417051628],[147.0708749423511,-19.351799969721604],[147.07090389886224,-19.351760510488457],[147.07091698932163,-19.351735155669616],[147.07092454164587,-19.35171745762843],[147.07092831791283,-19.35170885261569],[147.07093082917663,-19.351703347901175],[147.0709361219231,-19.351700715975912],[147.07094317757262,-19.35170143621508],[147.0709512336852,-19.35170381893387],[147.07095930139033,-19.351710991435095],[147.07096862819193,-19.351723423174118],[147.0709787082154,-19.351738240475477],[147.07098728220979,-19.35174923557065],[147.07099584730562,-19.351761667605032],[147.07102232738606,-19.35180828089148],[147.07107146785654,-19.35185370144363],[147.07115210767822,-19.35190507432232],[147.0712100691627,-19.351960043853094],[147.07128818332055,-19.35200545301742],[147.07139023637848,-19.35205562448031],[147.0714759116587,-19.352103416456234],[147.07156031542527,-19.352139243460766],[147.07164976766168,-19.35217985822733],[147.07175434086324,-19.352244379779613],[147.0718438026246,-19.352306512338163],[147.0719395643974,-19.35238299365022],[147.07203281627866,-19.35246784447448],[147.0721059030006,-19.352533571198034],[147.07219159025104,-19.3526291793601],[147.0722722460747,-19.352715227978198],[147.07235542143962,-19.352814424878613],[147.0724474248663,-19.352917206050076],[147.0725495052647,-19.353048676692584],[147.07265411483363,-19.35317178673396],[147.0727713193538,-19.353311619784638],[147.07288852832076,-19.353461014253206],[147.07296414119534,-19.35355304728678],[147.07302968781366,-19.353640294537776],[147.0731002682413,-19.353741891027596],[147.07317588775985,-19.353848266213053],[147.07325151422745,-19.353948658649056],[147.07330067250714,-19.354031131639125],[147.07334857346356,-19.354112412193555],[147.07338514439627,-19.35419489022736],[147.0734179295486,-19.354285747385315],[147.0734456852272,-19.35437181677872],[147.07347217563958,-19.354460272532872],[147.0734961582885,-19.35456188764852],[147.0735150795521,-19.35463003052784],[147.07353400243528,-19.354701752187133],[147.0735579846235,-19.35480217436423],[147.07358950831724,-19.35488225949555],[147.0736273540946,-19.355004193944385],[147.07365132042156,-19.355090264830736],[147.07367277630016,-19.355183512369052],[147.0737018030742,-19.35530066057975],[147.07372956444766,-19.355398686305275],[147.07375732600954,-19.355518238946168],[147.07378884402593,-19.355585174722812],[147.0738065070653,-19.355649730253194],[147.07381284889425,-19.355693043606635],[147.07399192824408,-19.355707502971722],[147.0739795688069,-19.355622159446494],[147.07396188899637,-19.355520541848307],[147.07393033914073,-19.355383069750587],[147.07389374774544,-19.35525635411392],[147.07385210749223,-19.35508181496108],[147.07381425615137,-19.35494792417405],[147.07377640379994,-19.354811647522013],[147.07372594523,-19.35463353311957],[147.07366163361502,-19.35447813511588],[147.07360739750413,-19.354326320835774],[147.0735456066429,-19.354164939052975],[147.07346490768805,-19.35398563480655],[147.0733754043033,-19.353833834668645],[147.07330103509253,-19.353713116816927],[147.07324430297425,-19.353599558446373],[147.0731535516993,-19.353466890726416],[147.0730388630131,-19.353311512704465],[147.0729329957042,-19.353187210462682],[147.07279437049925,-19.353031841863064],[147.0726973267731,-19.35292189627541],[147.07257382945446,-19.35278325860536],[147.07247048865938,-19.35266493779369],[147.07234194484747,-19.352525109040986],[147.0722310454304,-19.35240917694686],[147.07210880939448,-19.352278907022477],[147.07199287401576,-19.352164178738068],[147.0719097081061,-19.35208530662397],[147.07182402538484,-19.352020777712514],[147.07171567126557,-19.35195387183063],[147.07157834053606,-19.351879801628122],[147.07141958958562,-19.351790195505178],[147.07126336352982,-19.35170417607658],[147.07116005131454,-19.351648022316354],[147.07111847758634,-19.35161815208597],[147.07110460411482,-19.351594244714242],[147.07109452067124,-19.35157153782782],[147.07108820167116,-19.351512951253127],[147.07107556815134,-19.351428077534756],[147.07106543222957,-19.35130613169267],[147.07106033538795,-19.351167446738323],[147.07106279901066,-19.351029951760903],[147.07106526191282,-19.35091279078611],[147.0710526139567,-19.35079443373837],[147.07103871800302,-19.350696402142418],[147.07102356835853,-19.350605546677546],[147.07096934166367,-19.350466880856832],[147.07092772796983,-19.350343754325184],[147.07088484645809,-19.350217040453103],[147.07083565418793,-19.350072398947884],[147.07079151343075,-19.349939702822628],[147.07073854936073,-19.349791474929354],[147.07067172913503,-19.349658796612463],[147.07056584671898,-19.349467544348585],[147.07045619100867,-19.34931335559676],[147.07035158124268,-19.349157971898848],[147.07027595599897,-19.34902888464869],[147.07022677741114,-19.348914129427335],[147.07021163298398,-19.348834028305102],[147.0702128703502,-19.34878859713258],[147.07019269351045,-19.348740779316834],[147.07016118236987,-19.34868340436045],[147.0700540792563,-19.348596172003457],[147.069989815301,-19.348538809606936],[147.06993814486233,-19.348474266707218],[147.06990284988092,-19.348407331652993],[147.0698347939374,-19.3483212771068],[147.0697352510438,-19.348234041659857],[147.0696256379015,-19.348153976615208],[147.06950090576913,-19.348075119237517],[147.06940515169137,-19.348008198098466],[147.06929428011983,-19.347946072447947],[147.0691922428038,-19.34790307542038],[147.0690637477708,-19.347863667152293],[147.06889872666747,-19.34781710599966],[147.06874882322353,-19.347788469073492],[147.06862411577535,-19.347766989145303],[147.06853089927847,-19.347756269797515],[147.0684477666794,-19.347747932471478],[147.06831677528106,-19.347749174563123],[147.06820593658375,-19.347764760311744],[147.06809006167398,-19.347781540803833],[147.06795529727907,-19.34779952119722],[147.06786839121804,-19.34780672923703],[147.0677991118946,-19.34779838645425],[147.06773108542419,-19.347780481674818],[147.0676290326889,-19.34772193051499],[147.06753328351473,-19.34766457892723],[147.06743248643346,-19.34757973757126],[147.06736569823545,-19.34751639245486],[147.0673052111148,-19.347448264233428],[147.06724220949076,-19.3473777510617],[147.06716911967618,-19.347294092257837],[147.06709728379005,-19.347203257314323],[147.06701915843527,-19.347121986160268],[147.06695740945491,-19.34704070895447],[147.06691328701348,-19.346966600902384],[147.06687798530584,-19.346879331234632],[147.06683889792794,-19.346777729726547],[147.06677461683825,-19.346673733510933],[147.0667078203272,-19.3465649664765],[147.06665361123885,-19.34645737870351],[147.06660192094404,-19.346339044594465],[147.06655148587234,-19.346193200345674],[147.0664947581273,-19.346072464109543],[147.06644810663417,-19.345958908865715],[147.06640648699266,-19.345833386335116],[147.0663484906256,-19.345682764023184],[147.06628293047046,-19.345545302810535],[147.06620856156104,-19.34540305498181],[147.06615939739368,-19.34529069349677],[147.06610770204242,-19.345157998896305],[147.06607238624287,-19.345033675956596],[147.06605595674978,-19.344900968546817],[147.06603450656326,-19.344807729026044],[147.0660130583198,-19.344719261217698],[147.06597396910823,-19.344610474810832],[147.06593992806197,-19.34453038916694],[147.06589454079673,-19.344409648615294],[147.0658604820858,-19.34428532516889],[147.06584531152524,-19.344157407065257],[147.06584526405763,-19.344039045003463],[147.0658615940158,-19.343924264846926],[147.06588171478967,-19.343836983952116],[147.0659370928355,-19.34372935627843],[147.0659773689088,-19.343664778921028],[147.06603653673275,-19.343582264620352],[147.0661007349004,-19.34350811705527],[147.06615486942516,-19.34343397312073],[147.06619766886107,-19.343370596763602],[147.0662240923354,-19.34330721731047],[147.06623665760395,-19.34323070259301],[147.0662341061132,-19.34316015801576],[147.06622274203554,-19.343075283413302],[147.06621137471333,-19.343005944004567],[147.06619496652397,-19.342925842949054],[147.0661911597527,-19.34285889568766],[147.06620120233686,-19.34275966200215],[147.06621501130596,-19.342650856399107],[147.06623892115564,-19.342587477852415],[147.06630060823966,-19.342520506774164],[147.06637614857345,-19.342454723559037],[147.06645044936002,-19.342408072822387],[147.06655622887865,-19.342368577175936],[147.06667210110237,-19.34235419255621],[147.06680939440443,-19.342361308890954],[147.06690386594298,-19.3423756255365],[147.06699833554353,-19.342385152341215],[147.06708398227377,-19.342401857996258],[147.06717342809608,-19.342442475023663],[147.06728177359332,-19.34250819077248],[147.0673661859405,-19.34255598521402],[147.06749215977328,-19.3426109308425],[147.06761309076398,-19.34265034306007],[147.067715141319,-19.342711280129368],[147.06783230747186,-19.342786553779966],[147.06792176704127,-19.342859451824125],[147.06802256444468,-19.34295147764846],[147.0681120296429,-19.343037524930203],[147.06821030224035,-19.34312476179996],[147.06829474103174,-19.343234723681608],[147.06841822360437,-19.343341083042862],[147.0685316267011,-19.343454612722624],[147.06870049314682,-19.343668562457978],[147.06877106308258,-19.343761783142646],[147.06884289437122,-19.343843055955354],[147.06893740910064,-19.343957794475838],[147.06902184632324,-19.344084493166772],[147.06910125108672,-19.34419804439187],[147.06920331479802,-19.344309192081372],[147.0693016139014,-19.344433490476302],[147.06937848637688,-19.34452433169818],[147.06943645578073,-19.344605609545503],[147.0694944291934,-19.344673729002448],[147.06952972775886,-19.344751427638347],[147.06957511109542,-19.344833903170148],[147.06964569369944,-19.344954633163958],[147.0697301435343,-19.345086112258667],[147.06981457635905,-19.345199661233654],[147.0698813798171,-19.345298865631968],[147.06993934668733,-19.34537296766322],[147.07007798056438,-19.345570181475797],[147.0701523355272,-19.345671777760803],[147.07021282214487,-19.34573751015388],[147.07027205203494,-19.345803243010934],[147.07035018553768,-19.345901249930602],[147.0704056454326,-19.345989704071723],[147.07047371302116,-19.346104451979034],[147.07051908511656,-19.346180944546376],[147.07056950547337,-19.346262224936762],[147.07061110474743,-19.346332745259105],[147.0706501938408,-19.346433162064727],[147.07067540640261,-19.346501302866233],[147.07071071956165,-19.346588562754857],[147.07078759255276,-19.346698526366133],[147.0708556462553,-19.34677979982051],[147.07089221480524,-19.34686347135896],[147.07093129644664,-19.346945948982114],[147.070985494837,-19.347043964930673],[147.07104347803505,-19.34713121591537],[147.07112160745191,-19.347217266089114],[147.07121106467574,-19.347275820216563],[147.0712916989982,-19.347341544361598],[147.07134715572914,-19.347420427658943],[147.0714328530217,-19.34752440481187],[147.0715021678216,-19.347614046096602],[147.07153369693756,-19.347712070768182],[147.07159169526662,-19.34783280490296],[147.07163204210784,-19.347933211947197],[147.07169507466887,-19.348047961348637],[147.0717379342891,-19.348124463619058],[147.07179968290166,-19.348198563541356],[147.071863950495,-19.34826310094502],[147.07194333138708,-19.348334798967088],[147.0720101258743,-19.348407703894754],[147.0720970793282,-19.3485081014392],[147.07217143582187,-19.348607301965295],[147.0722281612496,-19.34871129020163],[147.07227984529638,-19.34880452598775],[147.0723113672086,-19.348884620436046],[147.07236054091626,-19.348985023801813],[147.07242860425924,-19.34908422671604],[147.07247019289125,-19.349148772912447],[147.0725306949307,-19.349244400008583],[147.0725735452086,-19.349298182209797],[147.07262395378842,-19.349348373565142],[147.07266931032106,-19.349385417596697],[147.07271090175965,-19.349434419515628],[147.0727335962019,-19.349489402649304],[147.0727625926673,-19.349541997406114],[147.07280921879388,-19.34958621653979],[147.0728444971731,-19.349612501086312],[147.0728722215311,-19.349651947009168],[147.07292641131374,-19.34970453165993],[147.0729818558116,-19.3497523350407],[147.07304737755706,-19.34980849389991],[147.07311036982753,-19.34985032053525],[147.07317338390348,-19.34991962967845],[147.07323009815568,-19.349996126013572],[147.0732855540502,-19.350069035014116],[147.07330952738667,-19.350151518169536],[147.07332466810712,-19.35021966262454],[147.0733461113971,-19.350286602574794],[147.07337889189486,-19.35034756427712],[147.07343181787624,-19.350404930031885],[147.07351750466387,-19.35047901969831],[147.07358301938325,-19.350518450254274],[147.07365357358546,-19.350563852427623],[147.07367753483473,-19.35061883492337],[147.0736687374232,-19.350661883308433],[147.07365993356623,-19.35069058040735],[147.07367128646737,-19.35074078725038],[147.07369146026997,-19.35077903413029],[147.0737355568651,-19.35080770982619],[147.07380359330514,-19.35084355145821],[147.07387037618966,-19.350886569216815],[147.0739321230362,-19.35095229981686],[147.07400900867614,-19.35105986710552],[147.07408716094744,-19.351188951738628],[147.07416530416134,-19.35129772041194],[147.0742295814697,-19.351378994092272],[147.07428880927407,-19.35145309416487],[147.0743492920997,-19.35150208799089],[147.074406014798,-19.351573794152955],[147.07445516968974,-19.351649100248814],[147.07450558662444,-19.351714835277843],[147.07455977406462,-19.35178056874914],[147.07464043505604,-19.35187617782134],[147.07470722919612,-19.35196343301028],[147.0747740307464,-19.35204589838385],[147.0748357816637,-19.352118804308056],[147.07486603608967,-19.352171389157487],[147.07495172881846,-19.35225504866398],[147.0749882758665,-19.352305245046928],[147.07501852873992,-19.352354251086396],[147.07505255616414,-19.35239129917358],[147.07511052536427,-19.35243910084775],[147.0751521137103,-19.35249885661623],[147.07516347890984,-19.35255385313605],[147.07518491230215,-19.352596880070703],[147.07525548538763,-19.352680545669102],[147.07530085460314,-19.35272117684341],[147.07533613734938,-19.352754636535696],[147.07536514126673,-19.352820380171373],[147.07536895531982,-19.352894502796048],[147.07538157250636,-19.352938735318432],[147.07542440966833,-19.35298056043622],[147.0754848922946,-19.3530271589813],[147.07555293444238,-19.353072570480133],[147.0756285372076,-19.35311916270486],[147.0757091761712,-19.353184884837273],[147.07574699387553,-19.353243449103125],[147.07577348313944,-19.35332713281954],[147.075792418586,-19.353403634995452],[147.07578237620712,-19.353492114654305],[147.0757975167432,-19.353536346094682],[147.07582398784925,-19.35358057281744],[147.07586809054175,-19.353620002407375],[147.07592100462313,-19.35364748096138],[147.0759928144397,-19.35366538108338],[147.07604950138304,-19.353677313815172],[147.07609234621282,-19.353714358019733],[147.07610118972426,-19.35377174138148],[147.07608484103005,-19.353832723087596],[147.07609998556023,-19.353885323068187],[147.0761251933086,-19.35391519899042],[147.07617811419036,-19.35395702874799],[147.07622727005307,-19.354031132375983],[147.07627516641398,-19.354078928845944],[147.07633941854064,-19.354121946738022],[147.07638731044966,-19.354180506641192],[147.07642134969876,-19.3542414672365],[147.0764440611446,-19.354308406255228],[147.0764730484605,-19.354357412571094],[147.07651589746592,-19.354402825239188],[147.07655496031276,-19.35443509017173],[147.07664315986335,-19.35447929081554],[147.0767414382791,-19.354534250631158],[147.07682585227465,-19.35458681231151],[147.0769014661872,-19.354654930913952],[147.07694179666692,-19.35470991507618],[147.07698339185222,-19.35476130183699],[147.07709931853563,-19.35486646540494],[147.07717116162536,-19.35495370847968],[147.0772530763564,-19.35503616650586],[147.07734632910544,-19.355113838932244],[147.07742697086746,-19.355181955176057],[147.07748999051518,-19.35525485962901],[147.07753409631698,-19.355299069551965],[147.07761726712346,-19.355379141020382],[147.07766390470448,-19.355441288931754],[147.07768912147057,-19.355489103726487],[147.07770929793006,-19.355529745028214],[147.07774080962835,-19.355579942984402],[147.07778365930403,-19.355625355345843],[147.07784414414527,-19.35567315505293],[147.0778958137152,-19.355724537292346],[147.0779550372308,-19.355762776006834],[147.07800417284034,-19.355791448490724],[147.07805583453543,-19.355826093553315],[147.07808860651335,-19.35586314159304],[147.07811508316544,-19.35591692946045],[147.0781529002422,-19.355991037411105],[147.07819575299058,-19.3560424323834],[147.078263802268,-19.35609859726696],[147.0783154760978,-19.356158347948863],[147.07836086245013,-19.356231259671627],[147.07844403584824,-19.35631491857005],[147.07849949562413,-19.35638662395311],[147.07858267947768,-19.35649180066113],[147.07865325883694,-19.356581438568394],[147.07872257280718,-19.35665313789735],[147.0787906184995,-19.356700934014533],[147.07885867400034,-19.35676905505285],[147.07892547352253,-19.356858685450334],[147.07900235715493,-19.356949522450197],[147.07906285032547,-19.357012856906167],[147.07915358642148,-19.357100090969663],[147.07921786732564,-19.35717897696764],[147.07926954704402,-19.35724949082436],[147.07936279564498,-19.357314012882796],[147.07942707499234,-19.357389301948803],[147.07948883693976,-19.357476548474278],[147.079549335133,-19.357549453291284],[147.0796514127307,-19.357637884110197],[147.07974341565176,-19.357744249339255],[147.07984800371864,-19.35782550330849],[147.07992739700532,-19.357886434290066],[147.07999797187009,-19.357964115276918],[147.08004335520084,-19.358047790019587],[147.08009630602572,-19.358126671638846],[147.0801769498274,-19.358193593706417],[147.0803193425154,-19.358299927407558],[147.0804415961453,-19.358424218022304],[147.0805575352623,-19.358544914490185],[147.0807201066934,-19.35869309983914],[147.08080328195123,-19.35877555566471],[147.08088268018258,-19.358844863819762],[147.08095451455455,-19.35892612264661],[147.08104652502487,-19.359025320594824],[147.0811259204607,-19.359107777951106],[147.08123177943912,-19.35919500421449],[147.08130992706273,-19.359295401135796],[147.08139309758218,-19.359367093232393],[147.08147121866813,-19.359413690897373],[147.08157938641622,-19.35950917603673],[147.08164135806132,-19.35957381936211],[147.08173839742798,-19.359674198586173],[147.08184174156537,-19.35977696981469],[147.08192869990037,-19.35986301123051],[147.0820232258503,-19.359963400466565],[147.0821051419311,-19.360038680613464],[147.0821794977362,-19.360113973171924],[147.08226394205244,-19.360198813593726],[147.08235216552282,-19.360300398427878],[147.08245046735797,-19.360391215201957],[147.0825437370436,-19.36049160472881],[147.08262438842274,-19.360569280100208],[147.08273781675965,-19.36067085330393],[147.08286257884663,-19.360796324999153],[147.08296593467563,-19.36091942050748],[147.08309700591914,-19.36103652963878],[147.0831990786818,-19.36112615135111],[147.08327469946602,-19.361196653090946],[147.0833755197848,-19.36129464383599],[147.0834624845943,-19.361390245984417],[147.0835658345491,-19.3615001918397],[147.08367674079744,-19.361601765601606],[147.08372791907325,-19.361653444598584],[147.08377378139141,-19.361699757857032],[147.08388469523825,-19.36181567371625],[147.08399811508454,-19.361916053193035],[147.08410272173012,-19.36200567321783],[147.0842035442658,-19.362106049344405],[147.08426908277698,-19.362177757286794],[147.0843522677351,-19.362272167820567],[147.08444930449218,-19.36234265913797],[147.08454004640126,-19.362429890445238],[147.08463835195977,-19.362523100897295],[147.08470893475777,-19.362607955634708],[147.08476565569146,-19.362678465531218],[147.0848702524813,-19.36276569021904],[147.08493705921606,-19.362839792212917],[147.08504417519617,-19.362918647064195],[147.0851954662029,-19.36307513888557],[147.0853189206683,-19.363187514386563],[147.0854336087723,-19.363287892353696],[147.08549789699,-19.363370354839173],[147.0855861241708,-19.363471938057152],[147.08565924120077,-19.363575914192815],[147.08570590415874,-19.363676323973216],[147.085743750361,-19.363777930818905],[147.0857878825717,-19.363863990503418],[147.08584963407205,-19.36392014641519],[147.08595044331736,-19.36397270509308],[147.08604745092202,-19.364002554726753],[147.08617596578082,-19.36404792455118],[147.08626669571873,-19.364108856380966],[147.08637002533717,-19.364173360966866],[147.08649226642692,-19.364274927594813],[147.08662081698617,-19.364387254584635],[147.08678212564496,-19.364521074690106],[147.08692453571481,-19.36464176341183],[147.0870631676097,-19.364766032604848],[147.08726985956332,-19.364953638757317],[147.08748789733332,-19.365149607774708],[147.08768449989572,-19.365325261921402],[147.08787480872505,-19.36550091888886],[147.08803991574712,-19.365646692394325],[147.08815837673265,-19.365744671892745],[147.08826298243227,-19.365841465104335],[147.08836633003511,-19.365935863975903],[147.08849741365864,-19.36606133767848],[147.08860326958208,-19.366144971748252],[147.08870410629405,-19.366244152386326],[147.08881376218787,-19.366363653590597],[147.0889334983925,-19.36647598321048],[147.08907212686523,-19.366588294469878],[147.0891931229467,-19.366705404039067],[147.08930151605767,-19.36681294919029],[147.08938721467598,-19.36687986460856],[147.08944644841023,-19.366942003213193],[147.08951955442444,-19.367018477197686],[147.08958762388718,-19.367096155593607],[147.08967080525088,-19.367173826520105],[147.08977290018618,-19.367273014968045],[147.0898901116823,-19.36738055541059],[147.090001013353,-19.367459405418522],[147.0901169695059,-19.367569341221046],[147.09020014478315,-19.367635055534677],[147.09027828941498,-19.367712728672615],[147.0903551752,-19.36778681458676],[147.09043205709696,-19.367853724841314],[147.0905152352887,-19.367924228783494],[147.09060724178147,-19.368013851251362],[147.0906929461835,-19.36808912555539],[147.09077865265056,-19.368167987631082],[147.09087696121728,-19.368254019002485],[147.09096644690158,-19.368330493249953],[147.09106727686464,-19.36842967254886],[147.09114289421314,-19.36849897801728],[147.09121473612072,-19.368559916792385],[147.09129792965066,-19.368656718945534],[147.09136348007198,-19.36872244155492],[147.09146934517847,-19.368816837358793],[147.0915714348758,-19.36890286644632],[147.0916735211709,-19.368999649880458],[147.09177814456058,-19.369103616641063],[147.09187141270735,-19.369199211481636],[147.09194955015903,-19.36926133970784],[147.09206046416338,-19.36935812749746],[147.0921386084815,-19.36943221200282],[147.0922369198668,-19.369520637509098],[147.09235538885008,-19.36962339495047],[147.09242470826177,-19.369684334516943],[147.09251923415246,-19.369763191275002],[147.0926074664931,-19.369843253147565],[147.092674268728,-19.369914948299527],[147.092759981837,-19.370002177967717],[147.0928293029151,-19.370065512263405],[147.09293391073672,-19.370156320023607],[147.09302592729082,-19.37024235341964],[147.09308768503058,-19.37030090170431],[147.09318473979744,-19.370404871505865],[147.09327548673195,-19.37048492272187],[147.0933549027096,-19.370566181665914],[147.09342800467496,-19.37062951378876],[147.09350362403575,-19.370698818251448],[147.09357042970973,-19.370758556700054],[147.0936296650685,-19.37081830805521],[147.09373678975294,-19.37089596476027],[147.09386281330782,-19.370984366056867],[147.0939472678998,-19.371066815062708],[147.09401029277606,-19.37112537140998],[147.09408338777504,-19.371192282042653],[147.0941527207602,-19.3712580016663],[147.09422455684873,-19.37132133411697],[147.0943379847757,-19.37141332941074],[147.09441108405284,-19.371470678431763],[147.09447662858184,-19.37152205768212],[147.0945484669751,-19.371588968776013],[147.09461149433213,-19.3716511036839],[147.09469846152462,-19.371729972251458],[147.09479677358792,-19.37181479949284],[147.09489130531003,-19.371899637688205],[147.0949971751896,-19.371995224314873],[147.0950740602616,-19.37206093963723],[147.095149669181,-19.37210991849554],[147.095182438559,-19.372130226271466],[147.09522025509787,-19.37216726849891],[147.09527066533755,-19.372212672675477],[147.09530343405748,-19.372231787504717],[147.09534881086637,-19.372267632821014],[147.09540048767337,-19.372313036297353],[147.09543451292848,-19.372347685579324],[147.09547988561863,-19.372376355240604],[147.09552777437344,-19.372408611381733],[147.09556559105457,-19.372445653535678],[147.0956097063586,-19.372489867996624],[147.09564374331578,-19.37252811408153],[147.09567904493875,-19.372579499742862],[147.09570805216273,-19.372630897744372],[147.09574461080922,-19.372682282731233],[147.09577865272755,-19.372728897335556],[147.0958278193274,-19.372780275669587],[147.09587822502917,-19.372817311127665],[147.09591856467333,-19.372853158952054],[147.095945051331,-19.372909338978598],[147.09594885839405,-19.372954767523822],[147.0959753394752,-19.37300137703808],[147.09602701178477,-19.37303841178573],[147.09608244386126,-19.373056321588155],[147.09613663128678,-19.373079003730137],[147.09618452248117,-19.373114847505008],[147.09621982791214,-19.373172215753367],[147.09625009239105,-19.3732236039621],[147.09629798014316,-19.373253474047143],[147.09636728076617,-19.37327735008437],[147.09641769204438,-19.373307209764075],[147.0964429198496,-19.373359802569908],[147.09647698532518,-19.373445864877443],[147.09649843268616,-19.373498459678622],[147.09656775597864,-19.37356059055215],[147.0966559757616,-19.373628685024556],[147.0967114345577,-19.373675288072256],[147.09680216313674,-19.373718275497648],[147.09686013420077,-19.37374574518204],[147.0968954343524,-19.373793551824992],[147.09690175496985,-19.373837777044592],[147.09691815301704,-19.37387004957644],[147.09695596327748,-19.37389513507829],[147.0970416489011,-19.37392857263479],[147.09709078973825,-19.373951257179773],[147.0971134787729,-19.37397755267678],[147.09712231446377,-19.374007434338214],[147.09711351206073,-19.374033737600787],[147.0970870807681,-19.374072015663476],[147.0970606586623,-19.374125828849024],[147.09704684140573,-19.3741903987426],[147.0970619871563,-19.374246575605994],[147.09710611570418,-19.374295570420678],[147.09720691760327,-19.37433497349075],[147.09725983341613,-19.374348094501023],[147.09735934856008,-19.374337277857386],[147.0975042259062,-19.374336007369834],[147.09762013000804,-19.374341927932562],[147.0977360383912,-19.374355015003747],[147.0977977694031,-19.374363350387554],[147.0978292737539,-19.37438485128329],[147.09787213034122,-19.374424285123297],[147.09789986563413,-19.374464920012556],[147.09791377351564,-19.374536641636062],[147.09792010729765,-19.374602393673523],[147.09794535078757,-19.374680091890976],[147.0979743583823,-19.37473029659061],[147.09798572898973,-19.374794843950767],[147.09798702839075,-19.37484984429954],[147.09801980987632,-19.374904818656695],[147.09810172216237,-19.374949012134632],[147.0982239319777,-19.37497285892745],[147.09831844291023,-19.37501704550676],[147.09840919131696,-19.375091120443283],[147.0984835529954,-19.375136510755038],[147.09856922285877,-19.375157982199188],[147.09864482218353,-19.375171090516414],[147.0987292374115,-19.375180615246336],[147.09879853271224,-19.375193726919537],[147.09886405471195,-19.375218796972185],[147.09890817020664,-19.37526061572769],[147.09894725541463,-19.375314393563162],[147.09901027431908,-19.375357403975798],[147.09906952199134,-19.375431495714196],[147.09910108178204,-19.375528322299235],[147.099147739631,-19.37561676307007],[147.09920951110414,-19.375675309219552],[147.09929015177497,-19.375709941380123],[147.09937962732386,-19.37575651599792],[147.0994854806305,-19.375800695769875],[147.09956361176407,-19.375842495763383],[147.09965056902223,-19.375897449206462],[147.09973373342393,-19.37593207074952],[147.09982444875467,-19.375949960060506],[147.09988998651366,-19.37600013536485],[147.09994544994004,-19.37605150910275],[147.09999713067324,-19.376099306129223],[147.10003117815745,-19.37615189356873],[147.10005389569744,-19.376223610168356],[147.10007660964646,-19.376273817981115],[147.10012576840512,-19.376324002204846],[147.10020515257273,-19.37635862560952],[147.1002769830046,-19.37638967436934],[147.1003437700426,-19.37641115537613],[147.10038285673258,-19.376466134854258],[147.10044964455093,-19.376504352909304],[147.1005466724399,-19.37653538765085],[147.10058699495607,-19.376555690264237],[147.10062607882125,-19.37660587991905],[147.10064375251162,-19.3766668448372],[147.10069798510293,-19.376760070776605],[147.10073833929016,-19.37683177752395],[147.100854298237,-19.376923776308264],[147.10094881614873,-19.376976321007103],[147.10103199317038,-19.37703008295202],[147.10110258258658,-19.37710177282592],[147.10118072434787,-19.377159116271486],[147.10125509659625,-19.377218856665937],[147.1013546420423,-19.37725466126732],[147.10145796810892,-19.377290472743315],[147.1015272748845,-19.377320320449602],[147.10165456310827,-19.377406329699586],[147.10177429538504,-19.377485176504],[147.10196458730093,-19.377586694446315],[147.1020679263619,-19.377642821423166],[147.1021460597783,-19.377685822253333],[147.10219143379328,-19.377727639489144],[147.10227462559772,-19.377788567431313],[147.10236914894364,-19.377848286998894],[147.10248759365567,-19.377892457921593],[147.1026879524982,-19.377964083069415],[147.10278120955047,-19.378023803135406],[147.10285683154217,-19.378070392884727],[147.10292363935898,-19.378138496367598],[147.10301816765872,-19.378205400246433],[147.10315677881255,-19.378259120777155],[147.10326390156524,-19.3783188417684],[147.10332441350198,-19.378384562826344],[147.10340633950605,-19.378445481925134],[147.10349077887437,-19.378505215670337],[147.10358026998375,-19.378572113080306],[147.10365337038817,-19.378621089776885],[147.1037592350144,-19.37867841630425],[147.10384493436038,-19.378727385737943],[147.10391928056998,-19.378758431609153],[147.10398986516725,-19.3788193659554],[147.10405666734061,-19.37886236339364],[147.10415369841633,-19.37891013327559],[147.10424318621654,-19.378971056700344],[147.10433771324332,-19.379034363038315],[147.104412086346,-19.37910725139455],[147.10448896937834,-19.379158620464644],[147.10457590791174,-19.379178895407595],[147.1046943335502,-19.37919078365335],[147.10479765161884,-19.37921104906459],[147.10491483939964,-19.37925282423326],[147.1049866903636,-19.379312555495925],[147.10510263810647,-19.379380638840214],[147.1051921303497,-19.379447535445696],[147.10530555775597,-19.379520400847966],[147.10537613319957,-19.379565790496578],[147.10543919080584,-19.379663790599],[147.10554505952712,-19.379740248037447],[147.10567740508606,-19.37983581296382],[147.1058034535213,-19.3799421448784],[147.10593704947794,-19.380026954498646],[147.1060706455726,-19.380111764019365],[147.10619164052724,-19.380192992987805],[147.10632522524793,-19.38025986328621],[147.10644621344534,-19.380330328663504],[147.1065671994131,-19.380397206152875],[147.10670205784766,-19.380489190080002],[147.10685836120263,-19.380608652775223],[147.10699071510268,-19.380729331379605],[147.10712433185265,-19.38084402645002],[147.10721886419736,-19.380912111996853],[147.1073776542181,-19.38098853715643],[147.10748983681196,-19.381076946063992],[147.1076146373933,-19.38119403182251],[147.10766764423428,-19.38134105537644],[147.10778112909873,-19.38149760455484],[147.10795129346775,-19.38162184784615],[147.10813658151926,-19.38176161710136],[147.10825760320205,-19.381879906612507],[147.10834460688395,-19.381995821419096],[147.10843540719765,-19.382135646607328],[147.1085425811298,-19.38226590051906],[147.10869135310872,-19.382440367084694],[147.10882373206377,-19.38258016722392],[147.10892964398715,-19.382716395306556],[147.10904056836128,-19.38280002325622],[147.10909730436435,-19.382866937531567],[147.10914023198254,-19.38300559812952],[147.10929531759368,-19.38319200769874],[147.1093936305133,-19.383256511047904],[147.10949443605944,-19.383288731622716],[147.10964311236285,-19.383317335489405],[147.1096947870064,-19.3833483926344],[147.10976665832797,-19.383433227562197],[147.1098287547666,-19.383511886852073],[147.10986406561926,-19.383566866509984],[147.10990568407192,-19.383626623079138],[147.10992838131122,-19.383660083506626],[147.1099460471933,-19.383703108430336],[147.1099674978202,-19.38375211375363],[147.11000281829473,-19.38380709337692],[147.11004567636488,-19.383854883783815],[147.1100822483313,-19.383901494098676],[147.11011252557716,-19.383962450403114],[147.11012768234755,-19.384026994625135],[147.11014410958586,-19.38409728579561],[147.11016026897292,-19.384137446785743],[147.11021270628098,-19.384183324480666],[147.11025707278796,-19.38420816823022],[147.11031755701828,-19.384225347606673],[147.11036595574825,-19.38425591852885],[147.11040793935823,-19.384305869290998],[147.1104508096257,-19.38435725643453],[147.1104861136109,-19.38440147255149],[147.11052900328156,-19.38448154403611],[147.11057945447703,-19.384561619950638],[147.11062863185765,-19.384630933207678],[147.1106803386028,-19.384708613446026],[147.11072952414614,-19.384789873971883],[147.11078249597344,-19.384865167563753],[147.11081906532078,-19.38492133918181],[147.11085437923296,-19.384979897402662],[147.11089601054547,-19.385057583715568],[147.11093258968742,-19.385128097488124],[147.11096539682325,-19.38519742063096],[147.1109805475684,-19.38525240331849],[147.11099571676306,-19.38532054429221],[147.11100583698888,-19.3853862934626],[147.111031085122,-19.385459209009383],[147.11106389804044,-19.385536900661346],[147.1110954168181,-19.38557394335294],[147.11111685505819,-19.385603816586382],[147.11112821275844,-19.385626529402582],[147.11114209110926,-19.38565880213384],[147.11114463446955,-19.385701836168757],[147.11114721494286,-19.385785528961232],[147.1111712134185,-19.38586919962678],[147.11122798058668,-19.385979157812464],[147.11126835790554,-19.386074774784895],[147.11130244602091,-19.386178773165685],[147.11134031982917,-19.386289935794245],[147.11139330647734,-19.386399896236217],[147.11142234629122,-19.386488344502116],[147.11142741263077,-19.38653019309799],[147.11144634525314,-19.386586366343195],[147.11147282970043,-19.386628192775788],[147.111503092512,-19.386666438120532],[147.1115598227212,-19.386721395255805],[147.11159766180864,-19.386781153728972],[147.11162921002588,-19.386846889704437],[147.11164689707945,-19.38691980979207],[147.11168096059902,-19.38700108835478],[147.1117188144662,-19.3870823555449],[147.11175289166093,-19.387169616770827],[147.11180211412227,-19.387289140847397],[147.11185509324147,-19.387387144808553],[147.11189420520023,-19.387469613143978],[147.11194591671463,-19.387552073715746],[147.11196610101499,-19.387599886634856],[147.11197746550954,-19.38763216084141],[147.1119812700202,-19.38766682554653],[147.1119812863692,-19.387690738207777],[147.11198382806458,-19.387717035158893],[147.1119901328799,-19.387731382494607],[147.112006523029,-19.387745714582373],[147.11202795109534,-19.387760052602975],[147.11205189580627,-19.3877779678377],[147.11207839123887,-19.387835338308136],[147.11210867651175,-19.38790586473329],[147.1121364402398,-19.387965620257205],[147.11215790109023,-19.38802777454515],[147.11219069325801,-19.388087535996217],[147.11222600148628,-19.388122181258865],[147.1122739137074,-19.38817715263741],[147.11232687207718,-19.388244068184026],[147.11237354449295,-19.388324145892653],[147.1123962560203,-19.388376737923934],[147.1124239956399,-19.388414975627715],[147.1124618066985,-19.388432882234856],[147.11249709404512,-19.388450799432388],[147.11255257139103,-19.3885105377443],[147.11260931904044,-19.3885894162318],[147.11266984345554,-19.388662300638057],[147.11271650299176,-19.388723246319806],[147.11276316914592,-19.38879375343716],[147.11280352583424,-19.388857097884756],[147.1128426237987,-19.388918048222113],[147.11289559793335,-19.388993332115643],[147.11293218129626,-19.389067433249142],[147.11296751913048,-19.389158272207485],[147.11299782235514,-19.389253904049124],[147.11302559406627,-19.3893244228321],[147.11305967242282,-19.389411674748587],[147.11309249491686,-19.389514471575115],[147.11314295884029,-19.389608897928362],[147.11320854084838,-19.389709279466732],[147.1132602586985,-19.389798915241496],[147.11330944044502,-19.38987061356339],[147.1133624374559,-19.389978187527017],[147.11343810564654,-19.390092913903306],[147.11349864590764,-19.3901873248275],[147.11356044003907,-19.39027695422207],[147.11360205905902,-19.39033311304719],[147.11366007863464,-19.39041796403861],[147.11370927735325,-19.390513583935338],[147.11375974857822,-19.39061756251236],[147.1137799479114,-19.390685700059862],[147.11379890132406,-19.390756224228017],[147.11383297873556,-19.390841090139507],[147.11385696232932,-19.390913996995334],[147.1138809671139,-19.391003649926844],[147.11390118234237,-19.391094498149577],[147.1139201483351,-19.3911829613079],[147.1139428907043,-19.391278588665585],[147.1139731957272,-19.39137541323887],[147.11399844611725,-19.39144832831447],[147.11402243071197,-19.391522437101365],[147.11406155391785,-19.391618054168582],[147.11409185657502,-19.39171129091673],[147.1141398121401,-19.3918260343579],[147.11418902275327,-19.391924039942968],[147.1142344371537,-19.392013679371406],[147.11428112326513,-19.39211049359312],[147.11430763187005,-19.392184600749797],[147.11432658819177,-19.392258712650108],[147.11433293846233,-19.392337613198066],[147.11432542587522,-19.39240815393474],[147.1143091080085,-19.392484682888757],[147.1143003457852,-19.39256598781566],[147.11430543308037,-19.392636520629637],[147.11430674195887,-19.39271064362024],[147.11430300026,-19.392766839811323],[147.11430052688286,-19.39282542104803],[147.11429173960127,-19.392870857003132],[147.11426783610338,-19.392927065863514],[147.11424016034204,-19.39298207513148],[147.11420239306779,-19.39302873124454],[147.11416587789947,-19.39306820192204],[147.11412936140903,-19.393092137500325],[147.11408905314178,-19.393100531320346],[147.11405125498368,-19.393102949911842],[147.11401470646678,-19.393094604305684],[147.1139743931981,-19.39309582249928],[147.11392903899218,-19.393106614326992],[147.11389376628776,-19.39311141714667],[147.11386856141164,-19.39310425732745],[147.11384964630898,-19.39307557579143],[147.11384081400155,-19.393056449388826],[147.11384456750832,-19.393016999290026],[147.113853367389,-19.39298949332227],[147.11385460457362,-19.39296079916769],[147.11385835973402,-19.392923734910436],[147.11385328924882,-19.392877114731323],[147.1138683743401,-19.392835253618298],[147.11389607136792,-19.392796981444455],[147.1139187341017,-19.392777835315698],[147.113940139702,-19.392758699009065],[147.11395019003328,-19.392721630804665],[147.1139552184787,-19.392694127194506],[147.1139577152742,-19.39266902005129],[147.11395140177376,-19.392642716470107],[147.11392492569908,-19.39261524163711],[147.11390474814212,-19.392592534541645],[147.11389716716667,-19.392565038830558],[147.11390470739238,-19.392533954883024],[147.11389333302708,-19.392488531573242],[147.11388197317615,-19.392450274820835],[147.11387313508564,-19.392422788932823],[147.11387562772921,-19.392391699109478],[147.11389577448708,-19.39237016871508],[147.11391843965816,-19.39235461038659],[147.1139348029921,-19.392329494555508],[147.11392722286033,-19.39230320080333],[147.1139196460507,-19.392281678735504],[147.1138893899543,-19.39225539918563],[147.11384277174312,-19.392242279125355],[147.11378984429638,-19.392236329568753],[147.11375581146456,-19.39221602600553],[147.1137205206825,-19.39219453030081],[147.11368396862616,-19.392167052694404],[147.11364741619076,-19.392152733369016],[147.1136096294234,-19.392157537704385],[147.11358065623654,-19.39216831921053],[147.1135327896548,-19.39218149835214],[147.1134962637444,-19.39220543381103],[147.11347234721606,-19.3922293523575],[147.11346103015163,-19.392266421328216],[147.11344971060262,-19.39229991153445],[147.11344972964977,-19.39232740294594],[147.11343588920144,-19.392351324238234],[147.11340314705922,-19.39236569586953],[147.11337796218658,-19.392387229350884],[147.11335152514278,-19.392415939214086],[147.11331752542426,-19.39244346086453],[147.11328478034443,-19.39246739392459],[147.11325708282595,-19.392491314797795],[147.11324450194957,-19.392518823093177],[147.11323065484325,-19.392533182925504],[147.11321175270757,-19.39253677345951],[147.113195375625,-19.392528415128144],[147.11318779890706,-19.39250690206722],[147.11318778403293,-19.392485384299295],[147.11319280225115,-19.392456687793622],[147.11320034343055,-19.392426796795476],[147.11321921204754,-19.392388521180845],[147.11323179623048,-19.392365802646236],[147.1132305250443,-19.392345478582005],[147.1132141285338,-19.392322769054296],[147.1131750667953,-19.392315617764087],[147.11314608611417,-19.392315635798266],[147.11311585408913,-19.392324032170198],[147.11308941205357,-19.39234556639382],[147.11306801549293,-19.3923778608839],[147.1130541807623,-19.392410150670358],[147.11305294921885,-19.392447213344948],[147.1130466659675,-19.39247829647675],[147.113027791517,-19.392508194513127],[147.11300135192238,-19.39253332556187],[147.11295726977704,-19.392565625096882],[147.11292578880244,-19.392585969504673],[147.11289303786685,-19.392601533971323],[147.11284139265086,-19.392618303079335],[147.11280108113908,-19.392621915891986],[147.1127582408934,-19.392618354658946],[147.11271289626146,-19.392629146177725],[147.1126738517466,-19.39264710034919],[147.11264109419716,-19.392653103326428],[147.11261211016785,-19.392648340553716],[147.1125818599596,-19.392630420272344],[147.1125528723089,-19.39260652555858],[147.11250750253197,-19.39259459730545],[147.11244702762846,-19.39259583667016],[147.11240041303677,-19.39260183913495],[147.1123664016334,-19.392612623561906],[147.11233869411583,-19.392622202129232],[147.11230593327357,-19.392623415286717],[147.11226939365667,-19.39261387640123],[147.11226056730214,-19.392603127480236],[147.1122580353148,-19.39259117271422],[147.11226055008385,-19.39257801287363],[147.11226809881887,-19.392558885316532],[147.11228068806128,-19.39254333341209],[147.11230334439242,-19.392514626038952],[147.11232222225573,-19.39248950879933],[147.11233229476167,-19.392470370643245],[147.11233228492262,-19.39245602847659],[147.11232848841658,-19.392433311084957],[147.11233601530643,-19.392396244525646],[147.11235489282768,-19.392356776072422],[147.11237125476518,-19.39232927453834],[147.11237753845853,-19.392312533601512],[147.11237374113097,-19.39228862328922],[147.1123611330463,-19.392276674750523],[147.112329626628,-19.392259957161283],[147.1123094493353,-19.392237249886588],[147.11228800754319,-19.39220378901982],[147.1122728671794,-19.39216554353559],[147.11227031798492,-19.39212848319856],[147.1122854178579,-19.392093797808133],[147.1122954742633,-19.39206509821437],[147.11229671909632,-19.392047167469595],[147.11229419336036,-19.392030431974966],[147.1122652004299,-19.392012510862674],[147.11223999415782,-19.392002964973035],[147.11222486037698,-19.391974280928814],[147.1122198034927,-19.391946783586846],[147.11221346931256,-19.391903751937377],[147.11218824421914,-19.391866705589088],[147.1121605114314,-19.39183922223298],[147.11214789275124,-19.391811729552288],[147.11215669121964,-19.391781837819234],[147.1121793507431,-19.391757911182157],[147.11219697714606,-19.391741163253194],[147.11220955404642,-19.391707681383366],[147.1121969353683,-19.39168018870567],[147.11220321055885,-19.39163714927452],[147.11221704785189,-19.391608447350887],[147.11223214144175,-19.391578542691647],[147.11225984683907,-19.391552227086297],[147.1122850268115,-19.391523518155026],[147.11229929790562,-19.39148859830364],[147.1122932195483,-19.39144365059198],[147.11228209595524,-19.391388177555683],[147.1122619074704,-19.391348977231115],[147.11224072098054,-19.391312651377355],[147.11223766295316,-19.391269608666292],[147.11223864361475,-19.391227521414834],[147.11224668852097,-19.391195958242662],[147.11226984614905,-19.39116246983589],[147.11230510208392,-19.391133754680162],[147.11233633671858,-19.391115561403996],[147.1123655562703,-19.391103108044963],[147.11239377911556,-19.391095436022198],[147.11241896063834,-19.39108299418745],[147.1124320500706,-19.391060980300978],[147.1124350562651,-19.391028462282716],[147.11244006406667,-19.390984465671792],[147.1124440649846,-19.390944292455693],[147.11245916356478,-19.390907935149574],[147.11249240171674,-19.390881137109826],[147.11253069855678,-19.390870594013936],[147.11257101145176,-19.39086961111219],[147.11259620376103,-19.390859076113795],[147.11261736296407,-19.39084184697947],[147.11262540022528,-19.390813148614484],[147.11262638736105,-19.39078062280545],[147.11264752549522,-19.390732784387712],[147.1126767265304,-19.390693553506942],[147.1127029085628,-19.390654324492363],[147.11274520354038,-19.39059978535734],[147.1127885004428,-19.39054811041111],[147.1128328117307,-19.39048973819483],[147.1128609972399,-19.390441895378622],[147.11288314476474,-19.390394056305794],[147.11289821719444,-19.390333795351488],[147.11290221827497,-19.39028022886217],[147.11289411090885,-19.390220940248724],[147.11287695158103,-19.390182687022264],[147.11285071628225,-19.390144448463335],[147.11284162280126,-19.390105241312703],[147.11284460948548,-19.390058372083192],[147.11286774705584,-19.389996190219694],[147.112871746158,-19.38993974987261],[147.11286664197488,-19.38985750467929],[147.11284943458543,-19.389749438425117],[147.11283628138435,-19.389678666542554],[147.11281606823866,-19.389589725050556],[147.11279889451157,-19.389530442051825],[147.11275651422145,-19.389460646239034],[147.1127050731617,-19.389412852791942],[147.1126334829377,-19.389368903619985],[147.11254475299503,-19.38932878779985],[147.11246107714,-19.389298230262693],[147.11237639838743,-19.389277243795608],[147.1122897180581,-19.389267735881905],[147.1122332726665,-19.389268719638565],[147.11217582827058,-19.389285022198916],[147.1121224264249,-19.389308009842924],[147.1120891891855,-19.389335765770635],[147.11206905794015,-19.389379771699772],[147.11206203436979,-19.389428559313657],[147.11206105497575,-19.389472553439816],[147.11204699377853,-19.3895356875663],[147.11201277147418,-19.389613176286996],[147.1119815845481,-19.38968684939591],[147.11194132255818,-19.38977581917749],[147.11189401373133,-19.38986575123777],[147.11185274187838,-19.38994037944282],[147.11181851679441,-19.390014054390267],[147.1117812920083,-19.39010206431395],[147.11172288996974,-19.390194877002987],[147.1116735508124,-19.390268552168557],[147.11164234665526,-19.390317354608694],[147.11160911655648,-19.390369981059525],[147.1115708497454,-19.390424517461906],[147.11154166087056,-19.390481922146066],[147.11152254535946,-19.39053549787544],[147.1114973905561,-19.390587161400262],[147.11147927344877,-19.390624469394186],[147.1114510903487,-19.390690485981672],[147.11142896034391,-19.390750751140608],[147.1114108529728,-19.390802419371536],[147.11139475808486,-19.390844506842722],[147.11137764611402,-19.390889468792718],[147.11135952895242,-19.39092678581107],[147.11133133576283,-19.390964099958918],[147.11131019568646,-19.390995680145068],[147.11129357803173,-19.391025341656146],[147.1112765878925,-19.39105344898007],[147.11124574042645,-19.39108095928143],[147.11122874865274,-19.391106680757893],[147.11120797759784,-19.391134781350438],[147.11118531071565,-19.391147953500745],[147.11114185571742,-19.391164120658946],[147.11111729929084,-19.391185653446467],[147.111088346987,-19.391213171600256],[147.11107386941455,-19.391238882488906],[147.11106822027037,-19.391264587984622],[147.11106949239894,-19.391286710487204],[147.11108147945126,-19.391310010329764],[147.11110291317837,-19.3913321205157],[147.11112245594543,-19.391346450750145],[147.11114640027486,-19.391363173173474],[147.1111640563673,-19.391390066385764],[147.11117415572963,-19.391410385070966],[147.11117730868244,-19.391425321779213],[147.11117984179353,-19.39143907498171],[147.11117640071032,-19.391448629498022],[147.11114995228016,-19.391474944171026],[147.11113484226658,-19.39148092705252],[147.11111216397404,-19.391477362144563],[147.11106553748868,-19.391465434296194],[147.11103779462422,-19.3914367578508],[147.1110113176025,-19.391406878669088],[147.11098988104797,-19.391380593247526],[147.11096340566692,-19.391353108938723],[147.1109316017764,-19.391374790719624],[147.11090548088737,-19.391392601070255],[147.11086266204921,-19.39142012764388],[147.1107933937157,-19.391458424695344],[147.1107329418453,-19.39149312854915],[147.1106737414245,-19.391519472130508],[147.1106309176662,-19.391539823046436],[147.1105906233234,-19.391568540942036],[147.1105528488676,-19.391605625824763],[147.11052893442206,-19.391633140826247],[147.11050879698848,-19.391669013019953],[147.11048740000493,-19.391701307210905],[147.11042319449345,-19.391776671996578],[147.11039551924412,-19.391834075571932],[147.11037287409545,-19.391893861933646],[147.11034522458758,-19.391989520320518],[147.1103238235054,-19.392015840847293],[147.11030242241029,-19.39204215233422],[147.11028858635768,-19.392073248992666],[147.11028105110753,-19.392112710356564],[147.11028611088557,-19.392144979438957],[147.11029872767276,-19.39217008640656],[147.1102974946974,-19.39220594710792],[147.11027862071933,-19.392251388994612],[147.1102509372957,-19.392296845257658],[147.11023836397118,-19.39233630063602],[147.1102245592662,-19.392414020630763],[147.1102107505276,-19.392485766979977],[147.11019565419866,-19.392526425842867],[147.1101692310495,-19.392576653015862],[147.110137765808,-19.392620909592488],[147.11010126261016,-19.392679511387186],[147.11006981099325,-19.392744092800108],[147.110049686182,-19.392799096866728],[147.1100283050296,-19.39285530365008],[147.1100220475873,-19.39291150128082],[147.11004222866237,-19.39294018245243],[147.11005736215205,-19.39296886667671],[147.11007124252632,-19.393003525304138],[147.11006497384273,-19.39304298588879],[147.11004863073086,-19.39309918058635],[147.11003480337823,-19.393143426468043],[147.11002980467498,-19.39320201821635],[147.11002732827356,-19.393272555729634],[147.11002358268289,-19.393325164035666],[147.1100349560354,-19.3933705875884],[147.11003119839003,-19.393405256889555],[147.11001359488498,-19.39345668065787],[147.10999852170838,-19.393532006513535],[147.10997715650575,-19.39361212593423],[147.10997593790987,-19.393669513432958],[147.1099671614253,-19.3937328791477],[147.1099571117386,-19.39377234201225],[147.1099483183827,-19.393810602157526],[147.1099445735563,-19.393864403380153],[147.10994210112693,-19.39394092356763],[147.10993710717975,-19.39400668187259],[147.10992707271714,-19.394068855422162],[147.10992207956724,-19.394135815684244],[147.1099121265247,-19.394219985934058],[147.1098995770497,-19.394295310250182],[147.1098983616318,-19.39435747846587],[147.1098858041218,-19.394420855494676],[147.10986568456093,-19.394469885883726],[147.10985815631767,-19.39452010158491],[147.10986700749538,-19.39456792154622],[147.10987965889964,-19.394644423550925],[147.10987719284694,-19.394730505174053],[147.10986338938176,-19.394810620002076],[147.10983950813892,-19.39490268820615],[147.10983326178544,-19.3949756228617],[147.10983583053232,-19.395042578547027],[147.10984216030465,-19.395093978794254],[147.10983968219753,-19.395162130448895],[147.10983342620713,-19.395220713901608],[147.10982591797514,-19.395300824919943],[147.10982849473956,-19.39537972788709],[147.1098424001385,-19.395451448406927],[147.10985882457635,-19.39551600083724],[147.10986767099422,-19.39555664519292],[147.10985383616642,-19.395590127649996],[147.10983369570164,-19.39562242099371],[147.10982490703347,-19.39566785672593],[147.1098249318957,-19.395704918609784],[147.10983378232933,-19.39575154564532],[147.10985903236536,-19.395825654187412],[147.1098867943337,-19.395896173405784],[147.10990575391315,-19.3959774613444],[147.10991840545407,-19.396053972371227],[147.10993104346574,-19.3961245007234],[147.10993486621774,-19.39618666588057],[147.10994246355983,-19.39623926730968],[147.10995257201958,-19.396287086497036],[147.10995766066273,-19.39634804892842],[147.10997155416428,-19.39640184850602],[147.1099904818254,-19.396449653318502],[147.11001571034782,-19.39649148067247],[147.11003212451288,-19.396540488959516],[147.1100560944161,-19.396594282430918],[147.11006244670693,-19.396664814574123],[147.11005825239943,-19.396701725373937],[147.11004819789068,-19.396734247601508],[147.11003309631224,-19.396767730834913],[147.110028084482,-19.39680694663537],[147.11002810762423,-19.396841378666288],[147.11003519318575,-19.396883461000858],[147.11005134751494,-19.39692840266421],[147.11006448274748,-19.39697334615357],[147.110073586767,-19.397014469312147],[147.11007058193223,-19.397049861127346],[147.11006255099502,-19.39708907875531],[147.1100605557007,-19.39712446995891],[147.1100635915306,-19.397149338720663],[147.11008276423306,-19.397178969397167],[147.11010597512703,-19.39720860666326],[147.1101221250094,-19.39724686073273],[147.11013021243085,-19.397277456069734],[147.1101352712256,-19.39730806227824],[147.11014033194982,-19.39734153330358],[147.1101464099444,-19.397386481059932],[147.11015450832366,-19.397433343495422],[147.11016864558212,-19.397481160222867],[147.11018480824217,-19.397524185962286],[147.1102060034665,-19.39757295636041],[147.11022619739026,-19.397619811459222],[147.1102443702953,-19.397663793925584],[147.1102635463174,-19.397698214337968],[147.11029784343592,-19.397742187018572],[147.11033314496785,-19.397778513543038],[147.1103795350771,-19.397818656098394],[147.1104128315874,-19.397861680449473],[147.1104310097336,-19.397913317469463],[147.11045321527166,-19.397963036136986],[147.11047744960817,-19.398027104770584],[147.1104926086674,-19.398078743617916],[147.11051179964105,-19.398135160734345],[147.11052897411398,-19.398195410881293],[147.11054614471806,-19.39824991331806],[147.1105545822867,-19.398305198269814],[147.11056132659846,-19.39834937743285],[147.11057352420332,-19.39840172298023],[147.11058459067894,-19.398443269664437],[147.11060377526704,-19.398490125329836],[147.11063302923026,-19.398526446433976],[147.11065119459394,-19.398558960550314],[147.11065927459904,-19.398592429718295],[147.11066030096575,-19.398617299688706],[147.11067241271888,-19.39864119592199],[147.11069259656276,-19.398672750853212],[147.11072286919193,-19.39872246457078],[147.11075112338528,-19.39877314650156],[147.11077232845972,-19.398821907782285],[147.11079655074815,-19.398867802403636],[147.1108288412644,-19.398915608006337],[147.1108560807785,-19.39895862692475],[147.1108994625807,-19.399014080326552],[147.11092569755976,-19.39905040322244],[147.11093781068857,-19.39907622437633],[147.110944876683,-19.39910299752392],[147.11094389480044,-19.399129775582715],[147.1109429079385,-19.39916325930593],[147.11094998151367,-19.399187158593502],[147.11096712902682,-19.39920723799988],[147.11097016178746,-19.399227316983783],[147.1109691690915,-19.39925218818296],[147.11097826568619,-19.399281833944023],[147.11099542877258,-19.399324858990436],[147.11102571069983,-19.399387965895432],[147.1110539663965,-19.399440554639554],[147.11107619159623,-19.39950462440832],[147.11109335668255,-19.39955052329778],[147.11110548091116,-19.399592602497187],[147.11112364843288,-19.39962798137775],[147.11113678093403,-19.39966814405516],[147.11113378342608,-19.39971405526511],[147.11113381135158,-19.399755183904684],[147.1111419062313,-19.39979629857501],[147.11115000242233,-19.399839338184364],[147.11116615410623,-19.399879499012574],[147.1111873466774,-19.399923479524976],[147.11120551490478,-19.399959816346943],[147.11122066072429,-19.399991365258398],[147.1112378213578,-19.400030576547884],[147.1112640637268,-19.400077418777645],[147.11129737026712,-19.400148178354755],[147.11131150591368,-19.400178778962054],[147.1113437961889,-19.400225626513233],[147.1113670001705,-19.400258128427048],[147.11140633186662,-19.400295410212145],[147.11143256260547,-19.400325036407743],[147.11143761523093,-19.400346081131662],[147.11143965584583,-19.40037763805648],[147.1114396805941,-19.40041398597444],[147.11144171494743,-19.400450332660274],[147.1114437698899,-19.400502928359447],[147.11145388101485,-19.4005536212907],[147.1114710584463,-19.400603342899306],[147.11149629036203,-19.4006626300433],[147.11152152073615,-19.400705650084014],[147.11153566429473,-19.400747728009677],[147.1115538287742,-19.400778317086417],[147.11158206532062,-19.400802212393373],[147.11161534448968,-19.40081845002539],[147.11163954578626,-19.40083278636103],[147.11165871529926,-19.400856687224096],[147.1116809092124,-19.400888231763894],[147.11168798428474,-19.40091405595667],[147.11169808767224,-19.40095326249648],[147.11171424781827,-19.40099150736197],[147.11173039127254,-19.401019241882295],[147.11175561653678,-19.401054607317416],[147.11178284816572,-19.401085199832547],[147.11181209894218,-19.40111579110149],[147.1118474058335,-19.401144462736543],[147.11187666251374,-19.40118365747922],[147.11191297732412,-19.40122380582308],[147.11194323771926,-19.401254396448667],[147.11197148029086,-19.40128689517749],[147.11200173939747,-19.401315569891047],[147.11204108952393,-19.401365277777455],[147.11207538593015,-19.401406385283163],[147.1121167404806,-19.401448446380268],[147.1121560795325,-19.401481896186286],[147.11218767956467,-19.40150756062738],[147.11221087864823,-19.401532407856823],[147.1122361008233,-19.401563001542172],[147.11226737025606,-19.401592633537717],[147.1123067057592,-19.401634695837316],[147.1123510845398,-19.401670049351686],[147.11240453176376,-19.40170732218743],[147.11245797572076,-19.401739805252603],[147.11252453988268,-19.401779934753687],[147.11257697826787,-19.401818166113795],[147.11264151513242,-19.401860203692337],[147.1126919366982,-19.401887907841417],[147.11274336097006,-19.40191944315961],[147.11278874686118,-19.40195097317269],[147.11286236642013,-19.402001626597322],[147.11293900653322,-19.40205417594294],[147.11300859542578,-19.402101957957864],[147.11309631992972,-19.402151635527996],[147.1131780041022,-19.40219845199987],[147.11325967284284,-19.40223666495748],[147.11332421758758,-19.40227583746881],[147.1133620050269,-19.40229612066521],[147.11339001186255,-19.40231762998746],[147.11340974920532,-19.402335674151114],[147.11342084384327,-19.402347713917262],[147.1134314887923,-19.40235679877414],[147.11347549343614,-19.402387642642083],[147.11359548172373,-19.402444005482263],[147.11368319329796,-19.402474550861264],[147.11374973789876,-19.402499379812454],[147.11381427554795,-19.402528032763364],[147.11388787617102,-19.40256433458525],[147.11397358689297,-19.402607316367835],[147.11403308539866,-19.40264840769093],[147.11409159588254,-19.402706715623875],[147.11413396485372,-19.402754505248076],[147.1141682600779,-19.402792747533503],[147.11420860945046,-19.402826196252484],[147.1142580198185,-19.402864419985292],[147.1143094602314,-19.40290455833006],[147.11435283288552,-19.402943743784657],[147.11439001582374,-19.402970859324792],[147.11446849843426,-19.403028205649143],[147.1145474751448,-19.403083807433557],[147.11458368491074,-19.40310842022155],[147.11462781142845,-19.403135892825812],[147.11467822570458,-19.403165747292736],[147.114722355605,-19.403198000589878],[147.11477276824414,-19.403225469190744],[147.1148269665589,-19.40324575978991],[147.11487611529668,-19.403263658686512],[147.11494416990175,-19.40328155465211],[147.11502986951018,-19.403307798905004],[147.1151256509677,-19.403341212327703],[147.11518110574025,-19.403360309104574],[147.1152302520244,-19.403374620108504],[147.11526302930903,-19.403393731235592],[147.1152907662644,-19.403423599910298],[147.11530969403674,-19.403454676126916],[147.11532861818964,-19.40349412085968],[147.11534504055544,-19.403551497129843],[147.11536146798505,-19.403616039953274],[147.1153766320621,-19.403685373331896],[147.11539178881458,-19.403730794086396],[147.11542710086647,-19.40377859691824],[147.11547375817034,-19.40382877837565],[147.11551914369954,-19.403871794070856],[147.11557335582594,-19.403911207307132],[147.11563513265838,-19.403967361782467],[147.11567421418826,-19.4039984251355],[147.11570322736415,-19.40404144216532],[147.11571713102404,-19.40410599559613],[147.1157121340365,-19.40416457838424],[147.11570335332337,-19.40421958482034],[147.1156844904717,-19.40428057131086],[147.11566438243676,-19.404345137351726],[147.1156278870876,-19.40441570552822],[147.11557881222902,-19.40450300968957],[147.11553602030926,-19.4045723798934],[147.11549196015667,-19.40462620678303],[147.11544033166672,-19.404671669954233],[147.11539499627355,-19.40471354131786],[147.1153660471179,-19.404761384944297],[147.1153509621631,-19.40480443001263],[147.1153459658718,-19.404864214743718],[147.11535355331642,-19.40491322809606],[147.11538006813598,-19.404978966462163],[147.11545701967356,-19.405118796500297],[147.1155390134046,-19.405250254783482],[147.1156096866544,-19.405400852134026],[147.11571563851928,-19.405564576226464],[147.11580647352685,-19.40572592404657],[147.11587965492245,-19.405866949213245],[147.11597050042622,-19.40604263908776],[147.11607773594426,-19.406229072797775],[147.11618622640546,-19.40641192687791],[147.11630353769144,-19.406595968163515],[147.1164019338033,-19.40675372302702],[147.11650034457136,-19.406931793608397],[147.11658361604486,-19.40708955806106],[147.11668580677457,-19.407265240269343],[147.1167779043427,-19.407431358432977],[147.11685361478652,-19.407577171301536],[147.1168952614478,-19.407677566658492],[147.11693062435606,-19.40779471210841],[147.1169584377042,-19.40791664312431],[147.11697867570814,-19.408020640031086],[147.11699262980554,-19.408154536266476],[147.11700531812176,-19.408276477006748],[147.11702052523918,-19.40840438975721],[147.11705337644693,-19.408525115548613],[147.11709629026254,-19.4086255190684],[147.11714926839028,-19.408707977110648],[147.11723629956714,-19.4088334576798],[147.11731325718023,-19.408963716386197],[147.11738264716598,-19.409086813392566],[147.11743439150095,-19.409201553264598],[147.1174583854488,-19.409282837019482],[147.11747232811595,-19.409386846959876],[147.1174799687891,-19.40950879091154],[147.11748258899868,-19.409642685374912],[147.11748142446652,-19.409771810606042],[147.1174777367331,-19.409902130385923],[147.11746774360347,-19.410032445202962],[147.11745649413683,-19.410150813562694],[147.11744649162603,-19.4102548389716],[147.1174314220898,-19.41033256016966],[147.11740627618684,-19.4104114807961],[147.1173647734697,-19.410513131672865],[147.1173421360468,-19.410583682159903],[147.1173295887822,-19.41065900684257],[147.1173120097555,-19.41074390523774],[147.11729355790823,-19.410820372424357],[147.1172890089728,-19.41087897299626],[147.1172829963893,-19.410928717991446],[147.1172749707053,-19.41098705872575],[147.11726795259816,-19.41104254303292],[147.11726092008462,-19.411077937506057],[147.11724685360002,-19.411133417323228],[147.11722974115025,-19.411178379726508],[147.11721062300055,-19.411215697894747],[147.1171894760488,-19.411253008332103],[147.1171632959387,-19.411297976576783],[147.11712905233642,-19.411335304488738],[147.11709278465474,-19.411365928047214],[147.11705046596364,-19.41139274177036],[147.11700310451178,-19.411413811029846],[147.11695674721312,-19.411427234103662],[147.1169134058551,-19.41143586547411],[147.116857966593,-19.411442597752284],[147.1168025239124,-19.41144454930204],[147.11675816608414,-19.41144361986155],[147.11669868347556,-19.411430264847056],[147.11663682282045,-19.411407973483477],[147.11658492722555,-19.4113752195881],[147.11654760005771,-19.411336030837344],[147.11652035764908,-19.41129396176108],[147.1164910960058,-19.411265287203612],[147.11645882180784,-19.41123279180858],[147.1164325952026,-19.411212718773577],[147.1164114188025,-19.411195516349885],[147.11639829631844,-19.411172570100327],[147.1163871788109,-19.41112954175959],[147.11636999195636,-19.411070250225606],[147.11633062184433,-19.410984195472665],[147.11630269572237,-19.41091808767021],[147.11626582475216,-19.410850458288596],[147.1162105162736,-19.41077289969836],[147.11608946179732,-19.41064672646222],[147.1159835450285,-19.4105511436672],[147.115880668107,-19.41047086800085],[147.11576468452938,-19.41038965171276],[147.11566988679016,-19.410325628821248],[147.1155962673407,-19.41028167321593],[147.11553274276667,-19.410249197529104],[147.11546014449456,-19.410221508300197],[147.11534619799338,-19.41017853616309],[147.11522016531657,-19.41013653860592],[147.11512841151568,-19.410106945488373],[147.11503161982688,-19.410078313463973],[147.11492777033058,-19.410049685851877],[147.11485618925764,-19.410032515116605],[147.1147967093313,-19.410022033323873],[147.11468783405442,-19.41001157365768],[147.11455980653957,-19.410004008890397],[147.11441363906684,-19.410003143033975],[147.1142533681113,-19.410006108692794],[147.1140840220669,-19.41001195375948],[147.11394189355272,-19.410025436169462],[147.11385521944516,-19.410040790593563],[147.11378466586675,-19.41006284053539],[147.1137171464496,-19.410092525042558],[147.11359523178143,-19.410164339132812],[147.11352872855443,-19.410203593401516],[147.11345619033995,-19.410261983310452],[147.1133775982986,-19.410326115632884],[147.11330002401917,-19.410388331385743],[147.11323757171513,-19.410445756967313],[147.1131831905677,-19.410522309395812],[147.1131328529039,-19.41061989804932],[147.1131097165308,-19.410687818482295],[147.11309569469162,-19.41082363926727],[147.11307659057675,-19.410896346936624],[147.11304945357358,-19.411005398453508],[147.1130354118305,-19.41111252591842],[147.11300729222458,-19.411260790739902],[147.1129800506806,-19.41138412118935],[147.1132710778719,-19.41140568365867],[147.11332744215912,-19.411235386402858],[147.11336012137792,-19.411111031296976],[147.11339153788919,-19.410992650605404],[147.11342297922675,-19.410910138805672],[147.11346073506942,-19.410840772281066],[147.11350604775998,-19.41076303251809],[147.11355764759668,-19.410686481733542],[147.11359792822753,-19.410618306520615],[147.11363570054084,-19.410572852557888],[147.11367724713938,-19.410530984021214],[147.11373140867568,-19.410495081213433],[147.11378178765008,-19.41047114610054],[147.1138359607909,-19.410451980274054],[147.11390777546885,-19.410435198249026],[147.1139795839383,-19.410423196914156],[147.11404384341654,-19.41041717392301],[147.11410558383673,-19.410418337118863],[147.11419379943914,-19.41042784312969],[147.1142731889315,-19.41044214440035],[147.11437779218699,-19.410458815605296],[147.11450003168287,-19.4104838441471],[147.11461093505116,-19.4105064848812],[147.1147268692132,-19.410531517246955],[147.11483273656017,-19.410557757857326],[147.11493104798106,-19.410593564614015],[147.11503817575024,-19.410637725207827],[147.1151188473561,-19.410673543029276],[147.11520960801317,-19.410726091436487],[147.11531171696925,-19.410784606229782],[147.11539869556336,-19.410835964022258],[147.11548190383368,-19.410902859230553],[147.11555628713967,-19.410962593460052],[147.11564076571807,-19.411034268500277],[147.11572650757276,-19.41111432024181],[147.11582486523125,-19.4112146796752],[147.11588918594148,-19.41129474499139],[147.11594594993278,-19.411383183614642],[147.11601532127045,-19.411479973640688],[147.11608217200686,-19.41158155500022],[147.1161414602867,-19.41166999194594],[147.1162057940698,-19.411767987071496],[147.11628273951217,-19.411880316242527],[147.11635211381952,-19.411980702962627],[147.11640130874375,-19.41205957581757],[147.11646816522284,-19.412155174353106],[147.11652617518772,-19.41222687497002],[147.11657787902772,-19.412284228436814],[147.11664344331268,-19.41234395882859],[147.1167064836991,-19.41239055063396],[147.1167720361245,-19.412433543971108],[147.1168300215528,-19.412470568518028],[147.11690943973116,-19.412509974131506],[147.1169951581773,-19.412555349285107],[147.11709851421628,-19.41259712523708],[147.11716909522593,-19.412625773049083],[147.1172459886062,-19.41266398722333],[147.1173090034604,-19.412687850112704],[147.11738336335858,-19.412712907606846],[147.11745520613383,-19.41273438794092],[147.1175169620432,-19.412755865733754],[147.1175837756239,-19.412790489452057],[147.11765813389397,-19.412813160996325],[147.11777660980107,-19.41284655826097],[147.11788247822003,-19.412884753378567],[147.11799843356988,-19.412922932845987],[147.11811059894606,-19.412949158402395],[147.11821267835634,-19.41296344318887],[147.11830846092832,-19.412989679281416],[147.1183790483739,-19.413026695122632],[147.11843073753408,-19.413062530337125],[147.11849125372726,-19.413107921205217],[147.11853666341793,-19.41316647112825],[147.11856442604315,-19.413228629387532],[147.11857960017934,-19.413295567533897],[147.1185909903401,-19.413372078610614],[147.11859861209223,-19.41345336382103],[147.1186087354436,-19.413516726503843],[147.11863523652255,-19.413572902904768],[147.11866047424706,-19.413620702583405],[147.11868446337448,-19.413680468410465],[147.11869458069373,-19.41373545354766],[147.11871353029582,-19.413807178961477],[147.11873877416193,-19.413863356166598],[147.11877283382836,-19.4139135449365],[147.11883968984566,-19.414005554776963],[147.11888888310503,-19.41407964622153],[147.1189393536696,-19.414168087988934],[147.11898604634393,-19.414261312927444],[147.11903271996974,-19.41434137961103],[147.11905797186438,-19.414408320141924],[147.1190819760466,-19.414488401666027],[147.119099665993,-19.414556540065],[147.11910348660328,-19.41461033638246],[147.11910604648332,-19.414672502030843],[147.1191035815103,-19.414740653640635],[147.1190872498326,-19.414811200177397],[147.1190746969663,-19.414878156442427],[147.119058359177,-19.414940343512388],[147.11902819463458,-19.415046767999677],[147.11899298608202,-19.41514602019899],[147.11894769306545,-19.4152488667866],[147.11889359017974,-19.4153529120465],[147.11884200184932,-19.41545696468171],[147.11879166988987,-19.415559814524098],[147.11874133871098,-19.41565070805447],[147.11870736807705,-19.415723660953983],[147.11864947042943,-19.41582292790568],[147.1186180325408,-19.415907835429607],[147.11857272780892,-19.415995137835978],[147.11851735153135,-19.416077666090462],[147.1184657402136,-19.416150630450392],[147.1184330171452,-19.41621043326759],[147.11839399275829,-19.416263064600464],[147.11834992869024,-19.4163144972525],[147.1183008162882,-19.41636594221865],[147.11827942110372,-19.416403017956558],[147.1182920479159,-19.41643767666647],[147.11832107438707,-19.416495044367373],[147.11834507247144,-19.416566766508755],[147.1183653159119,-19.416688693074253],[147.1183779808538,-19.416775966681488],[147.11838939800353,-19.416876381276424],[147.11839197842718,-19.416967240207853],[147.11840338435073,-19.41705211975713],[147.11841857870047,-19.41714655825618],[147.11843754503522,-19.417240994293575],[147.11846155454302,-19.417328260492212],[147.11849942321035,-19.417428657821638],[147.11854233854356,-19.41752666601203],[147.1185928177959,-19.417625862171096],[147.11863697668898,-19.417704746684],[147.11870131348476,-19.417801538885644],[147.1187631174993,-19.41788638546262],[147.11882491894045,-19.41795449501556],[147.1188955321242,-19.418023791697415],[147.118985059017,-19.418101444464316],[147.11906323100305,-19.418164753462452],[147.11915654049446,-19.418256745792863],[147.11924984305278,-19.418326027447893],[147.11932549280877,-19.418391732859963],[147.11939358387718,-19.4184502766624],[147.11945789958034,-19.418517182385543],[147.1194969774577,-19.41853748147522],[147.11954361139925,-19.418548214164485],[147.11958143021053,-19.418566119191038],[147.11964068190846,-19.41861151047026],[147.1197087705543,-19.418666466362335],[147.1197882117037,-19.418732169078897],[147.11983991787153,-19.418788319604637],[147.1199143265313,-19.418875552332914],[147.11995973495777,-19.418942470354743],[147.12000516698893,-19.419028520223332],[147.12002410901525,-19.419088289166442],[147.12003549838425,-19.419149256016503],[147.12003554226675,-19.419209028408254],[147.12003180725102,-19.419272400125347],[147.12001798218222,-19.419319032471577],[147.11999912098455,-19.41938240514426],[147.11996640385632,-19.41943742750384],[147.1199261114543,-19.419488858030803],[147.11987322658322,-19.419540305897048],[147.11983670855238,-19.419569023285717],[147.11977120412791,-19.419596566865437],[147.119693089047,-19.419625311650147],[147.11961625907736,-19.419666011846076],[147.1195583186367,-19.419707892494507],[147.11947644803632,-19.41975935028506],[147.11941850395579,-19.41978330097327],[147.11934291817028,-19.41981921952658],[147.11928623749677,-19.41985153784244],[147.11921948424134,-19.41989103833441],[147.11915901934933,-19.419919771303412],[147.11909855704292,-19.419952083004357],[147.11904060244424,-19.419974840661055],[147.11897762193425,-19.42000238230053],[147.1188780996573,-19.42003950925656],[147.11881007934983,-19.42007900139011],[147.11872189127232,-19.420114927928246],[147.1186223801462,-19.420167598818782],[147.11849138510632,-19.420243000823483],[147.1183943919812,-19.42030045065515],[147.11830622619854,-19.420354315931657],[147.11820168538648,-19.42042013907621],[147.1181135133974,-19.420478775934605],[147.11802660649565,-19.420535026092267],[147.11794977132578,-19.420582892130973],[147.1178729499497,-19.420636740792027],[147.11780115361427,-19.420684612534764],[147.11772685028242,-19.420743240209323],[147.11765002009687,-19.42079829073663],[147.11757067945513,-19.420859316482957],[147.1175077103105,-19.420916743812246],[147.11742711126942,-19.420989726599856],[147.1173502860111,-19.421051943540913],[147.11728354636992,-19.42111175906381],[147.11721553895308,-19.42117039149966],[147.11716769246956,-19.421223019203836],[147.11710725584032,-19.421292401049303],[147.11705689704357,-19.421361776379293],[147.11700905730305,-19.42142397449082],[147.11695618542734,-19.421495746284133],[147.11690205272447,-19.421562729127643],[147.11684792412663,-19.42164884382266],[147.11679882601382,-19.421709849769435],[147.11674468023634,-19.42177205186523],[147.11668801714765,-19.421830676808785],[147.116621271689,-19.4218964747527],[147.1165696594015,-19.42197182437559],[147.11652056790322,-19.422042391657985],[147.11648154066717,-19.422093829639543],[147.11644251510603,-19.4221476534469],[147.11638333774306,-19.422220622030352],[147.1163543944778,-19.4222672637762],[147.11633300319255,-19.42231151484456],[147.11632169239402,-19.422359347244278],[147.11630408779868,-19.42241076242681],[147.11628270583472,-19.42246816268894],[147.11625503669845,-19.42255187442254],[147.11622610183923,-19.42261047242968],[147.1161858185275,-19.422677446190658],[147.11615562098234,-19.422742027656536],[147.11611533355156,-19.422789878572555],[147.1160889005985,-19.422830545043507],[147.11605743713238,-19.422883171013407],[147.11602598024024,-19.422958507594576],[147.11599704268167,-19.423013517774937],[147.11596557386972,-19.423072126394135],[147.11594546028707,-19.42313191163858],[147.11592281036434,-19.423188119746705],[147.1158913459307,-19.423239552769356],[147.11585483484717,-19.42328022563592],[147.11582589612092,-19.42334719207586],[147.1157893941003,-19.423414163333323],[147.1157730586689,-19.42346917447765],[147.11576175694032,-19.42353015603663],[147.11574417659818,-19.423616247088347],[147.11572909320105,-19.423677222017375],[147.1157152766972,-19.42373820517478],[147.11570397938175,-19.423792020183342],[147.11567882891646,-19.423868545597713],[147.11565366659195,-19.423928343058773],[147.11562850593694,-19.423990526349957],[147.11561091110084,-19.42405629261057],[147.11558574956655,-19.424117282978205],[147.11556185153503,-19.424173491830828],[147.11554425158053,-19.424232082507796],[147.1155228792511,-19.424303824786442],[147.115509053093,-19.424364807930676],[147.11548766975483,-19.424421015172722],[147.1154700697475,-19.424479605841178],[147.11545500414752,-19.424552546054496],[147.1154424482249,-19.42461830909156],[147.11543619462688,-19.424692436617537],[147.11542617648317,-19.42477732990402],[147.11541111337024,-19.424853857899375],[147.11539477995458,-19.42492559695609],[147.1153721467202,-19.424992568343985],[147.11535582087035,-19.425075070759508],[147.11533192574763,-19.425149209484477],[147.11530426182432,-19.425228131305577],[147.11527784514348,-19.42529271021026],[147.11525519469555,-19.425348918224493],[147.11522877628764,-19.42541110225056],[147.11521369195188,-19.42545773500735],[147.11519860819698,-19.425518718919104],[147.1151873097444,-19.425571331932463],[147.1151772785191,-19.42565143546244],[147.1151647342024,-19.42573394449418],[147.11514842696553,-19.42582959607511],[147.11513587924694,-19.425907315361943],[147.1151208029974,-19.425979053589572],[147.11510824684026,-19.426044825631706],[147.1150982149739,-19.426110587035247],[147.11507810128504,-19.42618472332262],[147.1150579895264,-19.426248096239252],[147.11503661588503,-19.426318645530525],[147.11502909286938,-19.426376036844076],[147.1150241101507,-19.426456146198056],[147.11501406197178,-19.426512346192556],[147.11499772933286,-19.426572128917954],[147.1149788594842,-19.426627141579463],[147.11493101153522,-19.426680970628606],[147.11490710870189,-19.426731196724614],[147.11488825645318,-19.426811314848614],[147.1148580736006,-19.42689860667784],[147.11482033148286,-19.426991885941842],[147.11480023044552,-19.427070802890036],[147.11476752401938,-19.427159298252015],[147.1147322935215,-19.427234636965206],[147.11471721865658,-19.427308770020776],[147.11469584724972,-19.42738290705208],[147.1146631317733,-19.427445094962035],[147.11463671448524,-19.427509673760845],[147.11461155541508,-19.42757544467828],[147.11457001534035,-19.427646006634465],[147.11451714542073,-19.42772495325801],[147.1144869236787,-19.42775725337484],[147.1144592413286,-19.42781106957875],[147.1144378730879,-19.427889987279784],[147.1144101954029,-19.42796412824824],[147.11440266958306,-19.428017931740253],[147.11440269971644,-19.42806097614334],[147.11438887482177,-19.428111195814854],[147.11435236395076,-19.428154254197953],[147.11432465022156,-19.428176991296723],[147.1143032417298,-19.42819852246768],[147.11427933430633,-19.42824277485522],[147.11426802083088,-19.428288212230857],[147.1142466348851,-19.42834202443716],[147.11422902399275,-19.428386272855427],[147.1142025871643,-19.428423351247215],[147.11414968591643,-19.428458060441386],[147.11410055603415,-19.428491565295875],[147.11406655397994,-19.428526253550583],[147.11404012793952,-19.428578875981003],[147.11399857353896,-19.428615963837434],[147.1139620345868,-19.428632723761986],[147.1139217425676,-19.428676986384534],[147.11386252340398,-19.4286949534354],[147.11380079856895,-19.428726080272863],[147.1137655389911,-19.428760769258997],[147.11370757387076,-19.42877396380585],[147.11364710721728,-19.428806282720004],[147.11358160468973,-19.428843385469424],[147.11353876324355,-19.42885178075843],[147.11348206251225,-19.428861377617388],[147.1134064749396,-19.428888925196993],[147.11334222973636,-19.428926027074766],[147.1132994048354,-19.42895833485905],[147.11323641284775,-19.428989453258133],[147.11317469357715,-19.429028948372224],[147.1131230468376,-19.429060059659523],[147.11305627384132,-19.429092382306035],[147.1129869926079,-19.42913427693597],[147.11293283758457,-19.429174960177075],[147.11287614248522,-19.429192925336476],[147.11281818621038,-19.42921925975471],[147.11272117137744,-19.429242039657787],[147.11266069775613,-19.429264787800715],[147.11259770223987,-19.42929113431279],[147.11253345093067,-19.42931986741519],[147.11243392891427,-19.42936775419736],[147.11232433173723,-19.429420418826094],[147.11221472989723,-19.42948026800465],[147.1121139560135,-19.42953652387786],[147.11202577825327,-19.42958320147644],[147.11193886717336,-19.42965737860012],[147.11185573095355,-19.429707640795364],[147.11177511034256,-19.429759103357853],[147.11169953922536,-19.429811755694725],[147.1116352981718,-19.429856032541085],[147.11157736567912,-19.429903884238264],[147.11150935419067,-19.429964900342004],[147.1114388318895,-19.430031900619998],[147.11137839120747,-19.430103666353062],[147.11128771568121,-19.4302041529036],[147.11122476816192,-19.430287876401277],[147.11118195306082,-19.430335727746208],[147.11112530452303,-19.430423035138613],[147.11106991985517,-19.430519912185627],[147.11100824170978,-19.430621564730433],[147.11096041645916,-19.430712463498956],[147.11092265500997,-19.430781829380404],[147.1108811206439,-19.43086434675405],[147.11084841113356,-19.430938490237775],[147.11081067391072,-19.431043724917068],[147.11078049621344,-19.431142972316582],[147.11074151605388,-19.431269725424894],[147.1107138490824,-19.431362988621704],[147.1106937544479,-19.43145506331698],[147.11067365268912,-19.43155071676353],[147.11065607368434,-19.431643982835926],[147.1106447808305,-19.431721701009145],[147.11064232101666,-19.431803001584893],[147.11063986462403,-19.43190342497278],[147.1106361605104,-19.43201820026825],[147.11062364094522,-19.432141349425034],[147.11060734581037,-19.432259720176305],[147.11058346611088,-19.43236135856423],[147.11056588534916,-19.432452229750883],[147.11054955958704,-19.43253952142112],[147.1105470705905,-19.43257777760134],[147.1105483587711,-19.432623207054874],[147.11055973119883,-19.432676998856877],[147.11060013823922,-19.43278577365125],[147.11065061925856,-19.432901708830983],[147.11068091965473,-19.432982989424747],[147.11072636534246,-19.43309055916074],[147.11076297067024,-19.4331837921691],[147.11080083571238,-19.43326626104033],[147.11083744010296,-19.433343949969565],[147.11091312838707,-19.43346107162819],[147.11099133064243,-19.433562647654075],[147.11106070204355,-19.433649877902354],[147.1111376535362,-19.43376101603295],[147.11122215505245,-19.433851824739037],[147.11130917808586,-19.433952202300688],[147.11139366456416,-19.434034642444704],[147.11149202692116,-19.434125442514603],[147.11157399295945,-19.434199515631875],[147.11162822649706,-19.43425686879112],[147.11169758872745,-19.434329756685262],[147.1117656984744,-19.434409820895265],[147.11183758964998,-19.43450302290208],[147.11188680122618,-19.434585484539802],[147.11193600414964,-19.434669148122016],[147.1119814317796,-19.43476237542317],[147.11202055986948,-19.43483766767051],[147.1120584205107,-19.43492611891811],[147.1121013399252,-19.43502890913827],[147.11212533476498,-19.435095842218413],[147.11214934883094,-19.43520462675765],[147.11216581027114,-19.435315801791905],[147.11217722743015,-19.43541980436963],[147.11219117677948,-19.435548919878972],[147.11220132944555,-19.435656511019445],[147.11220643452566,-19.435752149006102],[147.1122102952886,-19.43586691960392],[147.11221792566658,-19.435963757980048],[147.1122154628062,-19.436053427024607],[147.1122054579251,-19.43616103062012],[147.1121891400665,-19.43625907671362],[147.11216651792887,-19.436346372382413],[147.11213508016135,-19.436442032943457],[147.11208350636167,-19.4365831361505],[147.11204577274967,-19.436694344638173],[147.11200676685826,-19.436784036228943],[147.11196271248986,-19.436860581738085],[147.11193630573547,-19.436944282885676],[147.11190105659094,-19.437011261546278],[147.11184943463275,-19.437068679851446],[147.11178645970747,-19.437129692919537],[147.1117310380118,-19.43717515726023],[147.11167560892622,-19.437209858233704],[147.11162773801607,-19.43723619509326],[147.11157104324386,-19.437258940542588],[147.11149796234304,-19.437280512162854],[147.11142613399855,-19.4372948983777],[147.11135556775884,-19.437302117257197],[147.11128877776227,-19.437300956270803],[147.1112106345782,-19.437289056936546],[147.11106064351318,-19.43726284137126],[147.11091190591586,-19.437230651298904],[147.110799724174,-19.43720322852935],[147.11068502912792,-19.437178184017572],[147.11055267939994,-19.437149571440038],[147.1104531019154,-19.43712333369344],[147.1103661318328,-19.43710306184296],[147.11027285372518,-19.437080398914254],[147.11016445978777,-19.437061341935472],[147.11005102563882,-19.437041085994796],[147.10994389405147,-19.4370291946516],[147.10984432316639,-19.437012517968252],[147.10975735964178,-19.437001807223602],[147.1096918136077,-19.436980329175924],[147.10964263932175,-19.436952858560524],[147.10959976666723,-19.436918217593195],[147.1095480742612,-19.436885967771175],[147.10949009059053,-19.436862090216138],[147.10939555526625,-19.43683942759326],[147.1092985026265,-19.436813187688873],[147.10916111161544,-19.436780989343585],[147.10906531891598,-19.436758336341583],[147.10897708618296,-19.436744038199294],[147.10887877144407,-19.436724965360963],[147.10878550726562,-19.43670828431148],[147.10871114329782,-19.436691591894377],[147.10862039807816,-19.436680891905848],[147.10853594975185,-19.436670179069203],[147.10845907564354,-19.43667500572503],[147.10836329975706,-19.436677457802418],[147.1082448433143,-19.43668230918941],[147.108140239699,-19.43668954711525],[147.1080293518734,-19.436701569422908],[147.10794240047755,-19.436708787689962],[147.1078226864725,-19.436727990691356],[147.10770423463728,-19.4367543593986],[147.1076059610698,-19.43678311093589],[147.10748247918247,-19.436823833622586],[147.1073791620874,-19.436860956510913],[147.10727081180767,-19.436907652755597],[147.1071448273366,-19.436967499497907],[147.10707226575434,-19.437011779623614],[147.10699971274644,-19.437069208903573],[147.10694328839526,-19.437127586599267],[147.10688081352683,-19.437184051944957],[147.10681834876803,-19.43724147521073],[147.10673975821797,-19.437317081834458],[147.1066893872927,-19.437382152486915],[147.1066390169469,-19.437448172035214],[147.10659470532812,-19.437514197048134],[147.10656751644757,-19.437571599504583],[147.10653227885012,-19.4376452646804],[147.10651316374975,-19.43771031693297],[147.10649606635093,-19.437772494156107],[147.1064860298558,-19.43783754107757],[147.10646994267688,-19.43791501775569],[147.10644478886354,-19.437996331540358],[147.10642970663963,-19.438051810977264],[147.10641563091204,-19.43811686026169],[147.1064045783317,-19.438172337333025],[147.10639856147526,-19.438222081839854],[147.1063996173769,-19.43829285186147],[147.10640066892296,-19.43835693432623],[147.1064067574492,-19.43841719108411],[147.10641486041015,-19.43848413421901],[147.10642398644373,-19.438556815401437],[147.10644219099052,-19.438643842397735],[147.10645434378478,-19.438727050188174],[147.1064745604881,-19.438802598702768],[147.10650585146203,-19.438870486172302],[147.10653716010026,-19.43895080886921],[147.10657955442986,-19.439026344349347],[147.1066229423656,-19.43907700874796],[147.10665422861592,-19.439122899547865],[147.10666534613483,-19.43916688630239],[147.1066774809666,-19.439222358791056],[147.10670171502815,-19.43927877307538],[147.10673401989138,-19.43933804741478],[147.1067703594829,-19.439404982954215],[147.10681274715327,-19.439469989993867],[147.10684603548856,-19.43950345337415],[147.106882352623,-19.439535947979593],[147.1069106160123,-19.43957705981245],[147.10693080909894,-19.439630602601575],[147.10695806835045,-19.43968032750815],[147.1069893548111,-19.439726218246218],[147.10703778069444,-19.439774014765092],[147.10708822358725,-19.439832320390668],[147.10713868420655,-19.43990307027074],[147.10717098182673,-19.439950876273876],[147.10720630124692,-19.440001545290865],[147.10725270828013,-19.440050291853158],[147.1073041694244,-19.440106698994096],[147.10735259802573,-19.44015831817689],[147.10739093367786,-19.44020324672483],[147.10742525545166,-19.440257739040028],[147.10746963545438,-19.44029501848784],[147.10750797755023,-19.440335166306635],[147.10756347047257,-19.440394426750593],[147.10761492741992,-19.44044413720849],[147.10766839827363,-19.440499576066237],[147.10772186664204,-19.440551192157034],[147.10777735593408,-19.440604722926075],[147.10782779177572,-19.440651560086334],[147.1078772324101,-19.440706043328063],[147.107927676572,-19.440750964560195],[147.10798820744287,-19.440807366106426],[147.1080457070053,-19.44086088655762],[147.10808808606984,-19.44091155119246],[147.10811937055377,-19.440953618976376],[147.10814862655386,-19.44098229477581],[147.10818898227413,-19.441012879847698],[147.10825051553377,-19.441057794376125],[147.1082959038521,-19.44109219917352],[147.10834836724476,-19.441136161133443],[147.10839678124475,-19.441164825452102],[147.10843712562158,-19.441192536632766],[147.1084895770242,-19.44123268484364],[147.10856724974758,-19.441293847604708],[147.10863988424376,-19.441356929242794],[147.10869941146808,-19.441407583463448],[147.1087730348897,-19.44145344851608],[147.10883658684108,-19.441496454774907],[147.10889710745406,-19.441536588988658],[147.10897375980602,-19.441581494193766],[147.10904437425236,-19.441629267798927],[147.1091069044433,-19.441668451824096],[147.10916843564007,-19.441709534248353],[147.10926526940543,-19.441774516965545],[147.10936109214433,-19.441837584345226],[147.10944380689196,-19.441887266393977],[147.10951944910084,-19.441931223064813],[147.1096001410928,-19.44197612556367],[147.10968183406726,-19.442021985368324],[147.10973126609707,-19.442062126002007],[147.10979481403405,-19.442098435329946],[147.1098694401732,-19.442132822033685],[147.1099299714464,-19.442173913838715],[147.11000762969135,-19.44221212139942],[147.11006613700977,-19.442260859887888],[147.1101226355416,-19.442311524507666],[147.11017306354566,-19.442344967821928],[147.11021947390964,-19.44238223631355],[147.1102800042348,-19.44243576323826],[147.11034052942713,-19.442481635605954],[147.1103818946252,-19.44252464576831],[147.11043738416313,-19.442576259811425],[147.1104898423223,-19.442625010879073],[147.1105352540245,-19.442678546921886],[147.11058066529392,-19.442745467100206],[147.1106301185018,-19.44281621659041],[147.11067148580884,-19.442862100524295],[147.1107179113487,-19.4429213655088],[147.11074919710268,-19.442977783955634],[147.11077342923903,-19.443028459020834],[147.11078960376452,-19.443082003806282],[147.11080173444958,-19.443128863504782],[147.11081387423116,-19.44318911638021],[147.11081188183587,-19.443229288110373],[147.1108038523248,-19.4432876374083],[147.11078775868143,-19.443339295037838],[147.11077065519808,-19.44339095328219],[147.1107485081876,-19.44343687595854],[147.1107102242247,-19.443484715335504],[147.1106588360382,-19.443539268325452],[147.11060140723535,-19.443592867035942],[147.1105399377721,-19.443644552295876],[147.1104915699042,-19.443685701177703],[147.1104180053217,-19.443743132405622],[147.11035351189483,-19.44378908079781],[147.11027893157348,-19.443837909138814],[147.1101761331973,-19.443901096678452],[147.110072324908,-19.44396428477243],[147.10998363596977,-19.44401407046004],[147.1098929292435,-19.444066731167208],[147.1097971808809,-19.44411652103914],[147.10971452466742,-19.44415579263984],[147.10962785068887,-19.444198880343723],[147.10955930981672,-19.444233353609878],[147.10947967657515,-19.444263052846164],[147.10939701883797,-19.44428605727994],[147.10931536522824,-19.444314799715414],[147.10922363548357,-19.44434832887753],[147.10914602499201,-19.444382807447187],[147.10907143700928,-19.444421115954373],[147.1089746809015,-19.444474728748496],[147.1088950646164,-19.44451590500667],[147.10881947432011,-19.444565682262986],[147.10875194741996,-19.444606851207077],[147.10868744172063,-19.444635583080927],[147.10863301086704,-19.444657612308838],[147.10859672977438,-19.444681546551777],[147.10855944519056,-19.444715042782388],[147.10850200638288,-19.44475524765006],[147.10844253897912,-19.444796411658878],[147.10839416008818,-19.444822268985355],[147.10833772088242,-19.44484716412792],[147.10826615058164,-19.4448825966612],[147.10819863040362,-19.44491994264475],[147.108146219041,-19.444956312613833],[147.10807869687588,-19.445005135841974],[147.1080111829296,-19.445052043146237],[147.107947691147,-19.44510181283566],[147.10788117806996,-19.44514967744275],[147.10780459001234,-19.44520423556568],[147.10773605780076,-19.44525305926597],[147.1076685385427,-19.445306663036245],[147.10761513860166,-19.445361207316576],[147.10756173232568,-19.445406190190724],[147.10750832602025,-19.4454511730491],[147.10745996000387,-19.445497110853204],[147.10741561688533,-19.445532526921813],[147.1073934535421,-19.44555549461753],[147.10736926925165,-19.4455765566501],[147.10735213794405,-19.445602386165962],[147.10734106066693,-19.445620566598244],[147.10731991909188,-19.445661707558422],[147.10729574231326,-19.445694237826807],[147.1072493907264,-19.445746870973295],[147.10720102454965,-19.44579280870764],[147.10715164672803,-19.44582153109548],[147.10710427831216,-19.445863645464573],[147.1070579342578,-19.445913404716734],[147.10703879960403,-19.4459497637622],[147.10700455147122,-19.445994735166828],[147.10696626080193,-19.446034928251553],[147.10692798339926,-19.446080859963836],[147.1068896920637,-19.446120095085803],[147.10686349919402,-19.4461583651269],[147.10683630975294,-19.446202383431668],[147.10680809153365,-19.446232051210632],[147.10677586046774,-19.44627318959659],[147.10672950041945,-19.446313387379654],[147.10668012408036,-19.44635932556785],[147.10662873629764,-19.44640335806841],[147.10657935990292,-19.446449296228977],[147.10653905885107,-19.446489490403447],[147.10650177405685,-19.4465239441549],[147.1064513796317,-19.446557447644615],[147.1064040122435,-19.446587126595162],[147.10635563373995,-19.446614890232574],[147.10631430904078,-19.446634046277293],[147.10626289037475,-19.44664555368843],[147.10620945717116,-19.446650365674362],[147.10612880315892,-19.446651370820682],[147.10607334465288,-19.44664757146774],[147.10601889787168,-19.446646654384118],[147.1059624195886,-19.44662755555674],[147.10590998320413,-19.44661228613921],[147.1058464430453,-19.44658936864817],[147.10578491268336,-19.44655114088897],[147.10572640137482,-19.44649666240292],[147.10568099945868,-19.446457467261215],[147.1056265205594,-19.446406809143088],[147.10556800502513,-19.446345634016755],[147.1055226003554,-19.446287316048878],[147.10546811352853,-19.446224222652262],[147.1054277459037,-19.446176421071847],[147.10538434224011,-19.446103759814314],[147.10535002572996,-19.44604352850358],[147.1053106664522,-19.44597851037883],[147.1052813795525,-19.445917318187643],[147.105250087715,-19.445849421526336],[147.10522483654202,-19.445782488339745],[147.10518949551857,-19.44569929397687],[147.10517332071183,-19.44564287486048],[147.1051500966818,-19.445587417774767],[147.1051218206594,-19.445512831786694],[147.10510059327476,-19.44543632581661],[147.10507937174927,-19.44535409023289],[147.10505410102795,-19.445256547914155],[147.1050257971226,-19.445153268702185],[147.10500759320223,-19.445067199572595],[147.10499444157497,-19.444985908214154],[147.1049782441523,-19.444894099274183],[147.1049580307458,-19.44480898020935],[147.1049468847079,-19.444735342223414],[147.10493271961244,-19.444648312798797],[147.10491652287445,-19.444557461796204],[147.10490739685804,-19.444469480544075],[147.10491341070173,-19.44441399747493],[147.10492849032977,-19.444352779554944],[147.10493855211283,-19.444310687327242],[147.10493751523333,-19.444268610555433],[147.10493144669127,-19.444238962893206],[147.10491831698585,-19.44420644547284],[147.1049112423021,-19.444182537036564],[147.10491324292502,-19.444152893744764],[147.1049162401617,-19.444117502194295],[147.10492931822176,-19.4440696695768],[147.10493130900147,-19.444024717211686],[147.1049232029791,-19.443967335447972],[147.10492115657757,-19.443910908126615],[147.1049251427458,-19.44384300002599],[147.10492711446938,-19.443768396497354],[147.10493008219294,-19.44368709579967],[147.10493406343315,-19.443611533160475],[147.1049350283919,-19.443541710910424],[147.10493498659184,-19.44347666994045],[147.104931918068,-19.44340111137649],[147.10492884740188,-19.44333703914145],[147.10492477396758,-19.443269126659988],[147.10492371558956,-19.44319357596895],[147.10492165844113,-19.443135232754678],[147.1049226264754,-19.443070191197826],[147.10491654016062,-19.443012808259656],[147.10491247412034,-19.442956382100007],[147.10490739640963,-19.442897082683263],[147.10489627173135,-19.442841618550574],[147.10487908011578,-19.442773722684624],[147.10486188268484,-19.442681914288713],[147.10484974022106,-19.442614006463433],[147.1048345766013,-19.442544202562313],[147.1048163878144,-19.44248108796297],[147.10478912015222,-19.44241797860455],[147.10476186510502,-19.442359649933184],[147.10472351461382,-19.44230610836018],[147.10468618072062,-19.44226309457467],[147.10465086280908,-19.442214331934988],[147.10461454184136,-19.442176098249025],[147.1045752015581,-19.442138815205706],[147.1045197158525,-19.442090073198614],[147.1044753246699,-19.442049928237775],[147.10443396480582,-19.442012646325825],[147.10437646565438,-19.441973466831143],[147.10431695641506,-19.441934288473504],[147.10426753307587,-19.441905623646722],[147.1042090379757,-19.44187313222713],[147.10413239532693,-19.441841618188153],[147.1040547339654,-19.441811053610817],[147.10398717631818,-19.441789095698887],[147.10393574317888,-19.441775731978012],[147.10388028334154,-19.441767160284343],[147.10382583576052,-19.44176241074658],[147.10376433382768,-19.441765310730656],[147.1036957870664,-19.44177586926121],[147.10362723016735,-19.441785478861615],[147.10356875889758,-19.441790292943324],[147.10350523670743,-19.441792245082603],[147.10344676663945,-19.441798965981747],[147.10339737074827,-19.44181334527037],[147.10333184811452,-19.441830598534423],[147.1032582509831,-19.44183924388107],[147.10318567092247,-19.44185937495026],[147.10312316818303,-19.441876626421763],[147.10306571091238,-19.44188813635932],[147.10301631073557,-19.44189581895267],[147.10294876778195,-19.441912115278168],[147.10289030729342,-19.441934145075546],[147.1028338575081,-19.441957131661965],[147.10277540059965,-19.441984900067048],[147.10272298234787,-19.442010758177492],[147.10266352339764,-19.44205096235448],[147.10260203936244,-19.44208255516837],[147.10254459579534,-19.442116061572722],[147.10250226556047,-19.4421409559708],[147.10245086363756,-19.442177332774428],[147.10239342360444,-19.44221657777546],[147.10232993119735,-19.442266345517464],[147.1022825744791,-19.442312281390475],[147.10223924690266,-19.442357257033542],[147.10219996159614,-19.44240702012594],[147.1021606691251,-19.442460596928377],[147.10212541533363,-19.442513222539038],[147.102094190095,-19.44256392998145],[147.10206700713218,-19.442619424880927],[147.1020418402452,-19.44268447100329],[147.10203078468498,-19.442738040932028],[147.10202376487072,-19.442801169988773],[147.1020227909,-19.442858556999308],[147.10200872018103,-19.442935083205946],[147.10199767355238,-19.443002995223136],[147.10199166533764,-19.443068997549933],[147.10199069493905,-19.443132123202737],[147.1020018293751,-19.44318950340466],[147.102011945056,-19.44324783308823],[147.1020139981797,-19.443301395642433],[147.10202210317925,-19.44337407758863],[147.10203626179248,-19.443438152679434],[147.1020584967529,-19.443529009598215],[147.10208374926577,-19.443600723946613],[147.10210596991487,-19.443668617245617],[147.1021413220419,-19.44375755087527],[147.10217665929133,-19.443837872018346],[147.10221401205024,-19.44391149542556],[147.10225740778628,-19.44398989611712],[147.10229072481613,-19.444053960384743],[147.1023310952576,-19.444123759313175],[147.1023775271411,-19.444197377563057],[147.10242797515988,-19.44426430597792],[147.1024673351942,-19.4443178384184],[147.1025157761431,-19.444389548639318],[147.10256118101094,-19.44445073218225],[147.1026045709609,-19.444504271350695],[147.102651996171,-19.444566411674387],[147.10269941299273,-19.444615158805636],[147.10276802110803,-19.44468494164553],[147.10284470207827,-19.444760458527828],[147.10290220980337,-19.444827373766124],[147.10296879600486,-19.444893334923673],[147.10303135363117,-19.444961205200638],[147.10309189102995,-19.44502812769346],[147.10315241759542,-19.44507782520021],[147.10320285168888,-19.445121789782775],[147.10324522553455,-19.445164810028178],[147.1032946654147,-19.44521833654563],[147.10335519877745,-19.445278562358663],[147.1034298612207,-19.445355038083346],[147.10348636301887,-19.44541239230875],[147.10354689591108,-19.445471651072072],[147.10358725450078,-19.445521368976657],[147.10362963279647,-19.44557107668106],[147.10367603732232,-19.44561504343015],[147.10372850398093,-19.445663796435827],[147.10375878084767,-19.445709688276953],[147.1037850189617,-19.44575654037002],[147.10380219523935,-19.445800523803165],[147.10381936199943,-19.445844507239894],[147.10382443089483,-19.445890413492144],[147.10382243918679,-19.445934416928107],[147.10380532289113,-19.445969816533527],[147.10378215642862,-19.44600426165135],[147.10375898691217,-19.44603391703349],[147.10373479904203,-19.446050197887594],[147.10369145386744,-19.44606838750788],[147.1036541454928,-19.44606650197072],[147.10362186892652,-19.446052169279845],[147.103592627978,-19.446047405281437],[147.103549270659,-19.446046472086138],[147.10349584302716,-19.446059895754193],[147.10342729097698,-19.446080015583018],[147.1033920077445,-19.446086732284886],[147.10334865102237,-19.44608675698822],[147.10328411775873,-19.446074358503097],[147.10325184788175,-19.44607055412097],[147.10319034779863,-19.44606389252026],[147.10312380211255,-19.446062972410804],[147.10303607521166,-19.446057283610315],[147.10296650408972,-19.446047761713793],[147.1029090297875,-19.44604971021758],[147.10285962171156,-19.446046864395687],[147.10279610978975,-19.446052639037024],[147.1027305650322,-19.446052676163074],[147.1026569718897,-19.446055591660382],[147.10260655396945,-19.446052746340982],[147.10256118477244,-19.446064249282607],[147.10250371638264,-19.446060459010507],[147.10243011790118,-19.446070061972705],[147.10236760567358,-19.446074877952793],[147.10232525820518,-19.446073952932405],[147.10228997372718,-19.446078753527015],[147.10224158748068,-19.446095038787114],[147.10220428809387,-19.446107495038586],[147.10217304119413,-19.44610941949519],[147.10213875044266,-19.44610370015928],[147.10208733459191,-19.44610468704507],[147.10204196534326,-19.446116189857005],[147.101995595768,-19.446127693220003],[147.1019522479953,-19.446142068713776],[147.1019028470708,-19.446150699915822],[147.10182622551534,-19.446155523633905],[147.10176773654095,-19.446149817807775],[147.1017092606726,-19.446149850599646],[147.10164776300513,-19.44616232030115],[147.10159433041275,-19.446168088874558],[147.10154896706842,-19.44617385291579],[147.1014985550795,-19.44618057771716],[147.10141991618286,-19.446189234179993],[147.10134732564086,-19.446195962299075],[147.10126867842055,-19.44619122551869],[147.10121725834858,-19.446200824645395],[147.1011688684013,-19.446211370977558],[147.1010983010932,-19.446223845550318],[147.10106402461417,-19.446225771504228],[147.10101662905402,-19.446226755847157],[147.10096823257987,-19.44622678278781],[147.10092185225352,-19.44622106994976],[147.1008724429794,-19.446216316730872],[147.1008179922222,-19.44620869245938],[147.10076455014058,-19.446199160754663],[147.1007090865974,-19.44618675631551],[147.10062841743803,-19.446162888552873],[147.10055781878313,-19.446139973119646],[147.10048824011147,-19.44611801504082],[147.10043276896647,-19.446093175285277],[147.10038132770387,-19.4460683423202],[147.10033189909086,-19.446032021901154],[147.10029760208297,-19.446000482838627],[147.10025221407,-19.445966076057577],[147.100218913294,-19.44592783080055],[147.10017451507292,-19.445876207519035],[147.10013113214478,-19.44581788707425],[147.1000988254473,-19.445753830900394],[147.1000755902198,-19.445677325442873],[147.1000503417731,-19.44561134043448],[147.1000271306194,-19.445574056560265],[147.09999786408045,-19.445527205587585],[147.09997060479037,-19.445475572805986],[147.09995444426104,-19.445423933905676],[147.099943322841,-19.44537133428078],[147.09993824025995,-19.445316824471696],[147.09993317832783,-19.44528047949571],[147.0999190539011,-19.44525561680072],[147.0998928115454,-19.44521546073571],[147.0998726163847,-19.445171478586996],[147.09985544315208,-19.445115059535294],[147.09984734938513,-19.44507489347357],[147.0998291593135,-19.445006997687855],[147.09981500978196,-19.44494100653384],[147.09980084956953,-19.444873108527116],[147.09977558558103,-19.444781304096793],[147.09976143434062,-19.444712448133647],[147.0997391973975,-19.44463211932294],[147.09972403926827,-19.44456804460754],[147.09969980097424,-19.444502058985872],[147.09967353427106,-19.444421732379347],[147.0996513098615,-19.44434619328386],[147.09962504904178,-19.444275428062635],[147.09959879116118,-19.444209443533925],[147.09957052258034,-19.444142511194368],[147.09954830700144,-19.444081314174753],[147.0995170048744,-19.44400767785978],[147.0994927801575,-19.44396369787206],[147.09945745002244,-19.443892937595955],[147.09942514630112,-19.443832704036026],[147.09939284027115,-19.44376863868224],[147.09935651261472,-19.44371796871105],[147.0993151319684,-19.44364530486075],[147.0992848532432,-19.443593673616046],[147.0992555884336,-19.44354872936752],[147.09921421368523,-19.443485626887327],[147.09917485200674,-19.443427303995872],[147.09914861501372,-19.44337950230675],[147.0991193366939,-19.443327870485867],[147.09909007023919,-19.44328006140529],[147.0990416392457,-19.443221743435874],[147.09900833724646,-19.44316437514568],[147.0989770367071,-19.443092663659478],[147.09894170814633,-19.44302381916833],[147.09890233740964,-19.442950196173655],[147.0988720519949,-19.442887087565385],[147.09882664199063,-19.4428144167537],[147.09879030604594,-19.442749404568502],[147.0987559854532,-19.44269298569298],[147.09871562556887,-19.442637537080785],[147.09868332699176,-19.442584948880032],[147.09864699115005,-19.44251992762678],[147.09861470618935,-19.44247403599991],[147.09858342905204,-19.442440579060825],[147.09855819557467,-19.442397557434322],[147.0985329546015,-19.442342091529337],[147.09851477635027,-19.44229236947047],[147.09848046202046,-19.442230220925936],[147.09845319511192,-19.442164236761172],[147.09842896057938,-19.44210304068395],[147.09840370817219,-19.442028451965587],[147.0983754375767,-19.441956729684374],[147.09834616410308,-19.441896494273635],[147.09832092558716,-19.44184486012397],[147.0982997240675,-19.44178940103101],[147.09828154825033,-19.4417435016965],[147.09826033664885,-19.44168707561897],[147.09824920970536,-19.44162395652083],[147.0982330391796,-19.441554152594076],[147.0982269581494,-19.441501550109727],[147.0982208638926,-19.441426950988763],[147.09822484588904,-19.441347565712736],[147.0982389136448,-19.441263385238532],[147.098249960571,-19.44119355753635],[147.09825899649064,-19.441138082060256],[147.09826804077787,-19.44108069068379],[147.09828010440253,-19.4410223397238],[147.09829417639818,-19.440961122869417],[147.09830322181142,-19.440905638347424],[147.09831629119913,-19.44084059928078],[147.09833439608246,-19.440768851851278],[147.09834745795817,-19.44069137754174],[147.0983635512525,-19.440633024389957],[147.09838266936242,-19.44056701505319],[147.0984068298785,-19.440505792717552],[147.09843199672966,-19.440438831184228],[147.0984501009409,-19.44036612579315],[147.09846820975704,-19.44030108397808],[147.09848126603922,-19.440230297217113],[147.09849433241445,-19.44016046839687],[147.09850739993436,-19.440092555469793],[147.0985184437849,-19.440017947043767],[147.0985264659915,-19.439940466414136],[147.09852744117867,-19.43988307939855],[147.09852335347628,-19.43980274053661],[147.0985122219513,-19.4397319759371],[147.09849807745786,-19.439672681231944],[147.09848594017905,-19.439608604734826],[147.09847581991684,-19.439556004439623],[147.09845662527187,-19.4394948056122],[147.09843844563284,-19.439442209686455],[147.09841926514926,-19.43938865635362],[147.09839402700175,-19.43933702219828],[147.09836374994947,-19.439286348718014],[147.09832942908932,-19.439228022878893],[147.0982930958712,-19.439165875369113],[147.09825374797745,-19.439112341976067],[147.09821540440822,-19.43906549559023],[147.09818715051833,-19.43902055963288],[147.09816594620628,-19.438975610820496],[147.09813870329955,-19.438932590203688],[147.09811549583443,-19.438899128803968],[147.09808825089038,-19.438868534389425],[147.09805798148636,-19.43883029609719],[147.09802368642954,-19.438798747534015],[147.0979742639888,-19.438768165079225],[147.09791374821964,-19.438729943088465],[147.09784415149895,-19.438687894182227],[147.09777355626,-19.43864871963029],[147.0976888423251,-19.438608594703144],[147.09763538575828,-19.43857036881847],[147.0975738654811,-19.438540750709162],[147.0975022639961,-19.438507315241207],[147.09744276850478,-19.438486308492365],[147.09736511836402,-19.438453825128036],[147.09728846967377,-19.438423266126293],[147.09721788264852,-19.438397475509653],[147.09714628926494,-19.43837743309108],[147.0970484786521,-19.438356437680508],[147.09695671676857,-19.438334490075118],[147.09685688944808,-19.438318285377626],[147.09678529840818,-19.4383020655691],[147.09672077040725,-19.438292529528724],[147.09665119285876,-19.438282047243973],[147.0965856584737,-19.43827825937856],[147.09652012465233,-19.4382754203998],[147.09646769916793,-19.438272583467434],[147.0964102258178,-19.438271656060028],[147.09635679335818,-19.43827360033261],[147.09628218088102,-19.43827076608783],[147.09621463197942,-19.438275582613446],[147.09616322080532,-19.438280399601044],[147.0960876052816,-19.438289043107687],[147.0960059471996,-19.438292909077337],[147.09595251866182,-19.438301549826715],[147.09589001144946,-19.43831018632017],[147.0958295238336,-19.438318830762956],[147.09577206896793,-19.438333203197956],[147.09571863648145,-19.43835140528483],[147.0956652174318,-19.43837630394673],[147.0956097765238,-19.43839737186659],[147.0955341743643,-19.438412720770884],[147.09546764691788,-19.438437617237206],[147.09542127064205,-19.438451034822542],[147.09536784425302,-19.438463498153034],[147.0953164452666,-19.438489344561386],[147.09527008012338,-19.43852189394776],[147.0952136427445,-19.438549658867515],[147.0951743305061,-19.438571676139787],[147.09511587795006,-19.43860709663154],[147.0950664956344,-19.438644419211812],[147.0950171116295,-19.438678876973153],[147.09497478835826,-19.438716204869618],[147.09494355049176,-19.438747779270013],[147.09490928773457,-19.438770751790816],[147.0948669555225,-19.438792770575645],[147.0948246177476,-19.438805227949583],[147.0947903471935,-19.438814816293924],[147.09476615670994,-19.438826306226918],[147.09474700736936,-19.438840658331173],[147.09473692886016,-19.43885787954199],[147.0947298909494,-19.43887797300861],[147.09472990370793,-19.43889996965318],[147.0947420178193,-19.438926740682493],[147.09474707617525,-19.438959263081653],[147.09474205666092,-19.438993697600388],[147.0947239293041,-19.439029087871578],[147.0946967243498,-19.439066407810664],[147.0946624792326,-19.439119989419037],[147.09462922827046,-19.43916304211372],[147.09458993918142,-19.439208971792823],[147.09455870890088,-19.439253939316647],[147.09452949766398,-19.43929795687269],[147.09450834579567,-19.43934196118974],[147.09448315813447,-19.439375448254207],[147.09444789312062,-19.43941181440337],[147.09443479409984,-19.439428079220733],[147.09441868237434,-19.43945678085132],[147.09440963750245,-19.43949887199853],[147.09439654842177,-19.43953235275608],[147.09438346154496,-19.439569656265274],[147.09436634165024,-19.439601232258468],[147.094340137483,-19.43962324253224],[147.09431091507315,-19.439648128214092],[147.09428270356264,-19.439674920224263],[147.09426961278828,-19.439705536166997],[147.0942666065525,-19.439745708273666],[147.0942636148077,-19.439794483827853],[147.09425455869237,-19.439833701128588],[147.09423542133396,-19.439869100910254],[147.094200168294,-19.439926505704936],[147.09416794465722,-19.439983908920528],[147.09413470110945,-19.440040354711456],[147.09409944414395,-19.440091071928208],[147.0940661972454,-19.440141779058774],[147.09403093803053,-19.440188664472135],[147.09399567989294,-19.440237456736078],[147.09395235882863,-19.440296781555084],[147.09389291702212,-19.440369498861134],[147.09385060184914,-19.440422126538195],[147.0938173531604,-19.440469968816952],[147.0937820948985,-19.440518761038422],[147.09373575212027,-19.44057521352299],[147.09367630243867,-19.44063454660496],[147.09362188512677,-19.440681441825802],[147.0935614189755,-19.440729298096652],[147.09350095114334,-19.440774280505106],[147.093442497212,-19.44082595845267],[147.09338908356298,-19.440862324699417],[147.09333567153783,-19.440901573809736],[147.09328527612274,-19.440935073667653],[147.09322782884993,-19.440964754381223],[147.09316836028543,-19.440991562271414],[147.09312299454294,-19.441007843555855],[147.09306755295754,-19.441029868645447],[147.09301311736394,-19.44104520564346],[147.09295162256961,-19.44106053720396],[147.09289315558226,-19.441073002388034],[147.09282056749063,-19.441080685038678],[147.09275906777762,-19.441087413082187],[147.09268143741048,-19.441090326590857],[147.0926017863216,-19.44109132520225],[147.09253928033937,-19.441087525297906],[147.09247071276116,-19.44107895679723],[147.09236282796624,-19.441068492391505],[147.09221964617632,-19.441056129967503],[147.09213293788537,-19.441043738766563],[147.0920532776501,-19.44102847914318],[147.0919705858244,-19.441009389230565],[147.09193024965185,-19.440991235775375],[147.09189897793266,-19.440964474266284],[147.0918566221485,-19.440946321817332],[147.09181830778385,-19.440931990067078],[147.09178806042684,-19.440931056458737],[147.0917507571094,-19.440935856024705],[147.09170034148394,-19.440933965613],[147.0916620202977,-19.44092442357154],[147.09162773622634,-19.44091104769278],[147.09160352374985,-19.440884282567726],[147.09157527832568,-19.440851771788424],[147.0915561145279,-19.440841262108098],[147.09153090244538,-19.44083267137196],[147.09150468537175,-19.44083268459386],[147.09146940169745,-19.440837483083563],[147.09142907365742,-19.440833680653178],[147.0913877347325,-19.440827962827527],[147.09133832200345,-19.440813636564375],[147.0912949591785,-19.440800265191832],[147.09120521150354,-19.440769710218074],[147.09114066317917,-19.440742007351123],[147.0910670577972,-19.44071908970781],[147.09100453180773,-19.44069616647861],[147.09094503687209,-19.440676106514672],[147.09090167411546,-19.440662735047653],[147.09084923470263,-19.44065319990551],[147.09078873956426,-19.440650365375536],[147.0907363118124,-19.440644652948556],[147.0906899312903,-19.440635105693417],[147.0906405192168,-19.44062174622417],[147.0905880904164,-19.44061411785935],[147.09054774868045,-19.440602660694918],[147.0905094302728,-19.440580683161592],[147.09047817052056,-19.440574960100857],[147.09044187123197,-19.44056923954645],[147.09038439815936,-19.44057022612907],[147.09032491339693,-19.440568339851577],[147.09027047240542,-19.44057410559041],[147.09021703858204,-19.440575090110706],[147.0901484808356,-19.440583727636593],[147.09009808119913,-19.440593323107077],[147.09002448495514,-19.44060387898316],[147.08996299004164,-19.4406192095321],[147.0899186381074,-19.440643144059084],[147.0898702569593,-19.44066803851842],[147.08982590131467,-19.440685276427544],[147.08977550425075,-19.44069964347147],[147.08972409362198,-19.440724539390548],[147.08967671750463,-19.440740820808855],[147.08963539388628,-19.440762837874498],[147.08958903176256,-19.440786773313757],[147.08953157014153,-19.44080879832227],[147.08949730776231,-19.440834643663383],[147.0894388425831,-19.440868146435825],[147.0894035750718,-19.4409025957097],[147.08936327008755,-19.44094087021111],[147.08931489922497,-19.440984887322696],[147.08926451184635,-19.44103465309958],[147.08923025930295,-19.44107866324281],[147.08919197009132,-19.441127465102138],[147.08916679046328,-19.441178167370115],[147.0891456506111,-19.44122982559754],[147.0891265271181,-19.44129296012983],[147.08910538553775,-19.44135896045651],[147.08908627258603,-19.441424010873956],[147.08907219122233,-19.441491923625026],[147.0890540780122,-19.44155601559981],[147.0890450231558,-19.441600013338274],[147.0890420350381,-19.441658359239707],[147.08903804179423,-19.441725318125588],[147.08903807308468,-19.441782704596907],[147.08904012856908,-19.441865909474757],[147.08904219306498,-19.441948165436987],[147.08905030331707,-19.44202372183546],[147.08906949356216,-19.442100221704916],[147.08907860791922,-19.44216525825871],[147.08909176248375,-19.44224941563096],[147.0891028817619,-19.442304889796578],[147.0891140078292,-19.44237279016471],[147.08912311804184,-19.442430172172866],[147.08914634454166,-19.44250094043703],[147.0891675540166,-19.442576481352127],[147.0891948323992,-19.44267020220994],[147.08922310693063,-19.442756268029658],[147.08925037648908,-19.442833730885045],[147.08927965149283,-19.44290258025837],[147.08930489726038,-19.442972389557017],[147.0893301514201,-19.443057498895826],[147.08935741207281,-19.44313591064684],[147.08937559601458,-19.443200942710998],[147.08939378520563,-19.443275536170596],[147.0894150091401,-19.443359689532492],[147.08943016258866,-19.44342280718784],[147.08943927507147,-19.443484020961627],[147.08944736767333,-19.443544268252587],[147.08944841523018,-19.44361313150577],[147.0894595279111,-19.443656170401443],[147.08946559624354,-19.443690599293827],[147.08946259985308,-19.443733636107993],[147.0894545595401,-19.443786245845757],[147.0894535774784,-19.443836936208378],[147.08945259594097,-19.443888584517868],[147.08946271671826,-19.443946923947884],[147.08947382785118,-19.44398708899954],[147.08946982424797,-19.444034916046128],[147.08946581582998,-19.444091346546838],[147.08944871127628,-19.444153522151016],[147.08942958756316,-19.444216656695815],[147.08941146319432,-19.444260658909872],[147.0893893058611,-19.44429893349914],[147.08937519977445,-19.444321895036268],[147.08937219235742,-19.444344851105676],[147.08937220439805,-19.444366847740316],[147.08937120607763,-19.444387886925213],[147.08936517804716,-19.44442710247565],[147.08935309738212,-19.444460591396904],[147.08932388747186,-19.44451129565446],[147.0893057588552,-19.444547643317264],[147.08927653363597,-19.444587828228006],[147.08923220207367,-19.444633759210816],[147.08919794133746,-19.444681601126575],[147.08917476987781,-19.444712221645336],[147.089145547334,-19.44473997129228],[147.08911229181882,-19.444761984268563],[147.0890719695113,-19.444787832497482],[147.0890346756592,-19.444811754299398],[147.08899436650407,-19.44484429909862],[147.0889651480769,-19.444879703255616],[147.08892987960257,-19.444914152426048],[147.08887444289095,-19.444948611469954],[147.08883110258543,-19.444978283875457],[147.08878674878187,-19.44500126017258],[147.08872727801455,-19.445028066604205],[147.08865469939116,-19.445056795316408],[147.0886012718723,-19.445072121460417],[147.08853776706488,-19.44509128429586],[147.0884601345073,-19.445111402907916],[147.0884067064383,-19.445125780084865],[147.08833009580746,-19.445150687879888],[147.0882746511289,-19.445170795609112],[147.08821718572298,-19.44518899744657],[147.08814662248844,-19.44521007043441],[147.08804581367886,-19.445234989864247],[147.08792383188407,-19.445269480898606],[147.08783814205742,-19.445294392885643],[147.08775748880046,-19.445313554712335],[147.0876828884205,-19.445321245322106],[147.08758509536509,-19.44533850849746],[147.08751049209906,-19.445358625241017],[147.0874318574358,-19.44537587909203],[147.08736733792438,-19.445386438555776],[147.08726651270666,-19.44539891328311],[147.08720097873208,-19.445400860687204],[147.08710922183894,-19.445393250223965],[147.08704570194186,-19.445384677259018],[147.0869751160537,-19.445363672418694],[147.08690856104235,-19.44534457247739],[147.08684603283717,-19.445319731937406],[147.08677644528618,-19.445294903789513],[147.08671896531322,-19.44526814489624],[147.08665845330026,-19.44523661577068],[147.0866080232061,-19.445209853474516],[147.08654448768826,-19.445171629159702],[147.08649001766355,-19.44512574595949],[147.08641334608174,-19.445054053925773],[147.08632558630202,-19.444966100104182],[147.08625294815872,-19.4448829197505],[147.08619241415983,-19.444809304053592],[147.0861399429009,-19.444741423155065],[147.0861288345517,-19.44470508065097],[147.0861207537065,-19.444664913956647],[147.0861116595537,-19.444636225037108],[147.08609248507113,-19.444605634042876],[147.08607331815193,-19.44458937610515],[147.08604809771134,-19.4445654845688],[147.0860279274666,-19.44454348845472],[147.08600773914088,-19.444505243389706],[147.08598854403667,-19.4444354307726],[147.0859663395437,-19.4443857093632],[147.085934037665,-19.4443197257014],[147.08589569635922,-19.444254711877207],[147.08586136832474,-19.444176293918044],[147.08583108871818,-19.44411509901644],[147.08581391038913,-19.444039546775794],[147.08580581208764,-19.443984080024432],[147.0857906599858,-19.443920962065036],[147.08577650418124,-19.44385018909017],[147.08575933444519,-19.44379089483376],[147.08572401179632,-19.443723005699546],[147.085706845608,-19.4436704080309],[147.0856815937412,-19.443586256133855],[147.08566139357305,-19.443525056439405],[147.08563615178193,-19.443460027331625],[147.08561797281007,-19.443401691482837],[147.08559778472173,-19.443345272474733],[147.08556851118772,-19.443276422505033],[147.08553620418024,-19.443199919416717],[147.08552406821244,-19.443129154501037],[147.08550790647158,-19.44306603698735],[147.0854877019245,-19.442996224780615],[147.08546548776746,-19.44292737146519],[147.08544025615853,-19.442881474160913],[147.08541602988572,-19.442826963888344],[147.08539785006656,-19.44276672115534],[147.08538067808365,-19.44270264615536],[147.08536249378915,-19.44263379092856],[147.0853402662076,-19.442557283057162],[147.08531501720194,-19.442477911797255],[147.08529986343495,-19.44241097103271],[147.08528168320052,-19.442349761300303],[147.08525846239192,-19.442286647075953],[147.08523623740717,-19.442214928925747],[147.08522310030185,-19.44216041341356],[147.08520896241416,-19.44210494945955],[147.0851917870823,-19.442034177841467],[147.08518266579892,-19.441952883090174],[147.08517758979644,-19.441883063736935],[147.08517353160443,-19.441828552994323],[147.08517552076648,-19.441788381516965],[147.08516945740274,-19.441761607012825],[147.08515633681856,-19.441738658574078],[147.08513816469556,-19.441692757907834],[147.0851260399776,-19.4416430226117],[147.0851139092896,-19.441581819056008],[147.08510379725035,-19.441518698656843],[147.08508359406835,-19.441450802286894],[147.08507853706195,-19.441417330709648],[147.08507851064778,-19.441366631788224],[147.0850764676509,-19.441303507602598],[147.08507742808143,-19.441226997851125],[147.08507336395613,-19.441161000768695],[147.08507232773215,-19.44111031135649],[147.0850692639654,-19.44102614894475],[147.08506519630075,-19.440971629161584],[147.0850641417061,-19.440867376014058],[147.08508120822543,-19.440729640419242],[147.08510131008154,-19.4406215545946],[147.08512244271628,-19.440535464934797],[147.08513954854598,-19.440473289708763],[147.08516573663343,-19.440417797779155],[147.08518587032913,-19.440370930218524],[147.08521306520174,-19.440309699158917],[147.08523219558614,-19.440257084376487],[147.08525937091252,-19.44017673050961],[147.08529362237925,-19.440110724456325],[147.0853460002899,-19.44002174623425],[147.08541148761708,-19.4399346867599],[147.085476977372,-19.439852398925293],[147.0855475231177,-19.439783501879724],[147.08560092362907,-19.43971939359697],[147.0856623985497,-19.439665800839865],[147.08575007877806,-19.43960837292667],[147.08583372421865,-19.43954138547437],[147.085952655616,-19.43945620737482],[147.08603731976606,-19.439406426259914],[147.0861129132123,-19.439371958502687],[147.08616936044942,-19.439341331597806],[147.08620160942692,-19.439308791237888],[147.08623989160773,-19.439263821793364],[147.08628423108263,-19.43921598465411],[147.08635982581964,-19.4391662077],[147.08640013309687,-19.439131756610855],[147.08644951147514,-19.43908295908379],[147.0865029184972,-19.439032243726913],[147.08655027720323,-19.438983438097523],[147.0866147622872,-19.438912627627563],[147.0866641349532,-19.4388533106905],[147.0867215724047,-19.43878632630209],[147.08677194628217,-19.438728915715508],[147.08682736608029,-19.43866576404975],[147.0868737131179,-19.438595920111055],[147.08692407110718,-19.438508867323417],[147.08696335389016,-19.438429456301083],[147.0869965752971,-19.438345276509583],[147.08703182171513,-19.438253441193016],[147.08704589565505,-19.43818839338463],[147.08705494015734,-19.438124305935357],[147.08706497575142,-19.43804301109326],[147.08706796180476,-19.43796171059478],[147.08706792509486,-19.437892846796498],[147.0870729161128,-19.437801983928157],[147.08708092851268,-19.43771398441623],[147.08708289863858,-19.43762120709902],[147.08707379333643,-19.437553305597365],[147.08706065498347,-19.43749688333259],[147.08703641368734,-19.437413679992154],[147.08700814139883,-19.437345787676193],[147.08697786264077,-19.437284592916715],[147.08695767739366,-19.43723295472319],[147.0869283998103,-19.437155492430342],[147.08690417899118,-19.4371105527629],[147.08687591698157,-19.437061783233624],[147.08684059482755,-19.436992936314674],[147.08680727818586,-19.43691548496968],[147.08676994146361,-19.43683802650252],[147.08673361113935,-19.436772053887392],[147.08669526583245,-19.4367146856865],[147.0866518740292,-19.436643926685598],[147.08660142986403,-19.43658560629149],[147.08656208844215,-19.436535893085047],[147.086509643411,-19.436494789575665],[147.086451137657,-19.43644986618195],[147.08639667209323,-19.436406847705204],[147.0863432234296,-19.436377230966656],[147.0862786836507,-19.436342829743424],[147.08620304677694,-19.436310340627184],[147.08613448147017,-19.43628359581314],[147.08602153769885,-19.436247301565636],[147.08591262910102,-19.43620335982568],[147.0858430561093,-19.43618043813386],[147.08575734762277,-19.43616134679573],[147.08570996138786,-19.436156588474542],[147.08564543035575,-19.436156618936163],[147.0855738533833,-19.436163349297896],[147.08550529273094,-19.436163381609514],[147.0854216183679,-19.436172024469244],[147.0853530737357,-19.436184491969396],[147.0852613395819,-19.43621036354042],[147.08518472261633,-19.436234312074127],[147.08510811714623,-19.436262083326092],[147.08503956790338,-19.436284112118702],[147.08497304219748,-19.4363137944873],[147.0849004677646,-19.43634442857205],[147.0848178184641,-19.436382730922592],[147.08472004235352,-19.43642294715626],[147.0846293207206,-19.436454547550596],[147.08454061863296,-19.436486155996178],[147.08446602298417,-19.43651392604096],[147.08439445864985,-19.436545517401534],[147.08432591363703,-19.436576158420035],[147.08427350221544,-19.436599137373175],[147.08420899023864,-19.436636473075602],[147.08413542609682,-19.436688155063997],[147.08407394834282,-19.43673505072001],[147.0840185128766,-19.436768550356717],[147.08395601739994,-19.436800137345806],[147.08389958457127,-19.436839376059847],[147.08383003347996,-19.436877671904785],[147.0837776263042,-19.436909254172445],[147.08372722916795,-19.436940844534927],[147.0836607083425,-19.436981045776157],[147.08359821418586,-19.43701550648597],[147.08353975672347,-19.43704518461219],[147.08347019861085,-19.43707007808385],[147.08340064707772,-19.43708924191078],[147.08333310460796,-19.437106488892105],[147.08326052074207,-19.43711991540536],[147.0832040620286,-19.437127586808433],[147.08313551487728,-19.437136230717062],[147.0830830809304,-19.437134338830823],[147.08301351619704,-19.43712767406161],[147.08294998825357,-19.43711526785444],[147.08287940792258,-19.437097135230513],[147.08280982495845,-19.437073254434377],[147.0827261364197,-19.43705511869371],[147.0826706787854,-19.437045582554703],[147.0826242944278,-19.43702551387463],[147.0825738665674,-19.43699684356232],[147.08253251248573,-19.436958607701524],[147.0824790595044,-19.436919419381436],[147.08243367486224,-19.436879269432694],[147.08235802210277,-19.436814262702747],[147.08227530547595,-19.436720565879714],[147.0822208293661,-19.436654600579107],[147.08217240153732,-19.436586707589427],[147.0821239751983,-19.436521697467764],[147.0820785716141,-19.436462415581236],[147.08202913315657,-19.436392616149085],[147.0819796909042,-19.4363151711921],[147.08194236572248,-19.436255885620817],[147.08186064124934,-19.436144972194324],[147.08181423665138,-19.436083783830515],[147.08176782256194,-19.436022595458596],[147.08171133971328,-19.435962360518573],[147.08165485168524,-19.43591073806123],[147.08158324216527,-19.435852425781672],[147.0815227269928,-19.43580558579732],[147.08143801658863,-19.435761630495218],[147.08135431553615,-19.43571671675239],[147.08125044792527,-19.43567276994761],[147.0811435505416,-19.43562785745181],[147.08106086084675,-19.435585816965755],[147.08099430197151,-19.435549498860635],[147.08092169490916,-19.435515099324356],[147.08084506064236,-19.435485482257736],[147.0807653975319,-19.435456824454803],[147.08067565710627,-19.435431044941527],[147.0805697768973,-19.435400482806315],[147.08048608757736,-19.435378523269566],[147.08038122004234,-19.435353699228607],[147.08029854008137,-19.435330781209622],[147.08022392121887,-19.435311691384182],[147.08014527464834,-19.435296417025945],[147.08006360734228,-19.435279237106265],[147.07999201880554,-19.435262052708286],[147.07992849181343,-19.435249645437583],[147.07984278356355,-19.43522864444088],[147.07976413613693,-19.43521146305772],[147.07964818169083,-19.43518951730946],[147.07956550797144,-19.435179034209206],[147.07944451885157,-19.43516665194833],[147.07936990620007,-19.435159987987358],[147.07927715515783,-19.43515237397027],[147.07918842743686,-19.435151454753022],[147.07909063353378,-19.435156287134323],[147.0789968792031,-19.43516206661619],[147.078919253224,-19.43516878794918],[147.0788204518288,-19.435178401328457],[147.07874383653797,-19.435187038044646],[147.07865410777075,-19.435204292911113],[147.07856943064584,-19.43522728420061],[147.0784736704782,-19.435261757550567],[147.07838294827272,-19.435293363866098],[147.07829121349633,-19.435319222881848],[147.0781984784403,-19.435345091319444],[147.07810170651564,-19.43537574215215],[147.07799283531529,-19.435404482235587],[147.0779091568771,-19.435424598942436],[147.07781237892706,-19.435442814367132],[147.07771761687698,-19.43545337432609],[147.07759361514238,-19.435456301223958],[147.0775220267875,-19.435459196621746],[147.07744943500367,-19.435455404854217],[147.07736373375232,-19.435448744800112],[147.07729517657472,-19.435435380803],[147.0772074467385,-19.435409598716994],[147.07710459652827,-19.43537903326942],[147.07701888495933,-19.435350376388904],[147.0769069640459,-19.435315991920632],[147.07683738450805,-19.43529594061786],[147.07672949685687,-19.435269199846356],[147.0766326964292,-19.435239589521416],[147.07656412539052,-19.435216663842027],[147.0764653181243,-19.435193750876802],[147.0763755825362,-19.435176572694992],[147.07630600848353,-19.435167998494087],[147.07624148244352,-19.435157506249023],[147.07616384386387,-19.435137449034933],[147.0761224942548,-19.43512503112374],[147.07607309677795,-19.43511644837059],[147.07602570247957,-19.43511359438204],[147.07596118448419,-19.435120317996798],[147.0759077527866,-19.43512225624696],[147.0758361709631,-19.435118454373914],[147.07575550976773,-19.435112749402272],[147.075702077626,-19.435113729643458],[147.07564359525867,-19.435111847165086],[147.07558613351986,-19.43511282001418],[147.07552362553932,-19.435119542636432],[147.07545306234613,-19.435134881086054],[147.07540064085495,-19.435137767678366],[147.0753250256547,-19.435146411573818],[147.07525244110585,-19.435157918989905],[147.07517985786512,-19.435172291184998],[147.07509821004257,-19.43519623755051],[147.07500344677288,-19.43522497000506],[147.07492381287878,-19.435257518922835],[147.07486132310865,-19.4352833731699],[147.07480487207422,-19.4353073090096],[147.07474842058485,-19.435330286883328],[147.07469701754732,-19.435352304713348],[147.0746183920024,-19.435381988273527],[147.07453371857298,-19.435414539091724],[147.0744460166376,-19.435449007009755],[147.07436437422913,-19.435485388300066],[147.0742746647909,-19.435525595611978],[147.07423233496158,-19.43555717100854],[147.0741920173303,-19.435593535315586],[147.07414968920673,-19.43562894248634],[147.07409627467175,-19.435669134878886],[147.07404084400912,-19.435716973592108],[147.07399851928835,-19.4357600352772],[147.0739511551476,-19.43580308996831],[147.0738947185129,-19.43585955058331],[147.07384130816192,-19.435909304309522],[147.07380604014247,-19.435947573335365],[147.0737647220611,-19.435983937953296],[147.0737183494228,-19.43600786935817],[147.07367602022498,-19.43604136052083],[147.07364983068314,-19.43607962583059],[147.0736196024212,-19.436118859760406],[147.07358936982908,-19.43614851420154],[147.07354703927845,-19.436179140525986],[147.0734976514529,-19.43621359245526],[147.0734412046257,-19.436248047227455],[147.07339383719162,-19.436284414207847],[147.0733414264599,-19.436312170714388],[147.07329606731398,-19.43634470506356],[147.0732486938136,-19.436367678803645],[147.07318821597244,-19.436399270315345],[147.07312571681666,-19.436427030827222],[147.0730793496317,-19.43644234956678],[147.07302390558505,-19.43646150374069],[147.07295435520504,-19.436485444273544],[147.07289790091315,-19.43650364086653],[147.0728495136808,-19.436518002410192],[147.07278701143764,-19.43653906620433],[147.07273056620815,-19.436556304793115],[147.072647894616,-19.436572604952495],[147.0725642231662,-19.436589854385215],[147.07248356983885,-19.436603270780097],[147.07236864252673,-19.43662053260236],[147.0722849659433,-19.436626304600964],[147.07218213320934,-19.4366349580259],[147.07211055587103,-19.436642631991585],[147.07201175274787,-19.436651283718994],[147.07192807655738,-19.436658013501454],[147.07184036988616,-19.436662828943728],[147.0717597097405,-19.436660944955467],[147.0716770300219,-19.43665907076616],[147.0715903293569,-19.436655273190993],[147.07150764713057,-19.4366476602717],[147.07140380236797,-19.436629527245106],[147.07132111640254,-19.4366133017428],[147.0712102114331,-19.4365922975339],[147.0711164377154,-19.436577992185104],[147.0710327548666,-19.43656941245551],[147.07093092690442,-19.436566587470598],[147.0708361500719,-19.43656758243362],[147.07075348283283,-19.4365723953838],[147.07063956100572,-19.436580085271636],[147.0705780628709,-19.436588721695845],[147.07047725377012,-19.436606934778975],[147.0704076901258,-19.43662321979093],[147.07033007091474,-19.43664812039744],[147.0702595090313,-19.43666918644483],[147.07017784855952,-19.436689298807966],[147.07010022681885,-19.436708460663237],[147.07002058998978,-19.436738142622055],[147.0699540625761,-19.436770684301983],[147.0698925741547,-19.436802275105848],[147.0698250413957,-19.436845336484748],[147.06975046075462,-19.43689223234116],[147.06968393771575,-19.43693530231654],[147.06962144631464,-19.436983142388996],[147.06958213627786,-19.437017589386663],[147.06952267704514,-19.437072133901836],[147.06948438872578,-19.43711231914046],[147.06942996136786,-19.437171642403587],[147.0693866388436,-19.4372242557656],[147.06934935600168,-19.4372768758466],[147.069324169576,-19.43732471059457],[147.06929294241837,-19.437392628414123],[147.06927683863512,-19.437450021097238],[147.0692546785062,-19.437513154743176],[147.06924260678417,-19.437576284537382],[147.06923658916426,-19.43765088932773],[147.06923965098835,-19.437727406550533],[147.06925075956232,-19.43777426948739],[147.069256827874,-19.4378192184499],[147.06927398855404,-19.437872775676922],[147.06929316599488,-19.43791962649308],[147.06932545014192,-19.43796265858176],[147.0693779039353,-19.438033418272674],[147.0694293603451,-19.43811086589356],[147.06949695070435,-19.43820170052443],[147.069539320414,-19.438260028773318],[147.06960387945952,-19.438346083819443],[147.06966440685915,-19.438427359684724],[147.0697269514707,-19.438502896101088],[147.0697904951869,-19.438575558265885],[147.0698732047966,-19.43866734488441],[147.0699508767567,-19.438740959499608],[147.070038618645,-19.438815528143113],[147.0701707441716,-19.438934081948467],[147.07024538986133,-19.439014394205557],[147.07030489937577,-19.43907558044165],[147.07036339670728,-19.439109031736567],[147.07042490483693,-19.439143439792367],[147.07051667729434,-19.43919696792339],[147.07058122980558,-19.439243809995528],[147.07063468650068,-19.439296395015614],[147.0706941912955,-19.439346103818924],[147.07076681077328,-19.4394101586378],[147.0708263115032,-19.439450305990736],[147.07092010346204,-19.439502875178707],[147.07099976811904,-19.439556398756366],[147.071103649211,-19.43963191850897],[147.07115106390594,-19.43967876708916],[147.07119745762677,-19.439721793301697],[147.07125292719658,-19.43975811030152],[147.07131645746648,-19.43979730699843],[147.0713981448523,-19.439835529544684],[147.07149091034373,-19.439870882882804],[147.0715665463821,-19.439904327032952],[147.0716502469104,-19.439949245270924],[147.07172184546093,-19.43998652274256],[147.07180454747103,-19.44003526405872],[147.071865058072,-19.440074452719255],[147.07196186894376,-19.440123197412408],[147.07205564664005,-19.44016333076195],[147.07214236968682,-19.44019198956433],[147.0722200093366,-19.440210132585378],[147.07230168740074,-19.440226358067942],[147.07242167375028,-19.440247348932914],[147.07250334317683,-19.44026549022421],[147.07259913263147,-19.440287448585536],[147.07270199122112,-19.440310362012344],[147.07279072114406,-19.440331365152293],[147.07286029068283,-19.440346646328553],[147.0729611288655,-19.44036764452311],[147.0730639788864,-19.440392473643858],[147.07318900885,-19.440422074465246],[147.0732696785876,-19.440441164724845],[147.07336144067398,-19.44046791404921],[147.07346126611125,-19.440503263521205],[147.0735338725411,-19.440534792177342],[147.07360850078464,-19.44057110972448],[147.07366799400333,-19.44059212429102],[147.07376177845458,-19.44062460220491],[147.07383639639684,-19.440659003765802],[147.0739473256797,-19.440705825752737],[147.0740401000067,-19.44073735502287],[147.07412883467174,-19.440767918910314],[147.07423471891093,-19.440802307531506],[147.07434058670293,-19.44082139604076],[147.07438495361737,-19.44082520061456],[147.0744353625541,-19.440833792439342],[147.07447166615088,-19.440850035548998],[147.07451705467705,-19.440879668118672],[147.07457251751805,-19.44089877718349],[147.0746320070431,-19.44091117893919],[147.07471469079985,-19.440937931309936],[147.07480443069636,-19.44095797509826],[147.074888128584,-19.440973249670126],[147.0749546808585,-19.440993302951664],[147.0750494643267,-19.441021957029857],[147.0751039152628,-19.44103628564744],[147.0751694542493,-19.441048684722645],[147.07524810269328,-19.441063003271733],[147.07533684375886,-19.441085921054206],[147.07540440040077,-19.44111458624784],[147.07546995604287,-19.441142294300402],[147.07552541663318,-19.441176703129525],[147.07558088810356,-19.441213985780863],[147.07562527021085,-19.441250306051668],[147.0756686491742,-19.441300986911767],[147.07570900402675,-19.44136313728647],[147.0757473487993,-19.44142528849075],[147.07576955510476,-19.44148648847788],[147.0757968123027,-19.4415515181438],[147.07581195543753,-19.441604117618223],[147.07582006265773,-19.441686362192748],[147.0758241314969,-19.441770533386702],[147.07582921060236,-19.44185565306825],[147.0758322809308,-19.44194364743197],[147.07583735516081,-19.442018247761577],[147.07583739735884,-19.442109108195503],[147.07582836486935,-19.442188495121208],[147.07581326854398,-19.44225736522757],[147.0758142987935,-19.442301358100075],[147.07582238562705,-19.442339618411296],[147.07582845059102,-19.442373089827733],[147.07582241138442,-19.442395089002613],[147.07580830265962,-19.44241613360088],[147.07578311245976,-19.44245344986507],[147.07576700292296,-19.442494585088234],[147.07575290483157,-19.442538584276303],[147.0757438481126,-19.44258641314998],[147.0757358125143,-19.442638064350778],[147.07572475097706,-19.44269736232171],[147.0757126804975,-19.442758585645432],[147.0756935494123,-19.44281693807012],[147.07567239466687,-19.442866678843593],[147.07564720658155,-19.44290877578816],[147.0756079130099,-19.442958524114953],[147.07557667854954,-19.44300732016592],[147.07555048191477,-19.443052282322665],[147.07553538208978,-19.44309341710248],[147.07551826923194,-19.443148894823377],[147.07550417676788,-19.4432053292333],[147.07547899565986,-19.443262726202565],[147.07545886280082,-19.443318205173185],[147.07541957457025,-19.443400478492],[147.07538936083733,-19.44347317759149],[147.0753581288622,-19.443527712250614],[147.07532387512921,-19.443578416367686],[147.0752946636562,-19.443634857034755],[147.07525637716498,-19.443699913953175],[147.07520198744155,-19.44382044813208],[147.0751778234527,-19.443894102633646],[147.07514558061072,-19.44394672177757],[147.07510932157635,-19.444028993769813],[147.07506902609282,-19.444096916283762],[147.07503579209563,-19.4441696165692],[147.0750045607458,-19.444226058021826],[147.0749733306941,-19.444285373311196],[147.0749340375993,-19.444358085117603],[147.07489171789757,-19.44441643798703],[147.07484536922453,-19.444476717440846],[147.07479297101227,-19.44453699033917],[147.0747274543941,-19.44459727766279],[147.07466396561745,-19.444654690285166],[147.07461357350067,-19.4447063588513],[147.07454705774373,-19.4447695113255],[147.07449969114379,-19.444812566125265],[147.074451312503,-19.4448508496643],[147.0743888168688,-19.444892952694794],[147.0743253191526,-19.444931242398315],[147.07426685542225,-19.444957085737595],[147.07420837823605,-19.444974325609714],[147.0741317585392,-19.444983927370505],[147.07407630217105,-19.444982034125683],[147.0740198329274,-19.44497344468127],[147.07394522163688,-19.444958175055444],[147.07387563877518,-19.444939071561077],[147.07382420967883,-19.44491039925269],[147.07376974416707,-19.44486642811421],[147.0737213273312,-19.444820538606226],[147.0736850095423,-19.444774644171694],[147.07364263752083,-19.44471823283767],[147.07359622401876,-19.44465704243179],[147.07355789183958,-19.444601578348752],[147.07352157457677,-19.44455664182757],[147.07347114037825,-19.444515533769266],[147.073432812519,-19.444490687832936],[147.07341005762112,-19.44447964449406],[147.07339568577152,-19.44446745906886],[147.07338282545513,-19.444448097460988],[147.07337826764538,-19.444417969139256],[147.07338128232774,-19.44438497294908],[147.0733918427011,-19.444331883917314],[147.07340013827903,-19.444284534449697],[147.07340465932288,-19.444232884781243],[147.07340159692205,-19.444159720506427],[147.0733917404861,-19.444104488868188],[147.07337508325253,-19.444052133822538],[147.07335388048259,-19.443996906769648],[147.07333569821063,-19.443921597740083],[147.07331374511122,-19.44387138665459],[147.07328120847544,-19.443822625799726],[147.0732501904688,-19.443782467780736],[147.07321841516182,-19.44375306438073],[147.0731775688192,-19.443720085885523],[147.07312840277316,-19.443680658142885],[147.07307696467774,-19.44365198562082],[147.07303460813156,-19.44362904807804],[147.07297637247902,-19.443610418640166],[147.07292191830518,-19.44359035074215],[147.07284931575256,-19.443570299152377],[147.07280016453797,-19.44356385725096],[147.0727132030737,-19.443560313372995],[147.07262850992427,-19.44355891037198],[147.07253020023205,-19.443551060183417],[147.0724727242785,-19.443548209306275],[147.0723918135637,-19.443547527663398],[147.0723199827624,-19.44354899322946],[147.07221864486198,-19.443544008885052],[147.07214303131929,-19.443544038964983],[147.0720900945281,-19.44355123557615],[147.07204926302262,-19.443551251794382],[147.07202354788433,-19.44354552335427],[147.07199934527986,-19.443534769603115],[147.07197211986585,-19.443517564456123],[147.07192523163593,-19.44350108104264],[147.07185943447448,-19.443488201929473],[147.0717996889909,-19.443480336067807],[147.0717429752111,-19.44347748465776],[147.07168853131415,-19.443480380019917],[147.07164013813448,-19.443486137782962],[147.0715856932858,-19.443486873213484],[147.071539564631,-19.44348617746456],[147.071492685875,-19.443491211611715],[147.07143749092816,-19.443497694980074],[147.0713959013726,-19.44350702874754],[147.07136263848045,-19.44351709124749],[147.07133390358885,-19.443533595515703],[147.0712998891974,-19.44356804078195],[147.0712794884735,-19.443602480694185],[147.07126060030066,-19.443631904339988],[147.071237926566,-19.443653430919536],[147.0712107079515,-19.443673522358328],[147.07116913349773,-19.44369577932559],[147.07112906362934,-19.44371659877183],[147.07107916029554,-19.443733120333917],[147.0710474069256,-19.443753213524516],[147.07100734045855,-19.443781922455724],[147.07098391748778,-19.44381133880973],[147.07096275265863,-19.443841477256946],[147.07093630547007,-19.443883095065473],[147.07090381439346,-19.443937620414896],[147.0708940017987,-19.443981382579484],[147.07087209459587,-19.44403519888205],[147.07084187021024,-19.444088286412587],[147.07080559383348,-19.444135646687776],[147.0707647777267,-19.444171531427852],[147.0707496619863,-19.444200944510467],[147.0707421231205,-19.444237530208426],[147.0707277575018,-19.444261213384728],[147.07070357537864,-19.444297805567913],[147.07067410402965,-19.44433009808059],[147.07064084411763,-19.44436955859687],[147.0706038122153,-19.44441046653354],[147.07056828180146,-19.44444276138646],[147.07053124583152,-19.444474333838198],[147.07050479223355,-19.444501600443008],[147.0704700208251,-19.444526719411027],[147.07042995592633,-19.444559738977112],[147.07040274077505,-19.444588442784028],[147.0703672087364,-19.444617149812558],[147.07032865144055,-19.444633657729575],[147.07028404525363,-19.444651613940476],[147.0702424633246,-19.444657368692447],[147.0702167499245,-19.44465594172396],[147.07019027989963,-19.444645188610416],[147.07016491698886,-19.44468343499288],[147.07005328805127,-19.44485265530276],[147.06812594029842,-19.44370850609598],[147.0687612130779,-19.441993937354447],[147.06601037499487,-19.43872844589067],[147.06313979291878,-19.438852500410405],[147.0622019527573,-19.437702536002828],[147.06143267506735,-19.437161078101948],[147.0610246746011,-19.43538534150515],[147.05964001272883,-19.4344107001756],[147.0606093226068,-19.43328456313259],[147.0608662938467,-19.432221723014887],[147.05954176551066,-19.43000924523469],[147.05972197591672,-19.428963575187844],[147.05632186609796,-19.428622520152608],[147.05584945461985,-19.432870331040462],[147.05400756068892,-19.432685443876604],[147.04991600103455,-19.412125964818753],[147.0411800228089,-19.407445605418363],[147.04119388858626,-19.40732391526169],[147.03425263373467,-19.40662106251539],[147.03418898191882,-19.407172267486203],[147.03406026703126,-19.408318851764136],[147.03361142808495,-19.41231300667966],[147.03358077792674,-19.412596114132423],[147.03351575083857,-19.413012148200753],[147.03345502781022,-19.41347036744602],[147.03258694449966,-19.422185728078627],[147.0393110479376,-19.422871193307046],[147.0389179272045,-19.426460518507206],[147.04233884498143,-19.426833001101162],[147.04324153139933,-19.429489761492732],[147.0419105671052,-19.441907397103122],[147.04078843355214,-19.452423813945742],[147.04029432376964,-19.452892722071457],[147.0399100205665,-19.45327481107435],[147.03959890766612,-19.45355268394087],[147.03912307344373,-19.453900052076964],[147.03872042884043,-19.45417795218052],[147.03840928358312,-19.454334281199266],[147.0379334137103,-19.454508013779495],[147.03743919224183,-19.45459493720758],[147.03673808610566,-19.45473635066405],[147.03545277910746,-19.466058756287612],[147.03715426858986,-19.46623186697766],[147.03650149487055,-19.47194521380332],[147.0266486416535,-19.470938774361038],[147.02604794460416,-19.47622676395153],[147.01258985640888,-19.474854135271215],[147.0106580755282,-19.491744423354987],[147.0119325996176,-19.498448552488043],[147.01210053404665,-19.499446771650284],[147.0151308158971,-19.49875271320233],[147.01621049502194,-19.49753400833229],[147.0182616351085,-19.49749638097326],[147.0205833611185,-19.50043895824336],[147.02170914972166,-19.502898153477084],[147.02455918775178,-19.504513159442585],[147.02846376744225,-19.51640001427284],[147.02795838649263,-19.51811508673154],[147.03088672262163,-19.52065582701411],[147.0309719595404,-19.525053506572537],[147.03194392941856,-19.53216226800714],[147.03395769221368,-19.534144834154976],[147.0325747793176,-19.535916389421747],[147.03066475051028,-19.552269080497357],[147.02837133525438,-19.558144687582242],[147.0245649592639,-19.5704792438968],[147.02257018506927,-19.57281110858793],[147.0225949353197,-19.574173577631754],[147.0221611183164,-19.579451713413217],[147.0211193451821,-19.578544412824947],[147.01539796879916,-19.582398000704572],[147.01259479534406,-19.584960383151707],[147.01119634269733,-19.58895589721213],[147.00957353311188,-19.590465241060265],[147.00607536885192,-19.591914871626155],[147.00333678602348,-19.596508536348388],[147.0043429504285,-19.59708866031343],[147.00811228258533,-19.600388542351276],[147.00934176746907,-19.60385427022231],[147.01791603455584,-19.60984322116304],[147.01910256426885,-19.610662645102785],[147.01856613961908,-19.617018930223235],[147.01892082911175,-19.617204912461833],[147.01892209759794,-19.617205572035022],[147.01892195474733,-19.61720730716844],[147.01831377438148,-19.624429951082206],[147.01889685121176,-19.624612403444885],[147.02235496354606,-19.623951234958536],[147.022700805644,-19.623885094569953],[147.02702574872436,-19.62305808453965],[147.03032254728777,-19.62498247296019],[147.0295753717584,-19.631815123073135],[147.0295187245981,-19.63232441585941],[147.02851593067604,-19.641515298285803],[147.02845979280937,-19.642029813531646],[147.0271950992716,-19.653578682423685],[147.02606625258775,-19.66388562179905],[147.02541933519467,-19.669791708391063],[147.02533168996587,-19.67045265237387],[147.02532204688518,-19.670525591530772],[147.0252386804877,-19.671283646633288],[147.02443653801123,-19.678577515648126],[147.02398385110786,-19.682693483333495],[147.02397188411547,-19.68280255259166],[147.02395625831596,-19.682944399566463],[147.0238997385177,-19.683458079694233],[147.02324109336712,-19.689449574077987],[147.02109722667768,-19.708948876169956],[147.0208359694173,-19.71132481951119],[147.02070647693228,-19.712502624073007],[147.0205992481056,-19.713477355898963],[147.02058162436637,-19.71363785465272],[147.02057500948638,-19.71369800553696],[147.02055056107778,-19.7139203360682],[147.02055045610885,-19.713920336080232],[147.02031662383956,-19.713923082850123],[147.01929116465496,-19.713935133924412],[147.01893397151747,-19.713991544654437],[147.01841777202668,-19.714073075795362],[147.01811165724183,-19.714189358648255],[147.0180686885385,-19.714205683763584],[147.01778369626592,-19.714368305546248],[147.01769081411035,-19.714423485478537],[147.0173815945049,-19.714607156126696],[147.01725522650668,-19.714659338797816],[147.017033588499,-19.714750850340113],[147.01668558187086,-19.714894543876436],[147.01586050047223,-19.715363466125574],[147.01570403723588,-19.715452385667934],[147.01470460911779,-19.715976398123544],[147.0140264940558,-19.716770829697108],[147.01334835208283,-19.71766665349289],[147.01306481314973,-19.718350700999448],[147.01298305249077,-19.71850424511635],[147.0128366248574,-19.71872662845892],[147.01269524861442,-19.718994431144864],[147.01258417824448,-19.71923593399699],[147.01248319185174,-19.719443963126437],[147.01239484248669,-19.719683069468665],[147.01232668618636,-19.719926963969243],[147.01224085804245,-19.720197157232274],[147.01213988267273,-19.72043865908811],[147.01200354774627,-19.720649076070355],[147.0118419711158,-19.720859494612995],[147.01165514227318,-19.721057967773092],[147.01158021734847,-19.721157072049312],[147.01149816555136,-19.721282609889407],[147.01139718185962,-19.72143205168153],[147.01132143523228,-19.721521721300796],[147.01122360498232,-19.72159943635923],[147.01118257303696,-19.72164726256969],[147.01116364452864,-19.721718999218773],[147.01116996081882,-19.721838548903033],[147.01119838270273,-19.722011894288045],[147.01121417972465,-19.722194214166183],[147.01121419244072,-19.722376525990157],[147.0111731737949,-19.722618619924052],[147.0111226849019,-19.722812899826607],[147.0110467660991,-19.723047350606016],[147.01098365752128,-19.723193202122253],[147.01089276844223,-19.723336669544263],[147.0108246012337,-19.72347535499124],[147.01078420463702,-19.723614038741932],[147.0107640235401,-19.723798150107523],[147.01073878800017,-19.72403486595994],[147.01071354649014,-19.724183109889555],[147.01063276507003,-19.724503511346086],[147.01058481188915,-19.724819130264084],[147.01051666944173,-19.725204090989344],[147.01042074162652,-19.725667964078927],[147.01033492552511,-19.726074442741098],[147.01022889961868,-19.726535912432553],[147.0101531772258,-19.72690653171558],[147.0100962274236,-19.727141541203252],[147.01004445266943,-19.727419367514532],[147.00998892249265,-19.727775634860407],[147.00989047712628,-19.72816537746174],[147.00975667639196,-19.728617296227622],[147.0096733603677,-19.728913785429057],[147.0096001430737,-19.72908354871313],[147.00945371039342,-19.729301148483735],[147.0093072666647,-19.72949960784385],[147.00905225052782,-19.729788939250586],[147.00876693309664,-19.73008783287575],[147.00848413373797,-19.730379550570525],[147.00811801037798,-19.730719095201994],[147.00786298735693,-19.73095103114018],[147.00754736340946,-19.731226021352658],[147.0072696159269,-19.731472308082587],[147.00704236219457,-19.731694680601894],[147.00681510773208,-19.731914667070292],[147.00656514007784,-19.732170512735063],[147.00623940173256,-19.73236898504211],[147.00591620095224,-19.73256027228648],[147.00563338728955,-19.732715699025086],[147.00533795718772,-19.732899818035957],[147.00497686431945,-19.73305286029023],[147.00448447724133,-19.73321307145624],[147.00388097169358,-19.733406756601966],[147.00316888507675,-19.733610011803147],[147.0028684004215,-19.73371521609582],[147.00262598904027,-19.73379413053072],[147.0024012527096,-19.733882596465747],[147.0021638894952,-19.733959115412574],[147.00188612782938,-19.734102580257975],[147.00167906614075,-19.73421974647519],[147.00155028249554,-19.73431060520797],[147.00146442697078,-19.734406244052163],[147.001376051992,-19.73452818945661],[147.00130534252784,-19.73464535413762],[147.00123212272146,-19.734736212224103],[147.0011260623855,-19.73482945624581],[147.00085081802484,-19.735001620832122],[147.00060083565063,-19.735145083534768],[147.00038619379748,-19.735250283339198],[147.00017155166842,-19.735360272472303],[146.9999745941035,-19.735518084923783],[146.99981550644674,-19.735666327062322],[146.9997119737511,-19.735795437918966],[146.99963622320348,-19.735962811244104],[146.99959076495088,-19.73614692104796],[146.99956804016853,-19.736383635011066],[146.9995781370237,-19.73663469069337],[146.99957813652136,-19.736825975923825],[146.99955288274256,-19.736962262181276],[146.99950995345654,-19.737086601531352],[146.99932561911515,-19.737421338769945],[146.99915137225165,-19.737720217220282],[146.9990301616531,-19.737925852495415],[146.99893420428558,-19.738141039895954],[146.99882309981788,-19.738408840284475],[146.99869935816457,-19.73872923557241],[146.99858066435155,-19.739107015453875],[146.99846955687215,-19.73955891638908],[146.99839379194177,-19.739903223603186],[146.99833318368547,-19.74016862928857],[146.99826247670973,-19.740503375376136],[146.99819428895444,-19.740852463089986],[146.99810842458425,-19.74123263768878],[146.99803266904004,-19.74146217541638],[146.99797458091726,-19.74159846101723],[146.99795943230083,-19.741744317221613],[146.99798973300497,-19.741935602685558],[146.99803518103323,-19.74209102065348],[146.99802508019042,-19.74233251494815],[146.99799982393006,-19.742492712670966],[146.99795942118186,-19.742619437355504],[146.9978255764079,-19.74295656820319],[146.99763617143466,-19.74341803758806],[146.9975048550661,-19.743724081097778],[146.9974164592173,-19.744044484835005],[146.99736089690663,-19.74430271480493],[146.99726745829494,-19.744780921544596],[146.99716390884933,-19.745409755874512],[146.997128552726,-19.745593865018957],[146.99708057016142,-19.745720589339633],[146.9969719781977,-19.74593099475075],[146.99681792424227,-19.74619401238682],[146.99654769858697,-19.746657864752823],[146.99634313937938,-19.747071508774802],[146.9961941376382,-19.74751623178461],[146.99606786118153,-19.747949008308876],[146.9959592499179,-19.748434389170075],[146.99587590216763,-19.748946068026306],[146.99580013297359,-19.749436220995687],[146.9957420338552,-19.74980683365931],[146.99569404265156,-19.750167876410863],[146.9956031122805,-19.750763236932688],[146.99546673079814,-19.75128208948593],[146.99535054997253,-19.751643130346597],[146.99507020490918,-19.752350868860454],[146.99462064144527,-19.753431601512368],[146.99433777428624,-19.754022174764444],[146.99413318992637,-19.75445016657515],[146.99390589103686,-19.75477772987991],[146.9936154473947,-19.75518419213669],[146.9932795369382,-19.755638475668533],[146.99294867469206,-19.756076022340746],[146.99268348429243,-19.756449011210297],[146.99245618096097,-19.75674788033146],[146.9921505752284,-19.757094560158937],[146.99178688406622,-19.7574699380987],[146.9914181449674,-19.757785535724043],[146.99107213632715,-19.758017451708163],[146.9907715849478,-19.75818480951377],[146.9904508364308,-19.758330639760135],[146.99018564863678,-19.758505173783508],[146.98993055723227,-19.758710785990992],[146.98958959034633,-19.75899768910293],[146.98907940525467,-19.759387394491192],[146.98871318161176,-19.75962886571153],[146.98839242591626,-19.759808174076223],[146.9879302341754,-19.76000898931584],[146.98748067522732,-19.760140463866474],[146.98708668461362,-19.76020499571594],[146.98664975914238,-19.760262348177275],[146.9863290121003,-19.760298191548838],[146.9857506510105,-19.760367486817067],[146.9851344097543,-19.76047503040311],[146.9847959804743,-19.76054672809918],[146.9844348100258,-19.76065668554376],[146.9841140527071,-19.7607833822447],[146.98381855520384,-19.760879002649848],[146.98357609810037,-19.76091245335867],[146.98318716007236,-19.760914802999604],[146.9825784990661,-19.760888447328156],[146.98197236941022,-19.760847739196425],[146.98154050035177,-19.76081422239043],[146.9809874069794,-19.760761560525815],[146.98025500079578,-19.760730394194553],[146.97964887233263,-19.760689687232297],[146.97902506264964,-19.760675264577802],[146.97848206193152,-19.7606799806637],[146.97793907007005,-19.76068948467667],[146.97738091767783,-19.760715712485684],[146.97694650976163,-19.760756305179182],[146.9764994755844,-19.760844709559137],[146.9761686122657,-19.760909225645147],[146.9757266217011,-19.761031110590068],[146.97527453544893,-19.761126686544095],[146.97503459768464,-19.761150564956964],[146.97459767406497,-19.761152898271646],[146.97410013923073,-19.761140871115515],[146.97374403956908,-19.76112646859189],[146.97325912990476,-19.761135966916548],[146.97278684087377,-19.761135895738022],[146.97241053119276,-19.7611358381325],[146.9720771547983,-19.761147742296387],[146.97155942712445,-19.76110701267548],[146.9711048396553,-19.761030415149552],[146.97073105850797,-19.76098492577563],[146.97032444467249,-19.76097290296915],[146.96969052757728,-19.761001489005192],[146.96925107018455,-19.761027711519677],[146.968750995443,-19.761073062599927],[146.968407515144,-19.761108860843766],[146.96798321062855,-19.761159003670745],[146.96754122237806,-19.761235430713057],[146.96709416628343,-19.761352512875888],[146.96676329878974,-19.76146004542385],[146.96642989730336,-19.761586708061696],[146.96610154181207,-19.761727721674642],[146.965879275321,-19.761818536724544],[146.9655862732937,-19.761969108156563],[146.96520739168312,-19.762155539038282],[146.96481335837788,-19.76235152720489],[146.96437386463677,-19.76256424184605],[146.96395914777588,-19.762786557609285],[146.96371266812338,-19.762932833737544],[146.9636034648597,-19.76298490945062],[146.96339633472894,-19.76311637257604],[146.9630805895681,-19.763312372894273],[146.96261074127287,-19.76366614333695],[146.96218131714565,-19.763976887233238],[146.96183271937784,-19.764225482327678],[146.96151694890307,-19.76450994231703],[146.96121633580086,-19.76479441406081],[146.96096119032757,-19.765028677020457],[146.96063785447063,-19.76524379345468],[146.9603549342003,-19.76545892729269],[146.96015029986538,-19.765664508023075],[146.95991030467,-19.765920298783325],[146.95967028233238,-19.766243025701176],[146.95940500747335,-19.766577711444036],[146.95924332906077,-19.76673548648638],[146.95901598944403,-19.766838247640504],[146.95873058254364,-19.766866874280602],[146.9585159045273,-19.766878780493705],[146.95835930173925,-19.766895480504182],[146.95820522937296,-19.76694565373084],[146.95809661454848,-19.7669934517267],[146.95799555756906,-19.767086680040904],[146.9578869193585,-19.76722294033825],[146.95780353601438,-19.767371162372395],[146.95775550201995,-19.767550479725724],[146.95774279919777,-19.76783022368592],[146.9577426700449,-19.76832038628701],[146.9577349627137,-19.76880575750344],[146.95772216582614,-19.769441772953275],[146.95773213883558,-19.769958235289284],[146.9576688446245,-19.77051771408582],[146.95750197571562,-19.77118477084273],[146.95728709439229,-19.771902025051908],[146.9570672105406,-19.772435177666527],[146.95681955111806,-19.772949183085746],[146.95649859695015,-19.773630552082224],[146.9563419038005,-19.773989161988922],[146.95609933112095,-19.774316672737896],[146.95586437369653,-19.774546152570185],[146.9555662612251,-19.774797133305704],[146.9552706835806,-19.775026606313343],[146.9549700583308,-19.775210630913325],[146.95457599060978,-19.775370737700193],[146.95419961549757,-19.77548301576039],[146.95384345211608,-19.77558573718778],[146.95347213916418,-19.77565259549127],[146.9532199266141,-19.775715851368425],[146.95308285571,-19.77576592515688],[146.95288836043423,-19.775794566241206],[146.95271408661134,-19.77578256442371],[146.95257264821376,-19.775751439999112],[146.9524766810267,-19.775713161275846],[146.95237564440347,-19.77570835387902],[146.95232260089475,-19.77572268133144],[146.9522821828622,-19.775751362754825],[146.9522569041181,-19.77581591571918],[146.95220888703483,-19.775909154805767],[146.95211539792902,-19.776011942766353],[146.9519991896452,-19.776078857074044],[146.95163796343306,-19.776215045465378],[146.9511605305649,-19.776377507887673],[146.95068058457093,-19.77654474886479],[146.95028903177175,-19.776697662518703],[146.94992778703266,-19.776884065556967],[146.94931137709727,-19.777218637235993],[146.9487076071007,-19.777543640309396],[146.94804319134198,-19.777911666529125],[146.94746972835776,-19.778200806692293],[146.94703269559216,-19.778391962091632],[146.94647945649098,-19.778657202418547],[146.9460221912647,-19.778908119399023],[146.94517331939863,-19.7794601880643],[146.94482214215765,-19.779706353908963],[146.9443118107657,-19.780014643501254],[146.94360190716873,-19.78040176100813],[146.9428338944134,-19.78080320771798],[146.94218460224164,-19.781197523254097],[146.94173488918727,-19.781486684839034],[146.9412245190175,-19.781869086226177],[146.94092383825156,-19.782151128392645],[146.9406357647631,-19.782466646924927],[146.94049677991367,-19.782631578477087],[146.9402693772512,-19.782810831013194],[146.94000663506725,-19.782956589671688],[146.93964284341828,-19.783119059248715],[146.93917548426975,-19.78329105393044],[146.93864751135146,-19.78343911495227],[146.93790483807976,-19.783567977900702],[146.9368539684615,-19.78378519144779],[146.93618204620898,-19.783859073604948],[146.9356591698161,-19.78388040310959],[146.934926637443,-19.783851915801854],[146.93455284237993,-19.783805889997897],[146.93408117076794,-19.783674808176187],[146.93388100713528,-19.78364305089878],[146.93358803497847,-19.783575987922088],[146.93321929581566,-19.78347304679271],[146.93291876714633,-19.783350990341038],[146.93242884529178,-19.78308300630061],[146.93204502588674,-19.78279593917456],[146.93180007689782,-19.782659560383426],[146.9312369096119,-19.7824082814666],[146.93075960925253,-19.78217377942244],[146.9304590932018,-19.782032596746134],[146.93037113344946,-19.782003011845067],[146.93030250290954,-19.78197993196889],[146.93027880041157,-19.78197559405293],[146.93015854104647,-19.781953569378345],[146.9298807105042,-19.781917602227967],[146.9295877157889,-19.78189118068441],[146.92924167779864,-19.781869527241923],[146.92859505900125,-19.78185731441758],[146.92795097030296,-19.781823583406105],[146.92738266108827,-19.781794661383266],[146.92690021771742,-19.781780114238682],[146.9264505984707,-19.781801455803556],[146.92597319723097,-19.781825161446058],[146.9255210423211,-19.78185845544727],[146.9251926786989,-19.78185114309787],[146.92473299124367,-19.781803126933035],[146.92411924482775,-19.781704835252032],[146.92331180342163,-19.781594547876043],[146.92299641630663,-19.781563289265062],[146.92258724394,-19.781510508808243],[146.92217303096615,-19.781438594097434],[146.92178914663256,-19.781349964384624],[146.9213419610173,-19.78121840783742],[146.9211577763782,-19.7811440614628],[146.9208698713248,-19.781043507201883],[146.92050620470775,-19.780923796731113],[146.92007940101203,-19.780777750891577],[146.9196627127262,-19.780622147532995],[146.91921824119257,-19.780454574832724],[146.91877884480843,-19.78025832019836],[146.91846319885624,-19.780086023553455],[146.91817531205706,-19.779956772790836],[146.91794044400712,-19.779889719799968],[146.91764242703286,-19.779820242654605],[146.91733431008564,-19.779750760345173],[146.91719287885763,-19.77971243266852],[146.91705903135062,-19.779666942131648],[146.91680147239776,-19.779525756430658],[146.9165969323366,-19.779408497701457],[146.91637472822492,-19.779279283691864],[146.91613231578884,-19.779147665151314],[146.91589748868657,-19.77900647976599],[146.91565762374873,-19.778824652733686],[146.9154379402162,-19.77869782448838],[146.91509702834472,-19.778549421598903],[146.9148697625966,-19.778446500706977],[146.91474099232377,-19.778353187547392],[146.91456428574838,-19.778159433310208],[146.91431688267653,-19.777922602262528],[146.91403920382055,-19.777623591445355],[146.91357722903084,-19.77715472392206],[146.91316575679602,-19.776721756232437],[146.91289816400013,-19.776456221217106],[146.9126103768651,-19.776164378532222],[146.91238314485324,-19.77600885064869],[146.91224429370442,-19.775886838558627],[146.91209030554037,-19.77572417091153],[146.91189595031827,-19.775484976792455],[146.9116990662482,-19.775262508526296],[146.91134564917525,-19.77490846648406],[146.9109972477788,-19.774618976868023],[146.91087607981376,-19.774494586757328],[146.91067166531258,-19.774188431817148],[146.91048994500807,-19.77394684767035],[146.91026027678924,-19.773633513340407],[146.90996993905918,-19.77341339102089],[146.9095128965028,-19.773195578771496],[146.90922503880765,-19.773049577227052],[146.9089372455026,-19.7728079376342],[146.90878827409006,-19.77271461891141],[146.9086569659127,-19.77266672859289],[146.9085407911196,-19.772647538104135],[146.9083943088256,-19.77262594628049],[146.90825795505074,-19.772570886816176],[146.90786914749023,-19.77229571192246],[146.90753841945363,-19.772037311599064],[146.9072405432312,-19.771774147169673],[146.90696539866423,-19.771491862921057],[146.906700361517,-19.771214373077562],[146.90644035163166,-19.770960788095376],[146.90603895791887,-19.77064017406385],[146.905546602732,-19.77036734350661],[146.90514761821828,-19.770223671472486],[146.90462739327535,-19.77010862616274],[146.90441525291803,-19.770077425987406],[146.903629787026,-19.770038751424018],[146.9025715553573,-19.76996883812585],[146.90177094323764,-19.769911016016586],[146.90136179602564,-19.769877318219663],[146.90097287842087,-19.769810148927988],[146.9005233770924,-19.76969035029707],[146.900167339959,-19.769556261129793],[146.89982900038578,-19.76939347993153],[146.89945531341618,-19.76919960029606],[146.8991851471228,-19.7690751094198],[146.89863973682913,-19.76885721958066],[146.8982357398692,-19.768670495533694],[146.897692918344,-19.768364132912232],[146.89730914759576,-19.768153497628028],[146.89690012145797,-19.767954811842774],[146.896571861862,-19.76783267832193],[146.89621836621157,-19.767677056841674],[146.8960113269918,-19.767574123696892],[146.89579926472138,-19.767430539354763],[146.89556450389605,-19.767241512954943],[146.89543072443826,-19.76711710498627],[146.89522368176807,-19.767021337198575],[146.89505953864187,-19.76698298776702],[146.89471354562372,-19.76694931181515],[146.89442563400894,-19.766922835741013],[146.89405439587728,-19.7668843630937],[146.8936654569639,-19.766864992230445],[146.89323361792387,-19.766790614356275],[146.8927992208962,-19.766759276723665],[146.89245321122397,-19.76675189381031],[146.89204154440156,-19.766732514796296],[146.89160208985007,-19.766727468623184],[146.89103126447756,-19.766767769984206],[146.89059934704235,-19.766810540239593],[146.89018510157467,-19.76686289038618],[146.88982896120172,-19.766900933774227],[146.88946015701978,-19.766989168674932],[146.88922778241403,-19.767005761347672],[146.88891706368625,-19.76709404010784],[146.8885482519178,-19.76719184320759],[146.88811632269892,-19.76724895806784],[146.8876566249966,-19.767291703839053],[146.88714606218124,-19.76730071771789],[146.88704034276077,-19.767300452204353],[146.88687112969944,-19.767293179042642],[146.8866488870465,-19.767276302050874],[146.886338234183,-19.767268929703015],[146.88596951736648,-19.767230441891307],[146.88557301809917,-19.76718475121412],[146.88519925708974,-19.767139083284324],[146.8848356094541,-19.767074298980802],[146.88455784272247,-19.766999990235576],[146.88416142559984,-19.766841931542572],[146.88384078686656,-19.76667913161235],[146.88349492376702,-19.766470886137903],[146.88301778476475,-19.766176486691865],[146.88260629918292,-19.76591319795024],[146.882293278262,-19.76570258594566],[146.88188183205781,-19.765389095518433],[146.8816041483319,-19.765195232947033],[146.88123810692375,-19.764967847648933],[146.88092001981968,-19.764771571453686],[146.880576712035,-19.764539410361873],[146.88016774220603,-19.76429286307895],[146.87984207377218,-19.76411571103196],[146.87951638989884,-19.76396007526979],[146.8792210043103,-19.76380445936363],[146.87889028831776,-19.763627302178183],[146.8785620749891,-19.763474048713057],[146.87823891369413,-19.763318412338347],[146.8779687666447,-19.763203459566107],[146.87755214663136,-19.763059714043184],[146.87710779059128,-19.762875300477045],[146.87658766115894,-19.762681272525196],[146.87615082702393,-19.76256142147665],[146.87566349762037,-19.76242957845806],[146.87521149549076,-19.76232405616349],[146.87476453439896,-19.76224244792724],[146.87444635587596,-19.76218006010117],[146.87398169483703,-19.76212712969364],[146.87360290313393,-19.762064697685492],[146.87314332062599,-19.76197591022109],[146.8728579815548,-19.76191114806438],[146.8725347454128,-19.761860700050356],[146.87219634559716,-19.76182938080748],[146.8718832012769,-19.76180046474883],[146.87147661286838,-19.7617643057633],[146.87116347078438,-19.76172104686843],[146.87086802428314,-19.761668230103226],[146.87063572694646,-19.761596327358262],[146.870342839491,-19.761495697274302],[146.86998185468408,-19.761289809527966],[146.86958048470552,-19.761048024127746],[146.86916649519148,-19.76079665851331],[146.86855559545126,-19.760451904590187],[146.86813908714842,-19.760202929530898],[146.86782100001543,-19.76003771705461],[146.86734639512287,-19.759795872552136],[146.8669425129132,-19.75955407937348],[146.86658914008953,-19.759307542405594],[146.86617258796784,-19.759118341919454],[146.86586535996148,-19.758962216184987],[146.8656848584026,-19.758871223717538],[146.86558514980493,-19.75881257160517],[146.86553468585072,-19.75876471036036],[146.86550188219155,-19.758726432462066],[146.86548802289698,-19.758691747411053],[146.8654552112468,-19.75866303055274],[146.86541354465047,-19.758653438177795],[146.86537692501517,-19.75865819117068],[146.86534407727805,-19.75867250804795],[146.86530367117098,-19.758673679559795],[146.86526074561579,-19.758662884292544],[146.86507518222845,-19.758587430892486],[146.86406785137558,-19.758170627413733],[146.86352249386178,-19.757990883974248],[146.86296965056184,-19.75770353964944],[146.86222746568455,-19.757344322021876],[146.86159123243544,-19.757121459929408],[146.86098523514045,-19.756970363121358],[146.8602276942943,-19.756847829183172],[146.85968218884298,-19.756847402469734],[146.85904574693484,-19.756868419413156],[146.8581896230031,-19.756846226436945],[146.8575002117659,-19.756795469940258],[146.8570684021992,-19.756737741324596],[146.85659878520403,-19.756593904792325],[146.8562428807192,-19.756385598664465],[146.85598158798786,-19.756273439386476],[146.85563928770617,-19.756138405259048],[146.85520695795404,-19.755961718853303],[146.85482826189886,-19.75581795119247],[146.854421173919,-19.755659221630818],[146.85394464499,-19.755491460856444],[146.85359749898868,-19.75537760140445],[146.8531745574866,-19.75529357325005],[146.85288739223634,-19.755170796983112],[146.85256549563917,-19.75506592089668],[146.8522151976472,-19.754946082774392],[146.85183649015534,-19.75482023802445],[146.85153038795204,-19.75470939975017],[146.85123058033912,-19.754604548620552],[146.85099704223836,-19.75453261940531],[146.85079821518693,-19.75447566586899],[146.85062147383422,-19.75443068637594],[146.85049523080792,-19.754400695936194],[146.85042418088747,-19.754387090263073],[146.85039346625922,-19.754385790397144],[146.850364178892,-19.75437906957068],[146.850335906862,-19.754368526973735],[146.85031066684624,-19.7543512905543],[146.85029856700007,-19.754327368765168],[146.85027638907022,-19.754281442700606],[146.8502622755094,-19.754247000257628],[146.85026121823702,-19.754295771595796],[146.85025411148283,-19.754332112118384],[146.85023186663358,-19.754357911974676],[146.85019245745542,-19.754376052239145],[146.8501379015214,-19.754382702937942],[146.8500712270016,-19.7543855208586],[146.8499439488833,-19.7543806246724],[146.84981160744098,-19.75438051371273],[146.849649975663,-19.75438707441503],[146.84945499420462,-19.754403177025186],[146.84923324515785,-19.75442283550304],[146.84886575401697,-19.75446197180998],[146.8485058183477,-19.754515464371732],[146.84819894039683,-19.754561834927692],[146.84784277666367,-19.754633258585436],[146.8474980073183,-19.754686762003878],[146.84719110556114,-19.75474747238716],[146.84691527655508,-19.75477407639605],[146.8468549257862,-19.754781498312468],[146.84675996549637,-19.7547881134164],[146.84664883958882,-19.75479088297445],[146.84656096952355,-19.754779330815637],[146.84647511986802,-19.754761093031423],[146.84640241334913,-19.754733287355045],[146.84631997916847,-19.75476665319282],[146.84623971251415,-19.75479914427332],[146.84623969418547,-19.75481827539963],[146.84623360835764,-19.754844088629802],[146.84621741929809,-19.754874682745534],[146.84618506004068,-19.754906211844617],[146.84612542418313,-19.75494442288628],[146.84595765108062,-19.75502389381098],[146.84589628213678,-19.75505772038216],[146.8455786358671,-19.75523278085317],[146.8451807246193,-19.755387854014284],[146.84484593212997,-19.755554936825042],[146.84445431505102,-19.75573392547595],[146.8441073263091,-19.755916693406554],[146.84384787099933,-19.756074116195418],[146.84348145172464,-19.756300947993136],[146.84311504311444,-19.756515814170974],[146.8428055179653,-19.756676941861624],[146.8423949664015,-19.75683797106675],[146.8420041289434,-19.756994769374703],[146.84194744232062,-19.757002337452885],[146.8416370551531,-19.7571062948622],[146.84127704392984,-19.75723748112825],[146.8407149478741,-19.757410327860143],[146.84021600628952,-19.757559326575404],[146.83986865699103,-19.757654653807506],[146.83906666932276,-19.7577973955534],[146.83847309322397,-19.75788054272674],[146.83769642891858,-19.757945592811556],[146.83707766171554,-19.757962969022195],[146.836610448949,-19.757956560788795],[146.83614327284593,-19.757914292930355],[146.83563321670488,-19.757847196259508],[146.83544596088237,-19.75783583654884],[146.83521582329172,-19.757829073109],[146.83504450716927,-19.757837111810645],[146.83485353736106,-19.757845231625122],[146.83464131623995,-19.75783837553067],[146.83451846842533,-19.757830065545665],[146.83434026414236,-19.757806965069648],[146.83421569944048,-19.757779007057817],[146.83405999052346,-19.75774936634081],[146.8338886981797,-19.75773446829506],[146.83369837955485,-19.757712991619908],[146.8334803856798,-19.757676749811733],[146.83323705645748,-19.75763372453597],[146.83320633653085,-19.75762789422505],[146.8331791989168,-19.757619310991153],[146.83313037998167,-19.7576055745837],[146.83308967867737,-19.75759696965618],[146.83303361383517,-19.757593483353165],[146.8329938339735,-19.757589153719014],[146.83294813998535,-19.7575810863161],[146.83296015443557,-19.757528900366943],[146.83319014340253,-19.756530301849846],[146.83333417030212,-19.755904919435956],[146.83353798001352,-19.754715029747068],[146.8335959263314,-19.75364857484055],[146.83359544986843,-19.753620198504933],[146.83352972978184,-19.75053077933369],[146.83352771968475,-19.74937652881428],[146.83352771468492,-19.74937214590693],[146.83359261807485,-19.746536422530987],[146.8336077736858,-19.745874346958274],[146.83442569467317,-19.74334215622542],[146.83683598762025,-19.735993164749317],[146.83699096391865,-19.735520611218973],[146.83728071172146,-19.735204654370243],[146.837803861936,-19.73463417548902],[146.83992303091327,-19.72837858328205],[146.84011235654418,-19.72781967314398],[146.84071055163545,-19.726053782578315],[146.84074816691745,-19.72594272490873],[146.84098245416286,-19.725480828998368],[146.84218747927397,-19.72310510604697],[146.8426234227818,-19.721064423273116],[146.84182299417202,-19.720984483013183],[146.84182293692282,-19.720984473925732],[146.8413311401845,-19.720942867083497],[146.84129778057485,-19.720940045144225],[146.8403542878828,-19.720847003637047],[146.83157987702504,-19.719911479129454],[146.79657216449505,-19.71620172278319],[146.79665652685898,-19.715488488232367],[146.75112296166446,-19.710652841075156],[146.72339258618854,-19.707702079864266],[146.7294485565917,-19.647179158531102],[146.7320898767948,-19.638545754510695],[146.73315279719057,-19.63543620936936],[146.73295001310012,-19.63480071724756],[146.7316403308435,-19.63311225140823],[146.7288107229927,-19.62946410888394],[146.72775921513283,-19.62466407188102],[146.7280519417436,-19.62019687007683],[146.7283627163519,-19.6200652183041],[146.73090604266798,-19.618987769450126],[146.73092779994533,-19.618670431698632],[146.73108837714307,-19.61632805590128],[146.73166725195304,-19.614832401185453],[146.73430880560866,-19.608006989001638],[146.7357737084889,-19.606263708027647],[146.7358056022469,-19.60622575416292],[146.73563594128146,-19.605141732633],[146.7355992573734,-19.60490733100124],[146.73805074302481,-19.60227353087956],[146.73723213598976,-19.600107810825207],[146.73689996490887,-19.599884988460754],[146.7186673022471,-19.598223983598306],[146.71881280146417,-19.59800238820816],[146.71903415814305,-19.597659019761682],[146.71923975149195,-19.597315626467438],[146.7194487134186,-19.596843722824115],[146.7197272049635,-19.59628524400524],[146.72001192954102,-19.595771616038967],[146.72016075427794,-19.595422150888673],[146.7202590692591,-19.59510549291176],[146.72030692211433,-19.594788756579078],[146.7203485758822,-19.59440624825231],[146.72033694645367,-19.593835371046225],[146.7202684496763,-19.593324176393565],[146.7202184162273,-19.59308200614941],[146.7200048545568,-19.592567594927054],[146.71968122304023,-19.59187966428619],[146.7195619475067,-19.591553703391707],[146.71954017871633,-19.591377330224788],[146.71955629683862,-19.59117710404135],[146.71959127074888,-19.59101277509911],[146.71966727280673,-19.590827589247564],[146.72002150029158,-19.59023635054832],[146.7203725122499,-19.589677991811733],[146.720919395209,-19.588913701769442],[146.72148538000602,-19.58804482689662],[146.7217699301806,-19.587620860531608],[146.7219154436361,-19.587355080250102],[146.72195981659664,-19.58722364192578],[146.72196316764402,-19.587110069795582],[146.72194131980672,-19.58697852935727],[146.72186282813536,-19.586778156925746],[146.72156749890652,-19.586135105591254],[146.72130377524394,-19.585456234651495],[146.72126305790272,-19.585291788260882],[146.72126680019997,-19.58495107112956],[146.72129880000068,-19.584679142300764],[146.72138744691844,-19.584479027843056],[146.72144119071078,-19.584398410230687],[146.72170968661047,-19.584135811160508],[146.72185487809844,-19.58406130797781],[146.72241024593407,-19.58384996523242],[146.7225933061617,-19.583760581524082],[146.7227102242841,-19.583620280748057],[146.72279882864387,-19.58343810398065],[146.72281176022744,-19.583252819623485],[146.722752165773,-19.5830644325326],[146.72265779185156,-19.58292978936396],[146.7224562661405,-19.58275613111009],[146.7219932066556,-19.58246848330632],[146.72136629380606,-19.582108863424523],[146.720909272853,-19.581976650013313],[146.72027274081793,-19.581712650328008],[146.71962365937023,-19.581406778433408],[146.71918271783792,-19.581098246166036],[146.71883638597575,-19.58078686907143],[146.7186256526267,-19.580472711632208],[146.7185786108514,-19.580323201965168],[146.7186012907526,-19.579973549574753],[146.71863941382568,-19.57981220772978],[146.71870898467049,-19.579698738866842],[146.7190784383995,-19.57940342423528],[146.71932155549754,-19.579230454402015],[146.71968442118649,-19.579093529286304],[146.72016716204976,-19.578935877743604],[146.72100017123222,-19.57863529508134],[146.72142931233574,-19.578468583446785],[146.72205406454154,-19.578245383570092],[146.72242330415685,-19.578069612502585],[146.72274212670536,-19.577875833715645],[146.72312723177888,-19.57764329685367],[146.72331033115668,-19.57752103561204],[146.7234873931505,-19.57724334603092],[146.7236106997181,-19.577049265880504],[146.72366780916101,-19.57684910173885],[146.72364609947567,-19.576630878340875],[146.72359604539065,-19.576400664552665],[146.72346705475104,-19.576227118493463],[146.7233127343965,-19.576113304441296],[146.72307321035345,-19.57604120999903],[146.72256569285565,-19.575941800076887],[146.7220550860532,-19.57580949820746],[146.72165170998488,-19.575662431189645],[146.7214312884499,-19.575482760089695],[146.72133697134413,-19.57531823079321],[146.72114234918465,-19.57480684063126],[146.72105483308883,-19.574358378070766],[146.72099579425543,-19.573850188538678],[146.72099017706216,-19.573446694301442],[146.72102529975658,-19.573192699464],[146.72114581457342,-19.572792382392223],[146.72131688116792,-19.572335354558984],[146.72141511838123,-19.572048580330698],[146.72146924233678,-19.57174978194899],[146.72164589337865,-19.57142076295496],[146.72172423877592,-19.57116877754018],[146.72172456710373,-19.570977491057043],[146.72167441785444,-19.570805258132445],[146.72156365223358,-19.570671185456952],[146.7213520208229,-19.570517834617128],[146.7210899850575,-19.57033570399918],[146.72074728422538,-19.570124764634397],[146.72044494175978,-19.569913887148132],[146.7202638303917,-19.569617110289844],[146.72015336386306,-19.569310890659736],[146.72014382168453,-19.568995248229346],[146.72016434216746,-19.56879443184649],[146.72025559851215,-19.568536339913393],[146.72047829548612,-19.56812542734571],[146.72070139363055,-19.567475404021543],[146.72089394019628,-19.56698792757103],[146.72111671562766,-19.56652919019771],[146.72125866858423,-19.566127712934485],[146.72148185930772,-19.565420303354],[146.72170506445192,-19.564703332250343],[146.72180670743592,-19.564273099670814],[146.72188319628575,-19.56379500420782],[146.72191909106388,-19.563455528659983],[146.72196518014633,-19.563058683548103],[146.72200639648926,-19.562556630637715],[146.7219918896175,-19.56219316537234],[146.7219522540868,-19.561767495538554],[146.72190267300974,-19.561265293670985],[146.72184270105592,-19.560935240567694],[146.72172730887357,-19.560562058555405],[146.72159671245782,-19.56022710684253],[146.7215418680803,-19.559854018053265],[146.72146169051007,-19.55953827541781],[146.7213714844288,-19.559189034992595],[146.72128637115117,-19.55881111877751],[146.72124137590967,-19.558576727632904],[146.72120639178996,-19.558380605766743],[146.7212066465311,-19.558232362380117],[146.72123718599337,-19.558074595514785],[146.72131310788393,-19.557931249532555],[146.72143942106288,-19.557816673904092],[146.72161616783677,-19.557711746188456],[146.72180799453153,-19.557635525133577],[146.7220099987234,-19.557511504500265],[146.72221705391163,-19.557382701769182],[146.72240396773904,-19.557229964826515],[146.7226212065508,-19.55704379199176],[146.7227727757865,-19.556910122757493],[146.7229729181811,-19.55673095406146],[146.72345188297177,-19.556281082698337],[146.7237881935279,-19.55607003098714],[146.72410136532017,-19.55583140737581],[146.72436409619243,-19.555592697178646],[146.7245562208811,-19.555344317691578],[146.7247583728285,-19.555124654961332],[146.72497045773378,-19.55500063725226],[146.72526319455812,-19.554915004911724],[146.72564668562094,-19.5548582026552],[146.72615116643902,-19.554849407211456],[146.72668587316932,-19.554859778522566],[146.7271198933666,-19.554755234529605],[146.72760438488478,-19.554631625138356],[146.7280586561188,-19.55447928530642],[146.72839180809896,-19.554355454849475],[146.72887636140848,-19.55419358823802],[146.72928009498665,-19.554098545709337],[146.72989567542555,-19.554013389509525],[146.73039016923292,-19.553937620710123],[146.73069306041407,-19.553813731751422],[146.73095565787452,-19.55364196716108],[146.73112750951896,-19.55344137442323],[146.73122884131755,-19.55317373001874],[146.73139084363424,-19.552829658991474],[146.73146189150873,-19.552571530596087],[146.73145232785,-19.552255896962706],[146.73141251918815,-19.55192108687776],[146.73133235142498,-19.55159578698884],[146.73119164038812,-19.551270387917498],[146.7309600814126,-19.550973555137055],[146.73069817069293,-19.55073405312321],[146.7305068072447,-19.550532918939272],[146.73023504102102,-19.550149947195074],[146.7300440860265,-19.549709710481487],[146.7297730706102,-19.548877208433083],[146.729572309934,-19.548264800417975],[146.72943174871202,-19.54785332209374],[146.7292508522113,-19.547432231016447],[146.729009551908,-19.546934523260806],[146.72880841299383,-19.546551655256344],[146.72867769443374,-19.54629322477526],[146.7284969935297,-19.545757353408764],[146.72825609816326,-19.54502054246779],[146.7281358194291,-19.544551717212148],[146.72803583382336,-19.54401596676566],[146.72798639727338,-19.543413345742945],[146.72797695284476,-19.543030756211174],[146.72804822587523,-19.542638735996295],[146.72814961980458,-19.54233283011881],[146.72826085204653,-19.54217997272854],[146.72846291199676,-19.542008111275532],[146.7288567282054,-19.541788731350664],[146.72936159873038,-19.541521683709053],[146.72977564665916,-19.541264069081777],[146.73011913506508,-19.54097765539863],[146.73039193390989,-19.540729398546326],[146.7305638675859,-19.54047141158937],[146.73076630982172,-19.540060454172064],[146.73096902989306,-19.53948690185607],[146.73109077017483,-19.53907582383712],[146.73120248810116,-19.538626467822265],[146.73127371964995,-19.538253568435454],[146.7313753419463,-19.53780419724865],[146.7314670842438,-19.537230479180277],[146.73149809172614,-19.536781002918786],[146.7315493415845,-19.536293302743772],[146.73170170539854,-19.535662289028636],[146.73188452143023,-19.53491654938825],[146.73210735317667,-19.53437170889117],[146.73242081099906,-19.533932221004743],[146.73293634909027,-19.533292182084097],[146.73340153482317,-19.532594672827514],[146.73375552188023,-19.53204047127256],[146.73404893284834,-19.53151486355709],[146.73428190920617,-19.530931790030284],[146.7344037751503,-19.53043462214036],[146.7344548482075,-19.530042568955228],[146.73450578991554,-19.52973658476019],[146.73461744480386,-19.529315918667727],[146.73471891144322,-19.528952623038773],[146.73479039575636,-19.528417126817523],[146.7348314547554,-19.527986795697423],[146.73482187583508,-19.52767116131128],[146.7348626848746,-19.52739386385467],[146.73491361538936,-19.52708787942252],[146.73503525806981,-19.526724613087225],[146.73511652232406,-19.52638041901773],[146.73519778622506,-19.526036224894565],[146.73524868448808,-19.52574937178663],[146.7352613627144,-19.525414963740715],[146.7353232041331,-19.524559467576573],[146.7354045607893,-19.52428625074154],[146.7354514828446,-19.52412865827411],[146.73547694375867,-19.524009884859726],[146.73553289800543,-19.52374891219145],[146.73555892315576,-19.523699210091294],[146.73571570484262,-19.523399733131413],[146.7358173286426,-19.52320562929575],[146.7358478483542,-19.523134949582772],[146.73594563555054,-19.522908532448195],[146.73634572930752,-19.522086433325665],[146.73663087255156,-19.52168222190708],[146.73667730141756,-19.521592524043275],[146.73668269389856,-19.52158210308629],[146.7367199153626,-19.521510185845603],[146.73698942813053,-19.520915828610494],[146.73728942486,-19.519987820352814],[146.73748642921194,-19.51860882821632],[146.7376052740822,-19.51792222625126],[146.7375919806015,-19.517584183250673],[146.73745120946663,-19.517099292120093],[146.73709082192747,-19.516629788253944],[146.73709021323583,-19.51662899210423],[146.73656392068864,-19.516255391685547],[146.73628451310253,-19.516114231671903],[146.7359274454085,-19.515933827216802],[146.7353698395254,-19.515478156893032],[146.7349538030068,-19.515007772096848],[146.73444383085712,-19.514276265990212],[146.7340266619106,-19.51381415538198],[146.73391445954883,-19.513689874807106],[146.73382370077982,-19.513589339074127],[146.73348627189395,-19.513148898023218],[146.7333045751269,-19.512796327821118],[146.73326959047614,-19.51263787389618],[146.73324452983852,-19.512524376111603],[146.73324471024006,-19.51241437675417],[146.73324482691055,-19.512343236846963],[146.73324488941023,-19.512305127473162],[146.733244892493,-19.51230324776017],[146.7332478366715,-19.51228048763736],[146.73327268316243,-19.512088657522312],[146.73332156361306,-19.5119912101953],[146.73339655752335,-19.51184169339563],[146.73352717210759,-19.511668861432426],[146.73356840517104,-19.51161431093935],[146.73365428530997,-19.51157375235093],[146.7337534422901,-19.511526923436083],[146.73380179036587,-19.511504085522215],[146.73451568821838,-19.51116693896155],[146.7345767725752,-19.51113020238426],[146.73481778027613,-19.510985266258572],[146.73501019089372,-19.510764419236985],[146.73519888766924,-19.510494522187216],[146.73526457268815,-19.51040056914502],[146.73528740337514,-19.51036820452325],[146.73536081496476,-19.51026413215175],[146.73537686213348,-19.51021279774496],[146.73540128250224,-19.510134707671295],[146.73539472423934,-19.509848375413352],[146.73506568349578,-19.509087312848216],[146.73447687458741,-19.508489910221854],[146.73355802931454,-19.507742889634656],[146.7331109670515,-19.507423916707744],[146.7328678365174,-19.507250443084946],[146.73241358924219,-19.507077461362265],[146.73241353208994,-19.507077443203524],[146.7322302569509,-19.50701762657547],[146.73214080772794,-19.506981273454876],[146.73164087562787,-19.506778137636896],[146.73156353122388,-19.50670650323971],[146.73143693318707,-19.50658925772667],[146.73134250815852,-19.50650180101873],[146.73112294579974,-19.506128630923147],[146.73094042546774,-19.50550954360521],[146.73084142777373,-19.505173758148498],[146.73081605330097,-19.505101866348785],[146.73055966324227,-19.504375470508887],[146.7300734639967,-19.503569421970937],[146.72953171855687,-19.50306155894595],[146.72823624853146,-19.501859083311327],[146.7280221941209,-19.501573948174972],[146.72760856941383,-19.501022984134494],[146.7274326581848,-19.500759414023484],[146.72723992173,-19.500470631954574],[146.7270875390471,-19.500128736160292],[146.72688739171824,-19.499679696458678],[146.72686727538678,-19.499485811002426],[146.72684096956885,-19.499232217032073],[146.72688099344003,-19.498807243921306],[146.72698373285226,-19.498501673357627],[146.72723592065637,-19.498166505501846],[146.72774799308252,-19.497593112339114],[146.72820509281175,-19.49697489236383],[146.7283608700481,-19.496698509093015],[146.72837986186244,-19.496664820108734],[146.72852844132473,-19.496401204361348],[146.7287102155728,-19.49584967952309],[146.72873438255417,-19.495506711939434],[146.72855415042514,-19.495133606457873],[146.72851263032092,-19.495087527194357],[146.7284931686905,-19.495065917370944],[146.72827160498613,-19.49481999223685],[146.72798521587086,-19.494634454877314],[146.72753326785895,-19.494341659467892],[146.7274564425092,-19.494306100255486],[146.72690043331335,-19.493967825448557],[146.7264125650855,-19.49353746428274],[146.72605724350555,-19.493012132508294],[146.72601663631696,-19.492950943993627],[146.7257748949091,-19.49258667132235],[146.72536629974505,-19.492422010243093],[146.72489452739472,-19.49241382938518],[146.7244304944697,-19.492630050722248],[146.7243043386439,-19.492688834903483],[146.72398873147603,-19.49280652341037],[146.72366703064458,-19.492926479414102],[146.7231165244994,-19.492985292394806],[146.72281743236928,-19.49291160700053],[146.72253503875422,-19.49284203148185],[146.72238557388596,-19.492805211085415],[146.7214365837822,-19.492511719113295],[146.72123132228856,-19.49244823375749],[146.7212224645407,-19.492445499947532],[146.72093436198236,-19.49240506689164],[146.72072860312488,-19.492376183319806],[146.72057785433293,-19.492355029817087],[146.71941428979633,-19.492263744901912],[146.71873818605408,-19.49219558629169],[146.7184711433611,-19.492023664904497],[146.7181179993499,-19.491627913393227],[146.71800852242086,-19.49127727455715],[146.71792358483748,-19.49057964862016],[146.71790773434313,-19.490449426193955],[146.71790552712767,-19.490414340669787],[146.71788478216078,-19.49008401077944],[146.71792820270068,-19.48991617782913],[146.7180143432506,-19.489583176743736],[146.718035180417,-19.489502616178363],[146.7182329246293,-19.488824362949476],[146.71841494395593,-19.488146084985992],[146.71848677760866,-19.48752728955289],[146.718597773339,-19.486998031425234],[146.71873226273723,-19.486521017125565],[146.71898478295526,-19.48599197841929],[146.71916641016963,-19.485537403731918],[146.71915952572186,-19.48497067512073],[146.71915657700401,-19.484807315520214],[146.71915442911597,-19.484687949872452],[146.7191349399639,-19.483605959097723],[146.71935458320382,-19.482980659432588],[146.719489214901,-19.48244536409957],[146.71955220325742,-19.482194925404343],[146.71965071185772,-19.481636231064982],[146.7197503552068,-19.481071112988715],[146.71990684793934,-19.480277949474544],[146.71998399790434,-19.479886914736518],[146.72000055058052,-19.47980302154921],[146.7199973922557,-19.479500534945558],[146.71999178780757,-19.47896354009365],[146.72007494415286,-19.478109650826827],[146.7201777121228,-19.477054408296965],[146.72040821046212,-19.47598142400887],[146.72076105761835,-19.474988109446063],[146.7210309359488,-19.47460752862516],[146.72143690838863,-19.47404803159424],[146.7218465073473,-19.473483532582687],[146.7222193992149,-19.47321039684663],[146.7224617029018,-19.47303290823472],[146.72282302998053,-19.472768230342762],[146.72364107708964,-19.471992159374054],[146.7243978244384,-19.471242325574895],[146.72504779037172,-19.470515868261003],[146.7250589340877,-19.470495813678145],[146.72534186496566,-19.469986683492696],[146.7255842719602,-19.469550475422324],[146.72586623710876,-19.468520017220865],[146.7259282522759,-19.46752425394983],[146.72593202948792,-19.466711151637476],[146.7259682148901,-19.466162308231514],[146.72601331697646,-19.465478065665486],[146.72604467413612,-19.46523938780564],[146.72611271574652,-19.46472142715918],[146.72614698465475,-19.46462099489562],[146.7263082078163,-19.46414851424342],[146.72672181624833,-19.463486019404815],[146.72672324927638,-19.46348371709215],[146.72675482435295,-19.463449631376704],[146.72703948627048,-19.46314231818135],[146.72727242279169,-19.46289083955447],[146.72732771557176,-19.46280917267257],[146.72739704877583,-19.462706759515324],[146.72780103066705,-19.462110028966787],[146.72833190173435,-19.46164343282313],[146.7283535613065,-19.46162439688816],[146.7284266981105,-19.46156011675202],[146.72845875875606,-19.461502905381817],[146.72857056473873,-19.461303369826364],[146.72875595185664,-19.460972498914852],[146.72880560951623,-19.46082952411617],[146.72915378502364,-19.459827065185493],[146.72921596387383,-19.459648050709323],[146.7292719371938,-19.459528220299227],[146.7296068669584,-19.458811224241284],[146.72989763124588,-19.458176354625184],[146.72997916115065,-19.45788663639283],[146.73005831400442,-19.45760534623971],[146.7300761700852,-19.457506470182146],[146.73013294025486,-19.45719205259483],[146.73013460151898,-19.457155382285347],[146.73015074919667,-19.45679903507128],[146.73035252080285,-19.456291709042926],[146.73043004326198,-19.4560967753205],[146.7309730982289,-19.454990538845816],[146.73138095410928,-19.45453832748664],[146.7319206760296,-19.453673420319245],[146.73205083245765,-19.453484763099347],[146.73235480660256,-19.453044135176913],[146.73325146814287,-19.451744384804964],[146.73487866951382,-19.44894820420997],[146.73683101142052,-19.445732702892467],[146.73715686564566,-19.444992714545247],[146.73808553233056,-19.442883759838168],[146.73822266218028,-19.44257234687415],[146.73831483930758,-19.442151627580856],[146.73920335197025,-19.438096053954258],[146.73927572138402,-19.437888501590997],[146.739973872638,-19.435886294234916],[146.74169097619642,-19.432026722575582],[146.74251942759167,-19.429447826957816],[146.7422854280457,-19.428165822339675],[146.7414364290312,-19.425460822610642],[146.73882343857497,-19.419341820324927],[146.73868434259856,-19.41912066977725],[146.73842507782695,-19.41870845334139],[146.7377504425252,-19.417635822298113],[146.73660444626748,-19.416286826053014],[146.73621030463516,-19.415510103154983],[146.73599044298211,-19.41507682951111],[146.73598119101476,-19.41485461838141],[146.73590444436462,-19.413010827062788],[146.7362324370498,-19.411401822546317],[146.73634743932044,-19.410089823248242],[146.73626790143538,-19.409769040603653],[146.73603620718848,-19.408834528027537],[146.73591712465085,-19.40835424428381],[146.73536737614353,-19.40778217547989],[146.73535654589594,-19.4077709083834],[146.73531043325676,-19.407702890451933],[146.73483754573215,-19.40700535996009],[146.73442408544273,-19.406431028984322],[146.73413057487184,-19.406023310870747],[146.73372836013883,-19.40536593375424],[146.73358808469996,-19.404839337792442],[146.7333782275797,-19.40429374283329],[146.73322240035668,-19.403831757870858],[146.73316670464422,-19.40317015221763],[146.73316392034567,-19.403137071934097],[146.73309615385662,-19.402705662445776],[146.73300899964758,-19.402429863316495],[146.73287462083545,-19.402004654801964],[146.73283672466943,-19.401607485885165],[146.73280747157418,-19.401300918679922],[146.73271150244855,-19.400912321991374],[146.7326181252956,-19.400563944656543],[146.73260870619038,-19.4005288031498],[146.7324549235103,-19.40017705635015],[146.73213579730592,-19.399642685822243],[146.73178670491845,-19.398588612549872],[146.73174500598677,-19.39838108366078],[146.73169762007333,-19.398145268916423],[146.73151536131593,-19.39783051375993],[146.73135309451442,-19.397550292052465],[146.73107957855166,-19.397050075379422],[146.7309316426642,-19.396650655516034],[146.73090923593398,-19.396220053169365],[146.73086745989082,-19.39568967835541],[146.73084058541008,-19.39521934173225],[146.7308265239898,-19.39475851313112],[146.73081973713158,-19.394536196531142],[146.73081472712954,-19.394507532092092],[146.7306877136239,-19.393780625042286],[146.73069404049454,-19.39308390088164],[146.73089401006277,-19.39247519667849],[146.7313233574047,-19.391859077304392],[146.73137539821218,-19.391775550842453],[146.73181133583125,-19.391075809501928],[146.73225815534667,-19.39035262241055],[146.7327409524196,-19.389558336921947],[146.73288661472637,-19.389318684879182],[146.73341216591007,-19.388553641445707],[146.73342256156397,-19.388538510291145],[146.73350023776632,-19.38842544189719],[146.73427570242737,-19.387392238681244],[146.73439530776443,-19.387232870147866],[146.73522644042586,-19.38618410045918],[146.73542975830662,-19.385927540144536],[146.73547114513755,-19.38587531995912],[146.7359467289479,-19.385042019127226],[146.7361668416896,-19.384656331225997],[146.7366898637917,-19.38373944843038],[146.73674232101084,-19.383654212868684],[146.73699095255898,-19.3832502376306],[146.73716381587386,-19.382757931086502],[146.73722288132825,-19.382589715992424],[146.73735258955853,-19.382225061088434],[146.73744607021305,-19.381962239585967],[146.73739242086648,-19.381312393938394],[146.73738666466554,-19.381267542864077],[146.73732469200783,-19.38078443119116],[146.7372835997479,-19.380464056041017],[146.7372444806272,-19.380344509203535],[146.7370158131025,-19.37964567268675],[146.73671951609782,-19.37908901124088],[146.73657678610553,-19.37874598607039],[146.7363706553347,-19.378230194417824],[146.73599435785417,-19.377551919189788],[146.73556161084974,-19.376715337151612],[146.73529857577952,-19.376183212571434],[146.73503160651617,-19.375346653386003],[146.73500052012696,-19.375249240889648],[146.73473974737303,-19.37454565517677],[146.7345457854235,-19.373843214841894],[146.7342876715604,-19.37295288671555],[146.73414359104305,-19.37257994426862],[146.73405891060773,-19.372360757784758],[146.73394750542107,-19.371997894250285],[146.73382274027543,-19.371734999163728],[146.73380876237636,-19.37121826527111],[146.73377170817884,-19.370539550174584],[146.73373214650394,-19.369968446872097],[146.73367105556395,-19.369086367509396],[146.73346415052066,-19.367946775149495],[146.73341331893644,-19.36766679005935],[146.7332845499493,-19.36673008049756],[146.73324218246984,-19.366421902477335],[146.73314358967028,-19.36583117378155],[146.73319385774477,-19.36518688254292],[146.73318933433225,-19.364666248984218],[146.7331826014152,-19.3641575684407],[146.7331780150771,-19.36323665679381],[146.73324968246945,-19.36224410099603],[146.73333345290476,-19.361291489364383],[146.73337026880054,-19.360872874418906],[146.73341315011692,-19.360430681090378],[146.73349379592156,-19.359870435114317],[146.73359132358075,-19.35909301235413],[146.73363809987154,-19.358720131292063],[146.73367809350373,-19.35809101597641],[146.7337078465235,-19.357623074157193],[146.73371089295665,-19.356461809032588],[146.73373242151993,-19.35542899023969],[146.73365430687085,-19.354314554742707],[146.73354449928155,-19.35356782601334],[146.73330058018792,-19.352589239687628],[146.7330615216748,-19.351855353013192],[146.73251209709096,-19.350299884766116],[146.73184984359798,-19.348362369995563],[146.73158155041406,-19.347365471772154],[146.73154285398408,-19.347221695113323],[146.73103328541413,-19.345822815160652],[146.73095468381794,-19.34557091180626],[146.73067400629057,-19.344671424554303],[146.73034724644253,-19.343438429540555],[146.73006106317033,-19.34241156177431],[146.72992141810113,-19.34191046415729],[146.7297048915611,-19.341185399198714],[146.72963061127228,-19.340936682718926],[146.72940789745402,-19.340085339411687],[146.72933745473037,-19.3399638100246],[146.72909517819218,-19.339545783493403],[146.72881136637346,-19.339109412437036],[146.7287510544012,-19.339016690643938],[146.7286338131326,-19.338679814447595],[146.7286700588407,-19.33854665899856],[146.7287504333091,-19.33825137726573],[146.72875233995143,-19.337454301565234],[146.72860943648942,-19.336446685749685],[146.72855535858017,-19.335612518899723],[146.7294380952899,-19.33552057553408],[146.7300445656546,-19.335714800074488],[146.73022894489458,-19.335773842436904],[146.73274025345842,-19.33657809075216],[146.73293152491252,-19.33663869491249],[146.73313639421076,-19.33670360245035],[146.73603551278572,-19.337630638278714],[146.73659187086977,-19.337808727407946],[146.73677500844772,-19.33786730048917],[146.74111428385746,-19.339254610427584],[146.7436966391919,-19.338710320621907],[146.74493573718675,-19.338460162614453],[146.75160793973453,-19.337075963181775],[146.75205653521374,-19.337119546220517],[146.75892719015346,-19.337786884922995],[146.76624650742178,-19.338497504350894],[146.76722511862692,-19.329451634281302],[146.7674184017163,-19.32777823542168],[146.7675883358849,-19.327796029637685],[146.77230782394227,-19.32826325668069],[146.77288863331503,-19.328320906969875],[146.7736190735955,-19.328395568698948],[146.7740859547884,-19.32844200300838],[146.77496526341835,-19.32852814035968],[146.78265872616467,-19.32929478999485],[146.78246802391146,-19.330996866477463],[146.78247459195015,-19.330997506925016],[146.78247444738972,-19.330998835237015],[146.78212944416498,-19.339930832023196],[146.78215395963824,-19.339930969774333],[146.78215974006204,-19.3399299193191],[146.78216287233667,-19.339929932100105],[146.78268563860706,-19.339931993087003],[146.78270752644815,-19.33993208244419],[146.7832185258213,-19.339818296788795],[146.7832432772302,-19.33981278636082],[146.78359888980677,-19.340125176557258],[146.78408475252695,-19.34060680830563],[146.78448473292147,-19.341370472692912],[146.78462810426856,-19.34189410969174],[146.78492754665348,-19.342442720121134],[146.78520110290972,-19.342970260701474],[146.78537779021244,-19.34321798240935],[146.7858335091469,-19.34364545860751],[146.7852043476879,-19.344179771319936],[146.78441707970822,-19.345524639693508],[146.78420549874306,-19.34571753432903],[146.78367566325892,-19.346008449225153],[146.7826713369361,-19.346263235479707],[146.78251826017947,-19.346405426367898],[146.7829169914833,-19.346743408633372],[146.78301085265883,-19.34689977524732],[146.78268838769105,-19.347695549362843],[146.7827194448014,-19.34792625426296],[146.7838862196983,-19.34887263551937],[146.7842073805241,-19.34905903982165],[146.78488910764077,-19.349283067137222],[146.7856339223495,-19.349209540997048],[146.78660581193716,-19.349344614635566],[146.78702937179824,-19.349315151629266],[146.78781403602466,-19.34926056012909],[146.78786804505626,-19.3492568002479],[146.78841603056478,-19.34984526824497],[146.78828178322374,-19.350604073182957],[146.78840642011744,-19.351206924051848],[146.78856287156248,-19.3514749710382],[146.7909989725656,-19.35298082852542],[146.79247010620597,-19.353379509705068],[146.79255104440793,-19.353337054330662],[146.79263675176315,-19.353272815438164],[146.79267627452714,-19.35324319099654],[146.7928026772011,-19.35247691820076],[146.7923177608534,-19.351598356830642],[146.79251814741272,-19.35110821257493],[146.79257558676377,-19.351012356145876],[146.79298532978538,-19.35062437219267],[146.79364204147933,-19.350199316056752],[146.7937801475177,-19.350123224776993],[146.79463235616282,-19.350008654652267],[146.79491401051092,-19.350170902206205],[146.79493003275581,-19.350180129246876],[146.79591647942487,-19.351222947990415],[146.79643389437828,-19.35120865151676],[146.79706909040618,-19.3510382209278],[146.79715263437285,-19.35114273089086],[146.79743715805148,-19.351498683154453],[146.7974917547108,-19.35156699351262],[146.79818027593663,-19.352654112825746],[146.7986192510053,-19.3526843674974],[146.79930413700106,-19.352464053037192],[146.7993799760408,-19.352439654542515],[146.80036139880295,-19.351213006964695],[146.8005512702704,-19.351105309610027],[146.80078724300668,-19.350998096263602],[146.80135267443046,-19.351399400375985],[146.80252631713338,-19.35223235178534],[146.802581027435,-19.352382294659993],[146.8029713720707,-19.35222632684664],[146.80380125352124,-19.35170934019001],[146.80381280198716,-19.351702140863505],[146.80421580617096,-19.350956418890355],[146.80445685795615,-19.34995644751818],[146.80568756758663,-19.348143200658495],[146.8081084458779,-19.347102834427247],[146.8102174388704,-19.344714829336958],[146.8102167855204,-19.344711719822577],[146.81022245790666,-19.344705291166942],[146.80994729561826,-19.34339559780099],[146.80997068981753,-19.34167494548626],[146.80997077285463,-19.341669008059604],[146.81117129372592,-19.340972647721877],[146.8123069426818,-19.33984083997969],[146.81337127336087,-19.33929808541566],[146.81452070659026,-19.336955195805885],[146.81430812023288,-19.334524338340618],[146.81328516277316,-19.332979954213123],[146.81328430742,-19.332978661000254],[146.81216569016163,-19.331293849987315],[146.81095182645848,-19.331174703578302],[146.81069623936776,-19.33114961287381],[146.81060158171945,-19.33114033265308],[146.81050692408235,-19.331131052383316],[146.81031760886242,-19.331112473621953],[146.81012828416698,-19.331093894654433],[146.80993895951624,-19.331075315490665],[146.80974964443024,-19.331056736140567],[146.80955085791862,-19.331037233931916],[146.80933180540117,-19.3310157311421],[146.80910937366625,-19.330993908245468],[146.80903225146747,-19.33098534144259],[146.80889947224293,-19.33097057994123],[146.80854017377897,-19.330937045080702],[146.80832719461702,-19.33091619815007],[146.8081284179262,-19.330896739589765],[146.80792964130566,-19.330877262738497],[146.80791751405843,-19.330876066074214],[146.8077308742544,-19.330857785680923],[146.80753208820147,-19.33083831742424],[146.80732786683728,-19.330818310005835],[146.80711062334626,-19.330797149881125],[146.80711014739364,-19.330797104191017],[146.80714407444225,-19.330483057039174],[146.80714785687834,-19.33044809564575],[146.8071668751865,-19.33027206874913],[146.80718777025902,-19.330078665062793],[146.807208665259,-19.32988527944419],[146.8072372982925,-19.329620326411987],[146.80726724026349,-19.329343174365814],[146.8072870377567,-19.329160044921824],[146.8073140249724,-19.32891012821972],[146.80733354353262,-19.328729339133],[146.80735305252796,-19.328548550030188],[146.80737306175027,-19.328363297012285],[146.80739307094666,-19.328178025913395],[146.80741454305723,-19.327979164218902],[146.8074481899965,-19.32766752053708],[146.80746967159362,-19.327468568460745],[146.80748922834175,-19.32728738172433],[146.8075270329,-19.32693704456806],[146.80754656066014,-19.326756110828477],[146.8075660980328,-19.326575059607798],[146.80758563537114,-19.326393999343775],[146.8076051630177,-19.326213047511416],[146.80762468112073,-19.326032077588344],[146.80764421819737,-19.32585112575393],[146.80766373610487,-19.32567024619191],[146.80768325396753,-19.325489366623856],[146.80770281926797,-19.32530858651039],[146.80772237499318,-19.325127815418167],[146.8077419402038,-19.32494703529262],[146.80776150536954,-19.324766255161027],[146.80778107047976,-19.324585484060698],[146.80780063555565,-19.324404703917015],[146.80782019106687,-19.324223923757238],[146.80783975604237,-19.324043152638776],[146.80785932098348,-19.323862372476945],[146.8078788858797,-19.323681592309065],[146.80789845073102,-19.323500812135137],[146.80791800601773,-19.323320031945144],[146.80793757076864,-19.323139260796438],[146.80795714500485,-19.322958480614393],[146.80796749066505,-19.32286259641336],[146.8079766335193,-19.32277770033609],[146.8080038014357,-19.322526057401905],[146.80802384773324,-19.32234035235196],[146.8080299588242,-19.322283730878993],[146.80804356686588,-19.322157602158118],[146.8080741042324,-19.321873581988612],[146.80808449670445,-19.32177824909492],[146.80809360200843,-19.32169279264684],[146.8081247334056,-19.32140534792996],[146.80815498059044,-19.321125014647],[146.80819116765994,-19.320787743374574],[146.8082125783395,-19.320590851484283],[146.80824064129365,-19.320330226282923],[146.8082599946724,-19.320150485068712],[146.8082793575265,-19.319970743858562],[146.80829871082742,-19.31979099359513],[146.80831806407366,-19.319611252363078],[146.80832913120818,-19.319508545675614],[146.80833742678462,-19.319431520172397],[146.80838610297766,-19.318979560089],[146.80845933423473,-19.318564362510106],[146.80904974866226,-19.318440456034036],[146.812133356801,-19.317478560535942],[146.81278960101795,-19.317136783343535],[146.81230941509958,-19.316613136651306],[146.81092784939415,-19.31510652363197],[146.80962350687855,-19.313684073111066],[146.80892111356647,-19.312918075183628],[146.80614022204912,-19.3097792033541],[146.8039333720289,-19.307259964384468],[146.80379186674392,-19.30708384622926],[146.80258522512554,-19.305582102228986],[146.80200217013603,-19.304323318818824],[146.80267471160707,-19.304255272861944],[146.8036299430959,-19.303869721450912],[146.8045442238228,-19.303546216755905],[146.806272240624,-19.302680437249588],[146.80758193196138,-19.301822921783025],[146.80828638755426,-19.300674871103528],[146.8086687601081,-19.299855982103125],[146.80890716979695,-19.298655574338277],[146.80885525295258,-19.297593612892197],[146.80868763630392,-19.29704580080279],[146.8085382483222,-19.296645018299916],[146.80855684572094,-19.29643312990098],[146.80859304794882,-19.296248941367708],[146.80857603301936,-19.29613134754059],[146.80852120512088,-19.29605254758123],[146.8083664295231,-19.295873969753696],[146.8082156575374,-19.295576130016453],[146.80800453614276,-19.29487481720875],[146.80741390748958,-19.293398385902652],[146.8066865080907,-19.292351507101344],[146.80573352050965,-19.29155944693135],[146.80532105375292,-19.29097260969812],[146.8047385111285,-19.289956920707457],[146.80454997957008,-19.28905384160521],[146.8044120767415,-19.288261036109617],[146.80450418203336,-19.28746478046087],[146.80479023287737,-19.286630549175513],[146.80556749698556,-19.286152867741396],[146.80632268632738,-19.286006351837507],[146.80717026235735,-19.285931822573104],[146.80787803198018,-19.285810681306163],[146.8083969128862,-19.28565945271669],[146.80877865232273,-19.28544503448858],[146.80976185638013,-19.285446350128144],[146.81049308287953,-19.285209246588984],[146.8118186057718,-19.284731645263484],[146.813038639374,-19.284363007363726],[146.81371823384345,-19.284100714088833],[146.81423773819958,-19.28398643227962],[146.81436989178806,-19.2839573578167],[146.81473708033042,-19.2831898522764],[146.81474980643065,-19.28316324108585],[146.81492904395594,-19.282759379946317],[146.81508613533825,-19.282311728205467],[146.81516808441737,-19.282103734673345],[146.81538807221432,-19.281335129732938],[146.81546283234272,-19.28090846953672],[146.81550777111457,-19.280569947797574],[146.81557921126466,-19.27980118340221],[146.8155454411889,-19.277924945043942],[146.81583965399668,-19.277906046368532],[146.82057893731556,-19.277808936496292],[146.82618195204478,-19.28040436480187],[146.82632590694826,-19.280379685035534],[146.82676540123782,-19.27991921399094],[146.82730135642146,-19.280169541539408],[146.82748707131347,-19.28025502981039],[146.827826472614,-19.280411253723795],[146.82783192414456,-19.280403902434127],[146.82813255812144,-19.279998524616786],[146.82829972460644,-19.279773117817115],[146.82888079582816,-19.278957804358157],[146.82894926055567,-19.278858439195705],[146.82912195179406,-19.2786078224794],[146.8296715400846,-19.278015221251007],[146.83007773608728,-19.277510048236305],[146.83038990158775,-19.27713415716741],[146.83051686374293,-19.276981263022666],[146.83060499576186,-19.276875137406236],[146.83172415667642,-19.275646843052446],[146.83210686121322,-19.275226812004608],[146.83292935680151,-19.273418994892076],[146.8338214693777,-19.272289547165602],[146.83382233712322,-19.272287839888],[146.8338282588275,-19.27227613281547],[146.83440264991398,-19.271141232599568],[146.83445714034306,-19.27104856736716],[146.83473168884203,-19.270581636917747],[146.83477274705652,-19.270511805963448],[146.8350075322452,-19.270112502067253],[146.83558348403346,-19.269916132343628],[146.8361827760384,-19.269894835989195],[146.83621072732686,-19.2698938398078],[146.83691446148944,-19.270942987102817],[146.8370259843179,-19.270917239619585],[146.83718933485645,-19.27088191341113],[146.83734115453234,-19.27082383872025],[146.83738477642623,-19.27080709509234],[146.83748702413328,-19.270767846250383],[146.83760726505378,-19.27071206587117],[146.83771935820388,-19.270677073217616],[146.8378124391711,-19.270659243710295],[146.83791931045025,-19.270669749567826],[146.83804920285408,-19.270728381794303],[146.83808798909,-19.270751515723337],[146.83814033242,-19.270672268000002],[146.83914362291543,-19.271202536843948],[146.83943882570134,-19.27126629307251],[146.83951335430677,-19.271282390848693],[146.84026459738377,-19.271444655457902],[146.84088497634423,-19.271578642615655],[146.84069909040772,-19.271860067773],[146.84213723797032,-19.272299140842325],[146.84219308922636,-19.272460904148705],[146.8422565639884,-19.272492897075395],[146.84232022577288,-19.27253832874237],[146.84240592842852,-19.272583770352995],[146.84247572958924,-19.27260825858553],[146.8425541031602,-19.272635076784784],[146.84259940042588,-19.27266768655264],[146.8426642949592,-19.272697990568357],[146.84272552825126,-19.272715494464986],[146.84278799079607,-19.27272136827569],[146.84285657836247,-19.27274120106287],[146.84289208895927,-19.27275751696572],[146.84293126195624,-19.272785467131275],[146.8429839350946,-19.272787844030294],[146.84305375747542,-19.272790226601643],[146.84311376760925,-19.27280307506176],[146.8431737744338,-19.27281941193243],[146.84322155308996,-19.272814798660356],[146.84327670701285,-19.272790417886768],[146.84333062263067,-19.27276720185857],[146.84338698472612,-19.27275328738625],[146.84345192584587,-19.27273472598713],[146.84352545659632,-19.272710360874974],[146.84356467715213,-19.272688298021123],[146.84361981815653,-19.272667405565233],[146.8436884183443,-19.272663975805504],[146.84376680977888,-19.27267218551177],[146.8438464355026,-19.27267341033506],[146.84391505732242,-19.272657183561996],[146.84397142483252,-19.272637457870452],[146.84403267475568,-19.272637510140605],[146.84407433223998,-19.272624748732156],[146.84412336157828,-19.27259570822026],[146.8441785057796,-19.272571327164446],[146.8442422340854,-19.272546953406312],[146.8443071607412,-19.27254352028379],[146.8443708531453,-19.272547062954036],[146.84443209755207,-19.27255292612855],[146.84446884031226,-19.27256459755523],[146.84448351444237,-19.272585549677295],[146.84450431701933,-19.27261697231132],[146.84454348367112,-19.272651908031904],[146.84459124250222,-19.272668234021605],[146.8446868040358,-19.272654352469413],[146.8447358310887,-19.272627634400564],[146.84477258847122,-19.272613711884336],[146.84482527144522,-19.272605613923503],[146.84486445787758,-19.27261960091762],[146.84491100077048,-19.272633603182246],[146.84496612955382,-19.27262550725588],[146.84502003253024,-19.272625552963973],[146.84509842073936,-19.272637250530185],[146.84514985200042,-19.27265474530981],[146.8452404511807,-19.272706009824528],[146.84529675850385,-19.272750268409215],[146.84534204652175,-19.272793351830227],[146.84538120685,-19.272835264233336],[146.84543261966218,-19.27287253273188],[146.8454803742841,-19.272893512743156],[146.8455612147169,-19.27290870061777],[146.84561264720446,-19.27292502944495],[146.84565426869594,-19.272950658487748],[146.84571429187923,-19.272960017673178],[146.8457706396991,-19.2729612220103],[146.84581719609864,-19.272950795985246],[146.84587479224177,-19.272929904919327],[146.84593117483647,-19.272893893255137],[146.8459740773025,-19.272862515434877],[146.84602066382692,-19.272829983921447],[146.84606967033255,-19.272814905638395],[146.84613461418652,-19.272803320153844],[146.8461897321084,-19.272806864010875],[146.8462607637759,-19.272829020189665],[146.846344025121,-19.272870969473388],[146.84639788072732,-19.2729117281885],[146.8464333776229,-19.272943171988754],[146.84652029955893,-19.27299907800126],[146.8466060109733,-19.273046849303565],[146.8466819301048,-19.27307366367743],[146.8467786793618,-19.273102827128426],[146.8468839827557,-19.273154103155402],[146.8469917136793,-19.273225154968067],[146.84708965513653,-19.273292710094996],[146.84719493718538,-19.273367248172733],[146.84727694442836,-19.27343827831168],[146.84735403011732,-19.273531400727485],[146.84743599750092,-19.27365594115943],[146.8475302111912,-19.273772349079028],[146.84760851516774,-19.27387594673925],[146.84771744660446,-19.273977247274424],[146.8478472182357,-19.274059948066217],[146.84798802968658,-19.27413219264785],[146.8480835403391,-19.27417414228911],[146.84826969151948,-19.2742347932082],[146.84836641927146,-19.274288383872737],[146.84847658779347,-19.27436990213142],[146.8485977810331,-19.27446772387288],[146.84874468156832,-19.27457370046118],[146.84886464752609,-19.274661046673092],[146.84898585932757,-19.274739094359752],[146.84909605082314,-19.27479618419477],[146.84925278836448,-19.274875417817377],[146.84939483737352,-19.27492787948767],[146.84950506945063,-19.274951241565404],[146.84968264734994,-19.275001400615523],[146.84985900082208,-19.275058553428618],[146.85000350978444,-19.275106362391018],[146.85014065167135,-19.27516580535939],[146.85028759292862,-19.275239209984214],[146.85047735528002,-19.2753603488778],[146.85067813750234,-19.27549312770015],[146.85087526861065,-19.27560147525472],[146.85103933909284,-19.275698164533033],[146.85123157680383,-19.275798365026123],[146.85132584792254,-19.27585544055983],[146.85140297163701,-19.275910179495092],[146.85153151800253,-19.27600450779965],[146.85166128896728,-19.276091860141786],[146.85183514082715,-19.276202510376116],[146.85200531099832,-19.276322475013885],[146.85216323514868,-19.276440088903723],[146.85229054841062,-19.276541401579507],[146.85238970386845,-19.276618254322695],[146.85252068680785,-19.27672422405775],[146.8526320879106,-19.276815049318593],[146.8526969516372,-19.27688373155216],[146.85282179147862,-19.277005981496956],[146.8529306908245,-19.277149158162576],[146.8530445061653,-19.277276044300603],[146.85313872607966,-19.27740291462161],[146.8532145716164,-19.277515816406197],[146.85329287265844,-19.277628720129666],[146.85337363024817,-19.27774045996645],[146.85350211381126,-19.277897605726977],[146.8536183793097,-19.27803147936903],[146.8537309680827,-19.278158364091457],[146.8538411018445,-19.278295721114716],[146.85392554277033,-19.278386533055457],[146.85403693134592,-19.278493642820067],[146.8541177122747,-19.27856931412093],[146.8542021413974,-19.278684553986423],[146.85430982048285,-19.278821908765263],[146.8544016043009,-19.27892900267523],[146.85454234580143,-19.279088480069785],[146.85468309064237,-19.279244477962692],[146.85481037277506,-19.279385336461818],[146.85495968695383,-19.279548317811702],[146.85509308194378,-19.279697323650563],[146.85520322195597,-19.27983002559224],[146.85529744057223,-19.279951083741192],[146.85537942191795,-19.2800593352148],[146.8554577116973,-19.280198988654707],[146.8554931564707,-19.28028277520009],[146.85552491777585,-19.28038865523933],[146.85554445798218,-19.280463120688715],[146.85555051024707,-19.280539907119984],[146.85556760828914,-19.280599251085636],[146.85556754302917,-19.280673701033898],[146.85554664078805,-19.280763254060155],[146.85551594187618,-19.280845822474053],[146.85548280311875,-19.280921412089207],[146.85545576657987,-19.281016780328073],[146.85544465851146,-19.281105184300344],[146.85543600589378,-19.281193581176236],[146.8554371407382,-19.28129944602598],[146.85559615810888,-19.28157876375481],[146.85568552143312,-19.281648630092487],[146.85575776658553,-19.281692888995035],[146.85587040223518,-19.281770916297152],[146.8559720003083,-19.28185708655273],[146.8560625768053,-19.28195487014899],[146.8561788499058,-19.282074779374895],[146.85627554019075,-19.282179553576412],[146.85634406663783,-19.282254057453837],[146.85639793628965,-19.282295979046733],[146.85648854328082,-19.282348394774843],[146.85663302312526,-19.282439243552986],[146.8567187257971,-19.28249515278732],[146.8568081198307,-19.28254175636653],[146.85689017216296,-19.282570902959254],[146.85699183531668,-19.282594244788353],[146.85707390587353,-19.282602451689137],[146.85717804124644,-19.282595556254233],[146.85730178638147,-19.282584021821748],[146.85738999015135,-19.28258757911644],[146.857499008834,-19.28260161789661],[146.85764476544384,-19.282636633899575],[146.8577647831805,-19.28267627496865],[146.85785907454664,-19.28271707080779],[146.85794723125878,-19.282775303984696],[146.85802067668945,-19.28284166837332],[146.85809779137386,-19.282924320951924],[146.85817367088424,-19.2830046408933],[146.85822261076842,-19.28308029468454],[146.85828254680933,-19.28318503929982],[146.85834002795815,-19.283300247284245],[146.85841221156196,-19.283417798289033],[146.85846114968206,-19.283495774621063],[146.85852844844945,-19.283583073664314],[146.8585443371067,-19.283622642603273],[146.8585430809245,-19.28366684348392],[146.8585172954191,-19.28373661924736],[146.85849028614234,-19.283801739805188],[146.8584706212903,-19.283870363515863],[146.85846444861855,-19.283932011777264],[146.8584693031207,-19.28398669171893],[146.8584937520266,-19.284043709445072],[146.85854267338232,-19.284141468574315],[146.8585903660524,-19.284240383524057],[146.85863439103045,-19.28433231876159],[146.8586771932984,-19.284418432966206],[146.85871878581676,-19.284483606604024],[146.8587469171401,-19.28454179296424],[146.85878849973898,-19.284618606729552],[146.85883988891882,-19.284702395885663],[146.85890108756482,-19.28476759366533],[146.8589806420593,-19.28484791610046],[146.85906021112052,-19.28492242747365],[146.85914711382284,-19.285013238870274],[146.85922546821098,-19.28507262065299],[146.8593185420841,-19.28511457158502],[146.8593907927137,-19.285155340622147],[146.85946302690712,-19.2852042613388],[146.85952301509846,-19.28524967514352],[146.8595695320836,-19.285299732827205],[146.85961970045344,-19.28536491284854],[146.85963925696433,-19.285423092479412],[146.85965509750133,-19.28551966006124],[146.85968196887575,-19.28561622707594],[146.85972350264794,-19.285751205189],[146.8597577216313,-19.285847786869507],[146.8597747880629,-19.285946677985752],[146.85978328377317,-19.28605137355924],[146.8597991373214,-19.28613282159002],[146.85982843904847,-19.286248007452823],[146.8598504447182,-19.28630270050562],[146.85990058640851,-19.286410925481402],[146.85995072359523,-19.286513330364247],[146.85998374933794,-19.28658082878219],[146.86004614860832,-19.28666812349323],[146.86010979214694,-19.286747276453152],[146.86018934818384,-19.286827598354325],[146.86025912350752,-19.28689280223493],[146.8603435897825,-19.28697429364676],[146.8604415232122,-19.287067435456997],[146.86051863944678,-19.287140778490294],[146.86059208588125,-19.287209473475624],[146.86068145898165,-19.28728514840021],[146.8607830590445,-19.287375961177812],[146.86090059732322,-19.287471440287348],[146.8610279129925,-19.287575078478408],[146.8611136175816,-19.287644939362956],[146.86122256936846,-19.287742734343535],[146.86132539680807,-19.287834713572888],[146.8614012916189,-19.287912709556224],[146.86146105806867,-19.287974615773855],[146.86150334433208,-19.288020765600002],[146.8615496288891,-19.288077230099724],[146.86158988730938,-19.288124128471388],[146.86163113305903,-19.28818536990734],[146.86173271491435,-19.288367179539236],[146.86179003730587,-19.288472427081278],[146.86182624823735,-19.28854515117456],[146.86184407389416,-19.288591725248125],[146.86190369339113,-19.288693169752396],[146.8619598699055,-19.288746379128984],[146.86206927879198,-19.288788521749005],[146.86210319387453,-19.288818488200015],[146.86217045626165,-19.288885912643977],[146.86227311281877,-19.28899023626933],[146.86236771517335,-19.289085959218408],[146.86249553273612,-19.28921804643482],[146.86255692016658,-19.289288864368064],[146.86261427291856,-19.28935873032087],[146.86265854440225,-19.28942188972082],[146.86269375108748,-19.28947834559669],[146.86270882540433,-19.289526182748173],[146.86375785024455,-19.289541852760326],[146.86384285749517,-19.289513818925812],[146.8639360402365,-19.289509107585733],[146.8640317257879,-19.289516354516863],[146.86418026043245,-19.289561895937656],[146.8642859819779,-19.289621756795487],[146.86439922559535,-19.28971270273111],[146.86451750785236,-19.289810828014403],[146.86467349783985,-19.28998071085617],[146.8647892170146,-19.29012904575321],[146.86497542070015,-19.29030613541527],[146.8651364935455,-19.290418634246073],[146.86531272000357,-19.290483327327014],[146.8655418588085,-19.29050979492548],[146.8657357456594,-19.290533850458964],[146.86589438832527,-19.290545923458772],[146.86598249970461,-19.29058663826901],[146.86602018858082,-19.29068230852112],[146.86603017458063,-19.290797090582846],[146.8660300792597,-19.290914260154462],[146.86606271968733,-19.291026663920803],[146.86610545122025,-19.291124732755037],[146.86618850295517,-19.29118457589061],[146.86630935246677,-19.29121813884391],[146.86640881656112,-19.29123853668855],[146.8665145750643,-19.291243394784892],[146.86666061667316,-19.291267414366963],[146.86678649354758,-19.291310551261137],[146.86693752384005,-19.291391952589453],[146.86707345713936,-19.291463790295193],[146.8672143581524,-19.291607361199624],[146.86724446174009,-19.291750851494935],[146.8673249648806,-19.291856123171115],[146.86743064477565,-19.291970974635188],[146.86757160422704,-19.292042806579982],[146.86761685724008,-19.29214327178975],[146.86758656866957,-19.292229330876857],[146.86760163514623,-19.292277158575992],[146.86765697357617,-19.292358498951565],[146.86774256603132,-19.29239682521852],[146.8678835815461,-19.292411269601143],[146.86803972501608,-19.292397040162335],[146.86819582635835,-19.29243540811018],[146.86844253633825,-19.292536009349654],[146.86862880391723,-19.292641356601482],[146.86876970918559,-19.292794496887957],[146.86900120853844,-19.293028993295916],[146.86913197414796,-19.293258636479955],[146.86931309031092,-19.29351222850822],[146.86952943138823,-19.293804100745614],[146.86967531295406,-19.294033754326517],[146.86984135593053,-19.294249079837858],[146.87007789012156,-19.294488359223628],[146.8703798733518,-19.2947611592148],[146.87073725852915,-19.29503878773737],[146.8710140177747,-19.2953641844313],[146.87128575425902,-19.295675216766774],[146.87149203895027,-19.29595751800886],[146.87189467212878,-19.296340389233247],[146.87231740522407,-19.296790222505468],[146.87266462425723,-19.297201737893687],[146.8729866966986,-19.29756541836514],[146.8734498957798,-19.29779528932596],[146.87406915155302,-19.298144822252624],[146.87436105222088,-19.298451092140667],[146.87447671819763,-19.298675940258708],[146.87461753571205,-19.29895819290517],[146.87487423024794,-19.299202260638356],[146.87540785787576,-19.299551730310352],[146.8758207476545,-19.29972417358416],[146.87613284434914,-19.299977847794384],[146.87636936483756,-19.300245821659214],[146.87665131774105,-19.300399042223436],[146.8769534406949,-19.300514020741797],[146.87735119079088,-19.300724705556892],[146.87779926720876,-19.300997600330685],[146.87820204419424,-19.30122263800619],[146.87858466008183,-19.301476355047647],[146.87890685250088,-19.30170611832733],[146.87929453394233,-19.301921572998832],[146.8797426727724,-19.302117943599182],[146.88024114372666,-19.30235739113393],[146.88081008686174,-19.302668612962947],[146.88121789619763,-19.302922331890073],[146.8815080256136,-19.30308811222052],[146.8819989967467,-19.303267767866558],[146.8825465988438,-19.303495275378],[146.8830375808374,-19.30366297179655],[146.8837300384775,-19.303824812591415],[146.8842210352922,-19.30397457569297],[146.88466794092278,-19.304154196215624],[146.88509600735136,-19.30425608238311],[146.88547368633624,-19.30439381431188],[146.8858765054166,-19.30458536065776],[146.88617240947536,-19.304615432004493],[146.88648720273778,-19.30463954091576],[146.88690899207938,-19.30472348878631],[146.88717340891208,-19.30475354803911],[146.88749446172474,-19.30482547582263],[146.88790363038305,-19.30495126569152],[146.88833169421903,-19.30507705716701],[146.88861493621823,-19.305196794660773],[146.8888101084197,-19.30520887009488],[146.88910607861928,-19.3051432942162],[146.88942725356785,-19.305035881051637],[146.88969802482933,-19.30498822812913],[146.89002540055523,-19.305030268694082],[146.8903905161943,-19.305132113561143],[146.89066118407104,-19.30523987485319],[146.89097590793492,-19.30537157495178],[146.89132213034006,-19.30547340667197],[146.8916872595864,-19.305557309770787],[146.8919391089973,-19.30555148533591],[146.89214692604793,-19.305485852318608],[146.8925688063811,-19.305438275323993],[146.8929906864754,-19.30539069735289],[146.8933684427161,-19.3054088576024],[146.89363287913412,-19.305426942034774],[146.89410507607155,-19.305451129472253],[146.89432546616447,-19.305415387858265],[146.89459627114022,-19.305313919164043],[146.894967762263,-19.305290229444658],[146.89524479378335,-19.30529038863876],[146.89559104525944,-19.305350360210724],[146.89582397134203,-19.305404292781088],[146.89619544940086,-19.305416460856684],[146.896422104509,-19.30542257235165],[146.8967747105744,-19.30539885920061],[146.89713993591315,-19.305333309435877],[146.89754920430053,-19.305297670261318],[146.89803404497275,-19.30525609869411],[146.89846222968293,-19.30518459869552],[146.89881487907337,-19.305089151978287],[146.89927454122923,-19.30501766751563],[146.89963348749862,-19.304928205428887],[146.90001757026243,-19.304904503310425],[146.90040168186778,-19.304832974607276],[146.90075428382724,-19.304797297309715],[146.90111322164543,-19.304719779712364],[146.90149728582875,-19.304725970106873],[146.90196952118836,-19.304684381271006],[146.90230321622582,-19.304684560169974],[146.90268731819145,-19.304642913248056],[146.90302099553273,-19.304672986466173],[146.90322245904548,-19.30470297998997],[146.90333325152693,-19.30472695159263],[146.9034402669408,-19.30476407051278],[146.90352965807162,-19.304794004380085],[146.90366869975026,-19.304708041985105],[146.90380774127865,-19.30462208852017],[146.90379018475872,-19.304498935973864],[146.90378017067485,-19.30440208616658],[146.90378273715044,-19.304326770020943],[146.90379411394014,-19.304241887935916],[146.9038181059375,-19.304135494501885],[146.90384457204325,-19.304095454789465],[146.9038823775886,-19.304050640271452],[146.90393591387212,-19.30401181676786],[146.9040051973874,-19.303967018786103],[146.90407762977745,-19.303925213804227],[146.90415950458362,-19.303883404713535],[146.9042287792847,-19.303853554463487],[146.9042925371922,-19.303833163428873],[146.90438573206936,-19.303803325658297],[146.90448774648632,-19.303780659095036],[146.9046250211923,-19.303752037193522],[146.9047811779618,-19.30372820581125],[146.90492725849313,-19.303713939630683],[146.90506325606427,-19.3037044398251],[146.905185418413,-19.30368657315834],[146.9053075739732,-19.303663916595923],[146.90545618104838,-19.30362573840028],[146.90563124430295,-19.303580398083447],[146.90578741240415,-19.303536240781447],[146.9059889269529,-19.3034753694793],[146.90610480683884,-19.303424024511475],[146.90619802229074,-19.303357114497086],[146.90627740175844,-19.30328303069042],[146.90635048258991,-19.30320416284407],[146.90643489587103,-19.303115730192193],[146.90651803970692,-19.303050016820084],[146.90661629485413,-19.30299148681872],[146.90676366489706,-19.30291743756312],[146.90693873515843,-19.302857744630593],[146.90707098619504,-19.30280640738801],[146.90719064001058,-19.302745493060748],[146.90730652440078,-19.302684576740443],[146.9074261929382,-19.30261410071753],[146.90757734784805,-19.302528096265725],[146.90774111234882,-19.30241221144605],[146.90793256878675,-19.302308287860583],[146.90808876845318,-19.30220435536292],[146.90827267493,-19.30210282252123],[146.90845908741093,-19.30201324720278],[146.90877649234668,-19.30187352550877],[146.90900446328695,-19.301781575484497],[146.90928280608122,-19.301671729084763],[146.90947802373742,-19.30159649941621],[146.90964806094158,-19.3015284417954],[146.90979541259665,-19.301483074708795],[146.90991505563844,-19.301455642071076],[146.91001957614836,-19.301441342254],[146.91011402349807,-19.301431827229774],[146.91019712653053,-19.301436648900534],[146.9102600793872,-19.301458197859567],[146.91136799104743,-19.301686219003376],[146.9114699839119,-19.301699417879636],[146.9115518101193,-19.301742502586173],[146.91163618573037,-19.3017353677639],[146.9117344229916,-19.301687598502344],[146.91182008895848,-19.30161709410243],[146.91189189460192,-19.30156691708069],[146.91200145283935,-19.301547837785293],[146.91211226614837,-19.30154909313609],[146.9122029454615,-19.301519241109197],[146.9122281523495,-19.301479805059966],[146.91232640263328,-19.301424850765454],[146.9124069979721,-19.301402178511882],[146.91249137146562,-19.301398631132813],[146.91261478268325,-19.30137238242692],[146.91281628258446,-19.301329442751122],[146.91293341085853,-19.301286453597985],[146.91303416043078,-19.30127455419866],[146.9132180148628,-19.30124594799696],[146.91334899238757,-19.30122089532431],[146.91351899988348,-19.301187501471425],[146.91368272251788,-19.30114095509779],[146.91380992094088,-19.301097970140976],[146.91395350114402,-19.301053808919576],[146.9140479430593,-19.301053853405996],[146.9142204520683,-19.301059908249034],[146.9143413424251,-19.301048008551756],[146.9144508851245,-19.301057621464437],[146.91454782583605,-19.301103106820765],[146.9146989291897,-19.301106756285463],[146.91485508573476,-19.301075749620964],[146.91497850004214,-19.30104233267151],[146.91511198507237,-19.301026850487677],[146.91525805988917,-19.30101734775995],[146.91538020349975,-19.301011430703234],[146.91548975452682,-19.301023437902945],[146.91561315947456,-19.301007950686206],[146.9157731181662,-19.3009494442376],[146.91587389203994,-19.30087058531287],[146.91601749736748,-19.300757069601104],[146.91612960256538,-19.300687777295824],[146.91625304652877,-19.300613709346724],[146.91637269942385,-19.300563552492296],[146.91650367733232,-19.300516979542202],[146.91666110152124,-19.300462058991855],[146.91681726963353,-19.300425067901227],[146.91692556469053,-19.30041674859204],[146.91705650798312,-19.300438326135506],[146.91712826396704,-19.300482596710925],[146.91724658924426,-19.300554380091537],[146.9173095456986,-19.30056995291522],[146.91737377660203,-19.300549656920033],[146.91745313598494,-19.300483936817002],[146.9174997429514,-19.300455264191125],[146.91760300575638,-19.300440959458303],[146.91768863268862,-19.300442200053855],[146.91779691040054,-19.300468547622632],[146.91799835605926,-19.300510481295667],[146.91815196468363,-19.300547612531822],[146.91829801813407,-19.30057995948223],[146.9183672574705,-19.30061347395893],[146.9185057415667,-19.30066972123757],[146.91864170402798,-19.30074390649325],[146.91875248491806,-19.300790588723302],[146.91890987338257,-19.300826519032103],[146.91904586015485,-19.30083256212795],[146.919151629,-19.300851741136306],[146.91925359546363,-19.300899603056163],[146.91933919569897,-19.30095583534328],[146.91944369944912,-19.300992943791822],[146.91953058078164,-19.300998964853548],[146.91966154122616,-19.300987066070128],[146.9197471801265,-19.300964383752994],[146.9198428894982,-19.300941714854577],[146.9199184479629,-19.300939353105846],[146.92002674262943,-19.300932224892637],[146.92018540393346,-19.30091555708919],[146.9203100737403,-19.30090126922073],[146.92044860871593,-19.3008738288787],[146.9205820818615,-19.300861930529123],[146.92071808112976,-19.300861989637255],[146.92082007137702,-19.30088116603875],[146.92095857434285,-19.30090034915713],[146.9210832177048,-19.30094105322769],[146.92117764009996,-19.300981753205644],[146.92125442831897,-19.30101526080988],[146.921362710981,-19.3010332466877],[146.9214521113739,-19.301046434565365],[146.92152891945736,-19.30105842405275],[146.9216422385725,-19.301074017022934],[146.9217291058235,-19.301109914622412],[146.9218638238911,-19.301162578937348],[146.92202120444338,-19.301197322665146],[146.92212193532598,-19.301203339371682],[146.92222896403678,-19.30121653438795],[146.92241783682118,-19.301240527662745],[146.92253241703543,-19.30126688414028],[146.92265329011263,-19.301290839268066],[146.92277793082673,-19.301338717863377],[146.92291139578336,-19.30136508208996],[146.92302723986234,-19.301355560378703],[146.92312168197213,-19.301355600171988],[146.92324885083983,-19.30139152305234],[146.92336091113307,-19.301413088137615],[146.92345784279317,-19.301463349541674],[146.92355227608306,-19.301482512211923],[146.92363161635026,-19.301474176800305],[146.92372732826422,-19.30144552311931],[146.92382809090245,-19.30138339702682],[146.92394522410163,-19.30132366356775],[146.92405228283008,-19.301272303496887],[146.92856722387538,-19.29792507845306],[146.9286113188176,-19.29786650631335],[146.92866547470925,-19.297829465151047],[146.92871838264873,-19.29779481839306],[146.92875868064553,-19.297778096877703],[146.92881534537068,-19.297772136226186],[146.9288971907245,-19.29777695793042],[146.92896896577918,-19.297781766643475],[146.92907094506535,-19.297802131370712],[146.9291515278639,-19.297821285767746],[146.92923168998607,-19.297844841174076],[146.92929590809968,-19.297848453894535],[146.92937020422562,-19.297834131275977],[146.92945960324067,-19.297825797213065],[146.9295200436313,-19.297827013487463],[146.92959937468498,-19.297835412712182],[146.92968122060793,-19.29783903209273],[146.9297555105726,-19.297839060686982],[146.92983987527134,-19.29785104958663],[146.92991038802256,-19.297847488823482],[146.92999223700676,-19.297843941417177],[146.9300879314955,-19.297848758859704],[146.93016221639263,-19.297860743750878],[146.93023776976403,-19.297866746345647],[146.93030324027077,-19.297879920746883],[146.93039138377895,-19.297891910834153],[146.9304845463754,-19.29791944709711],[146.93055882124622,-19.297955344751784],[146.93066835778927,-19.2979996153523],[146.93075899811495,-19.298049870510678],[146.93081438735794,-19.29808933970428],[146.9308735468643,-19.298126424437974],[146.93093775759937,-19.298147975793338],[146.93103973886662,-19.29818746253486],[146.93111402298493,-19.298201841946454],[146.93115808409453,-19.29822218364893],[146.93121222806866,-19.298235353453613],[146.93125629718938,-19.298236562985466],[146.93131171504902,-19.29820789013474],[146.93135957687676,-19.298175626583774],[146.93142506403117,-19.29814935239108],[146.93152203461986,-19.298130256633257],[146.93159507327576,-19.298118327545914],[146.93166307319282,-19.298092054208862],[146.93174114747984,-19.29807893401228],[146.93180285688524,-19.298072974319595],[146.93187211031068,-19.298076588014887],[146.93196276538075,-19.298092166124075],[146.93204964171537,-19.29810774278211],[146.93213400968088,-19.298112554937394],[146.9322145879027,-19.298120953489907],[146.9322888691473,-19.298142499071496],[146.9323279027741,-19.29816761940603],[146.9323958819739,-19.298191557516127],[146.9324638721839,-19.298211907761967],[146.93251424142485,-19.29821551422817],[146.93259986440322,-19.2982239144752],[146.93269304613688,-19.298206018669415],[146.93276986838126,-19.29818213404234],[146.93285801003373,-19.298176183723434],[146.93295245033977,-19.298176218425798],[146.93303052505112,-19.29816190474277],[146.933092244647,-19.298130838753803],[146.93315774170367,-19.298079458077975],[146.93323582605402,-19.298041222343638],[146.9332912517417,-19.297992223806933],[146.933344161835,-19.297926487091484],[146.93339077886762,-19.297864335907793],[146.9334474661752,-19.29780218838235],[146.93348651743213,-19.297760359502423],[146.93351928242222,-19.297705369887442],[146.93352434364297,-19.297640817662764],[146.9335394712994,-19.297585821621563],[146.93358229929257,-19.297548774873228],[146.93365157229587,-19.29750336910341],[146.93371076630672,-19.297479477671263],[146.93378884928106,-19.297443636604424],[146.9338505522174,-19.297429316631337],[146.93391351483083,-19.29743053236493],[146.93398151162864,-19.29743414480504],[146.93402432989922,-19.29742101087985],[146.93406085571831,-19.29738634761175],[146.9340785031057,-19.297337335185308],[146.934106229321,-19.297290721302303],[146.93415788198124,-19.297226176826182],[146.93422589449824,-19.297166428044836],[146.93427880917736,-19.297111445545912],[146.9343631886335,-19.297062457095773],[146.9344097874107,-19.29704454365919],[146.93451304331103,-19.29703859796724],[146.93457852476138,-19.29702427910203],[146.93464149434485,-19.297007564406016],[146.9347208252368,-19.296992048473395],[146.9347913531963,-19.29697294151924],[146.93483165984566,-19.296932305730195],[146.93488959654277,-19.29688570250455],[146.93496641785467,-19.296861816947125],[146.93502938875298,-19.296841514273552],[146.93511376030736,-19.29681165762551],[146.93518805828836,-19.296790165986142],[146.93527117867612,-19.296771063314868],[146.93537317220947,-19.296755555129906],[146.93547265292148,-19.29674004599995],[146.93557718105998,-19.29671737194634],[146.93566533117257,-19.296687516375645],[146.93577362892228,-19.29666364156445],[146.9358743852397,-19.296623026794393],[146.93595246361923,-19.296596746353853],[146.93604564964414,-19.296564506494082],[146.93609351239175,-19.296526258940847],[146.9361312956059,-19.296511929821566],[146.93622448180588,-19.296503593767248],[146.93629625811434,-19.29647970588639],[146.93637560920578,-19.296435495525827],[146.93646754512127,-19.296386508729842],[146.93653556136726,-19.296338706511182],[146.93657839066444,-19.296295685337874],[146.93662247081525,-19.296267006927145],[146.93669929572775,-19.296232357106845],[146.9367723386811,-19.29620608360564],[146.93686048784718,-19.296177420390364],[146.93695240882423,-19.296166688617685],[146.93705944370726,-19.296158356917186],[146.93713123062975,-19.296130889903505],[146.9372294635227,-19.29609146644855],[146.93729242068923,-19.296080724546155],[146.937398200468,-19.296068804371703],[146.9374724869201,-19.296076005511413],[146.93753041621915,-19.296046138686236],[146.93760346394538,-19.29600670641201],[146.93767271935283,-19.296003142218588],[146.93772940080694,-19.295975669812595],[146.93778732144196,-19.295968513865926],[146.93786288235518,-19.295952995280125],[146.9379623551421,-19.29595661694474],[146.9380240477109,-19.29596740142544],[146.93808449019053,-19.29596143917596],[146.9381638184592,-19.295950711560092],[146.93826330067003,-19.295929218154264],[146.93833886733952,-19.295898164097945],[146.9384383481544,-19.295880258440288],[146.93856301617654,-19.29585638748837],[146.93867256757426,-19.295837301192478],[146.9387619665626,-19.29585048059795],[146.93882996770571,-19.295840941829155],[146.93888790289327,-19.29579432828774],[146.93899494142482,-19.29577524095717],[146.9390818287171,-19.295759725649592],[146.93923923099254,-19.295757383181012],[146.939361366812,-19.295759818687003],[146.9394847659129,-19.295769421181312],[146.93959934215422,-19.295777827738583],[146.93969252557687,-19.295775472664566],[146.93976807364433,-19.295768321909677],[146.93985496785072,-19.2957336740786],[146.93993304735403,-19.29570142725293],[146.94002120827426,-19.29566438485024],[146.94012194689603,-19.295641706944554],[146.9402025451375,-19.295619013351892],[146.9402755807591,-19.29561066862828],[146.94040150037853,-19.295598753297924],[146.94046823585367,-19.295614319379336],[146.94057902816297,-19.29563707546629],[146.94064955228177,-19.295625141931378],[146.94073517472194,-19.295606037580733],[146.94079813970563,-19.29559888231518],[146.94087494925884,-19.295603697017533],[146.940968120051,-19.295609700875563],[146.94105249000657,-19.295606140284928],[146.94114063725596,-19.295579869907304],[146.94122754144567,-19.295542835553256],[146.94131946818106,-19.29551417139649],[146.94144035512005,-19.295495078042926],[146.9415159076562,-19.29547477716044],[146.9415965077447,-19.29544610923599],[146.9416745766104,-19.295442546342358],[146.94173753260378,-19.295460505662007],[146.94178914577006,-19.295497584466016],[146.94186971899651,-19.295517935226385],[146.941944017029,-19.295519151797624],[146.94202460038971,-19.295510808773482],[146.942112748967,-19.295507248892356],[146.94219207130462,-19.295512054799868],[146.94230287540125,-19.29552882709186],[146.94238850084224,-19.295527661189332],[146.942448939661,-19.295531268091196],[146.94256855014794,-19.29554206024367],[146.9426541705954,-19.295555245593505],[146.9427586816266,-19.295576796413098],[146.94282666543862,-19.29558877417982],[146.9429185906659,-19.29559118880827],[146.9430142904511,-19.295578069291487],[146.94312006122377,-19.295562557952753],[146.9432371738682,-19.295557813612408],[146.94333537404776,-19.295580564113546],[146.94342351894005,-19.295587758095163],[146.94350410226127,-19.2955794144181],[146.94358217033056,-19.29557824561773],[146.94367157039463,-19.29558903674947],[146.94378488135936,-19.295623739101675],[146.9438541394721,-19.295639304722954],[146.9439687109696,-19.29566205991634],[146.94407322003443,-19.29566209195281],[146.94419409542104,-19.29567647127289],[146.94428475601902,-19.295675306020033],[146.94435401317193,-19.295665756538913],[146.94444845730018,-19.29565025001635],[146.94456808034414,-19.29565267223822],[146.94468266789747,-19.295656294829584],[146.94478843535632,-19.295650353121715],[146.94488539173727,-19.295664724751113],[146.9449458170697,-19.295708981012567],[146.94502261249292,-19.29572813630773],[146.94513467581325,-19.295737731571815],[146.94522659757976,-19.29575090857164],[146.945317253449,-19.295764085146136],[146.94538525457938,-19.295753350999476],[146.94549227926308,-19.295745014351166],[146.945586713059,-19.295760586828493],[146.94565723016413,-19.295768976451967],[146.94574914404785,-19.29577737240606],[146.9458561766752,-19.295773816327316],[146.9459304578771,-19.29579775127581],[146.94599718915075,-19.295798963957708],[146.9460878423687,-19.295820508774145],[146.94618856985056,-19.295858793764687],[146.9462880377053,-19.29587795520743],[146.9463786995708,-19.295873201070954],[146.94647818028426,-19.29585290515985],[146.94656380936328,-19.2958409737669],[146.9466645425556,-19.295832634590518],[146.94676023948173,-19.295827881735],[146.9468559447624,-19.2958267166765],[146.94696926696565,-19.295829135491942],[146.94711533195738,-19.295830370786547],[146.94725005778025,-19.295841173287613],[146.94738227197846,-19.295848387120902],[146.94761521249606,-19.29586877918667],[146.94776126232165,-19.295887944146624],[146.94790606340862,-19.295913100424652],[146.94806343848037,-19.29596694484744],[146.9481931343832,-19.29599208756378],[146.94832911755864,-19.296000494716743],[146.94850792702022,-19.295995764443777],[146.9486627949723,-19.296001781763426],[146.94880507584924,-19.29602095386657],[146.9489889126433,-19.29604133040772],[146.94918659397013,-19.296076052958263],[146.94947492848019,-19.29613472237666],[146.9497292632317,-19.296196960790517],[146.9498979698522,-19.296268736937503],[146.9500477954723,-19.29633094620365],[146.95025679171138,-19.296406329917374],[146.95043555425144,-19.296527127119933],[146.95063071040084,-19.29660609449239],[146.9507603880299,-19.296663516944125],[146.9509366537362,-19.29673290829638],[146.9511217274096,-19.2968226178927],[146.95131435664234,-19.296887232478927],[146.9514818131913,-19.296942278614743],[146.95161526765224,-19.29700807008646],[146.95179656467505,-19.29709299721656],[146.95197535639704,-19.297152826671233],[146.95210754669407,-19.297213836669794],[146.95229136652554,-19.29729877300668],[146.9524776914235,-19.297411201554365],[146.95271563972327,-19.29753680172783],[146.95291959365497,-19.297646848515686],[146.9530165270227,-19.297748489907796],[146.95321165901393,-19.297888429786646],[146.95335517712766,-19.297982916276936],[146.953463446209,-19.298088148168432],[146.95357672758894,-19.298241216177583],[146.9536572895859,-19.298345247969714],[146.95374664837752,-19.298476782732752],[146.9538297299274,-19.29859157861654],[146.9538838368606,-19.29870995498947],[146.953971937431,-19.29888333243557],[146.95403737821385,-19.29901128221219],[146.95408014961575,-19.29916192818687],[146.9541178783694,-19.299305415269526],[146.95414805148098,-19.299476383146217],[146.95420720765304,-19.29958041834391],[146.95427642835367,-19.2997059650284],[146.95430787604846,-19.299812379120784],[146.9543229510741,-19.299957053416158],[146.95432919893412,-19.30011486586351],[146.95433293029782,-19.300285836116366],[146.9543391913455,-19.300430499160807],[146.9543366450854,-19.30051657964884],[146.95431521627253,-19.300595488763175],[146.95431141920764,-19.30066124385014],[146.95433532562862,-19.30074374311064],[146.95436426235128,-19.300844173802698],[146.95437808681265,-19.30093384622174],[146.95437805797874,-19.301037866549635],[146.95437550841683,-19.301135894458337],[146.95437799633712,-19.30126024049773],[146.95436912987446,-19.30144913775681],[146.95435774663127,-19.301617709298316],[146.95435013357988,-19.30181737039042],[146.95432617380544,-19.30196083291695],[146.95432738678238,-19.302117451135132],[146.9543273446442,-19.302269288259108],[146.9543197560824,-19.302380473327847],[146.95431720569115,-19.302515572580166],[146.95431465340877,-19.302623180100873],[146.95431839443398,-19.30275947385891],[146.9543170978293,-19.302904134973794],[146.95431706729536,-19.30301412899084],[146.95432080434708,-19.30316477411065],[146.9543258011756,-19.30330346308191],[146.95434087265312,-19.303427803202865],[146.95436853847326,-19.303582042140352],[146.9543949327411,-19.303756596795402],[146.9544024484363,-19.303908435780237],[146.95441876820237,-19.30406267186782],[146.9544401361809,-19.30420495275136],[146.95445396320125,-19.304320923922244],[146.95448163232413,-19.30442973189684],[146.95450929156976,-19.304574400204906],[146.9545268946003,-19.30470113583136],[146.95453062103923,-19.304856561693033],[146.95454822774803,-19.304970147920795],[146.95456204538903,-19.305086119071692],[146.95459096985772,-19.305199708109463],[146.9546035244833,-19.305339591857372],[146.95462112540363,-19.305440019640415],[146.95465508862634,-19.305576329898326],[146.95469534605417,-19.30573893145827],[146.95475573465842,-19.305939802277592],[146.95480982988622,-19.306111977824123],[146.9548639324474,-19.306292531007198],[146.95489789801522,-19.306421656489306],[146.95494067866233,-19.30654839827072],[146.95500108584525,-19.30668351300292],[146.95507911537265,-19.306842544964503],[146.955172243223,-19.307031467221414],[146.95527419748925,-19.307212022974763],[146.95538874504098,-19.30739377468082],[146.95548062936686,-19.307537265549225],[146.95558762490677,-19.307698699249173],[146.9556795115091,-19.307835014333097],[146.95577014273837,-19.307967750261835],[146.95586581632324,-19.30807537248132],[146.9559778563855,-19.308205718573614],[146.95611130487222,-19.308334867773247],[146.9562006811889,-19.30846401534011],[146.95635803736513,-19.30864458375028],[146.95645245713402,-19.308745029675705],[146.95650281433558,-19.308808411795756],[146.95654309327847,-19.308863413850528],[146.95657960465613,-19.30891124835725],[146.95754927640021,-19.30846629510546],[146.9574957521454,-19.308317500246503],[146.95745171103533,-19.30819674153677],[146.95741647461693,-19.3080771778037],[146.95739132729608,-19.307961195220965],[146.95736490975128,-19.307824896303135],[146.95733977056386,-19.30767783415686],[146.95732343291695,-19.307543923453412],[146.95730962956722,-19.307364591458043],[146.95730085021282,-19.30722948958132],[146.95730214703013,-19.3070740649871],[146.9573097427979,-19.306928203414074],[146.9573186021619,-19.30675485041632],[146.9573186455825,-19.30658746906352],[146.95731491502082,-19.3064009546856],[146.95730865765546,-19.306231185983645],[146.95730491501175,-19.30609130449271],[146.95730998941053,-19.305977723847263],[146.9573251365645,-19.305819907563667],[146.95733903248677,-19.305641774945272],[146.95736300744144,-19.305468425452872],[146.95737060865292,-19.305301045841585],[146.9573832461592,-19.30513007956128],[146.95739586669092,-19.30498780696796],[146.95740095058613,-19.304837163994925],[146.9574186255546,-19.30465783929812],[146.95743251818422,-19.304491654071505],[146.9574338290754,-19.304281236945457],[146.95743009348044,-19.304113854665886],[146.9574238514752,-19.303921365942223],[146.95742515989758,-19.30372051035643],[146.95741261041923,-19.30355193307554],[146.95741768937535,-19.303383350866227],[146.9574164660257,-19.303255426383217],[146.95740894602932,-19.303109570255447],[146.95740646747856,-19.302976855661008],[146.95741279853624,-19.30282502001034],[146.9574241682201,-19.302697098456864],[146.95743930815223,-19.302565589937362],[146.95746579537536,-19.302429303281183],[146.95748974815953,-19.302302577584317],[146.9575237865631,-19.302154327173337],[146.9575477540235,-19.302007276384455],[146.95756793616215,-19.301848277284112],[146.95759441641695,-19.301701227068047],[146.957634750288,-19.301574505145872],[146.9576700457669,-19.301422676181467],[146.95770281203073,-19.301297145420627],[146.9577368365214,-19.301201510623045],[146.95778094898213,-19.301074789535903],[146.95784393857966,-19.300939704174386],[146.9579195457585,-19.300744839372797],[146.95799766073685,-19.300569107264273],[146.95806065483504,-19.300414898706155],[146.9581324696339,-19.30027144663934],[146.95819042553157,-19.300127991368726],[146.95826224009173,-19.299984539245912],[146.95831389958886,-19.299859012672414],[146.95837941064914,-19.299723927682347],[146.95843862966527,-19.299590034169935],[146.95850539512912,-19.29946212510342],[146.9585671354062,-19.29933181996193],[146.95868051093143,-19.29913218259546],[146.95879388558174,-19.298934940062058],[146.95888081003153,-19.298769973057958],[146.95898788634014,-19.298597834848458],[146.9590760790258,-19.298422104497007],[146.9591453694264,-19.298279844367464],[146.95932297925518,-19.298015666851516],[146.95944768684285,-19.29782559306131],[146.9595673524064,-19.297623570633284],[146.9596895477711,-19.297428715332213],[146.95978275798316,-19.297280486506533],[146.95988102287967,-19.297090415614996],[146.95999439497393,-19.29689197031377],[146.96009266345087,-19.29668516204901],[146.9602123374889,-19.296480744263256],[146.96030682673552,-19.29627392601225],[146.9603799131514,-19.296051567785714],[146.96045046902017,-19.295862683481975],[146.96050339628414,-19.29567738318021],[146.96053870366651,-19.29549924570591],[146.96059667180347,-19.295288840577722],[146.96065970466785,-19.29499354827164],[146.96068744657038,-19.29480823343353],[146.96070009093313,-19.294590642802124],[146.96071650052303,-19.294429247496833],[146.96071905750262,-19.294243936260514],[146.9607367268424,-19.29406818983435],[146.9607443197985,-19.29391874005836],[146.96072673118684,-19.293756144492914],[146.96070157503823,-19.29363657433612],[146.960665099349,-19.293488317042097],[146.96064120023192,-19.293366361271797],[146.9606210921684,-19.293232458876513],[146.9606286453684,-19.29320974049095],[146.9606475454369,-19.29318105083139],[146.96067399126375,-19.29316073142367],[146.9607281364202,-19.293132049341388],[146.96079739810912,-19.293095001859335],[146.96089059137915,-19.293043617129033],[146.96102030234866,-19.292963537377247],[146.96117645665262,-19.29287270865357],[146.96132883942454,-19.292791440562343],[146.96144595575996,-19.292719726467617],[146.96156433171174,-19.29263367021339],[146.96167515952408,-19.292548814271477],[146.961814939156,-19.292471130972533],[146.96194842425706,-19.292406595667252],[146.96204917981257,-19.292330096989406],[146.9621461485095,-19.29224762375078],[146.96222801270363,-19.29216275242635],[146.96234639331274,-19.292052791743426],[146.96244084733232,-19.2919774844832],[146.96254033624052,-19.291902187243487],[146.96263730961854,-19.291838836874053],[146.96272923734682,-19.29178027524385],[146.96282746181498,-19.29173964504587],[146.96293827761326,-19.29170260519717],[146.96303901309898,-19.291669151088385],[146.96314856292182,-19.2916321108555],[146.96323922918728,-19.291595066757015],[146.9633072341032,-19.291554430215164],[146.963355089607,-19.291513789606242],[146.96345055193075,-19.29113750050667],[146.963448046643,-19.29110402548132],[146.9634581231802,-19.291074140820623],[146.96347449735953,-19.291058599770263],[146.96351857647036,-19.291007194819098],[146.96355762113348,-19.290953402979287],[146.96360548353508,-19.290880480714883],[146.96364452761102,-19.29082908376626],[146.9636596480304,-19.29080158597063],[146.96368357219075,-19.29077529189834],[146.96372135301473,-19.29075497429624],[146.96377423681258,-19.29074302831366],[146.963818316594,-19.290731080571963],[146.96385608866086,-19.29070717509274],[146.9639089866674,-19.29067371102693],[146.96395431849214,-19.290637850541906],[146.96399714176817,-19.290582866414628],[146.96405381372884,-19.29052668302877],[146.9640978974676,-19.29045256695108],[146.964138210025,-19.290388011690126],[146.96418984486024,-19.290341397877572],[146.96425784928482,-19.29029955900091],[146.96435355518705,-19.290236216496236],[146.96440770416808,-19.290182427416596],[146.96446689188008,-19.290154938133455],[146.9645701545028,-19.29009278992068],[146.96463060287158,-19.290044975716885],[146.96470993555494,-19.289992384357795],[146.96477794328118,-19.289933817059197],[146.9648673580176,-19.28986807815803],[146.96493913264752,-19.28981907309204],[146.9649995915961,-19.28976528504507],[146.9650927807728,-19.28967323888377],[146.96517842502337,-19.28956805085588],[146.96526028632263,-19.28948317814283],[146.96534340312823,-19.289401893478338],[146.9653849727915,-19.289330171513768],[146.96543535611877,-19.28925724923282],[146.9654794358893,-19.289197475164013],[146.965529801358,-19.289164010143526],[146.96562173483628,-19.289111420759777],[146.96568469622204,-19.28905882588908],[146.9657980387308,-19.288988310233286],[146.96586981418753,-19.288932129099894],[146.96594285520624,-19.28887715014816],[146.9660070805318,-19.28883292403365],[146.9661393086346,-19.28874926225893],[146.96627026780806,-19.28867994250882],[146.96642012345646,-19.288591493960464],[146.96656997457455,-19.28852457237719],[146.96670849093914,-19.288452858782232],[146.96682937749043,-19.288395493274557],[146.96694523292732,-19.28831900363448],[146.96706233598877,-19.288285541214073],[146.96718950396857,-19.2882760025285],[146.9673003126599,-19.288258092192816],[146.96740734587482,-19.28822463678543],[146.967500524341,-19.28817563451985],[146.96757860122617,-19.288111085195744],[146.9676441016558,-19.28806446381583],[146.96773224791244,-19.288001118182805],[146.96779269249143,-19.287964066464454],[146.9678619508875,-19.287924621365228],[146.96796017086115,-19.287888778207435],[146.96803446264627,-19.28785650962236],[146.9681251259695,-19.287818261104107],[146.96819312604322,-19.28778838626781],[146.96828504055964,-19.287776445765356],[146.96837318766987,-19.287756135930007],[146.96844495758796,-19.287721480866548],[146.96852680417953,-19.287699967893957],[146.9686313164219,-19.287656949760624],[146.96869806000518,-19.28762707451987],[146.96878368253698,-19.28761872053666],[146.96887056094127,-19.287612752601525],[146.9689486300361,-19.28758526507283],[146.96904433053635,-19.28753268363265],[146.96913499546275,-19.287483680102618],[146.96921306758088,-19.287439455191393],[146.96929617977906,-19.28741795112382],[146.96938934967505,-19.287409589087336],[146.96946615604972,-19.2874155847017],[146.96952407275768,-19.287406032800995],[146.9695807470641,-19.287372558670256],[146.96962859804094,-19.287341487004216],[146.96968777720556,-19.287298451684332],[146.9697457101849,-19.287251837327165],[146.96985400558353,-19.28718011632658],[146.96995600165798,-19.287152641349863],[146.9700252576728,-19.28712156406063],[146.97013733114753,-19.287051045485285],[146.9702556956806,-19.286980527864927],[146.97032369739372,-19.286937493773266],[146.9704055442088,-19.286911208207503],[146.9705125735661,-19.286890900394955],[146.9706032319419,-19.286874177735097],[146.97067752275296,-19.286841908070244],[146.97074299745648,-19.286825181296948],[146.9708021852379,-19.28678454052633],[146.97085759068878,-19.286765417190338],[146.97090921488726,-19.28676183756914],[146.97096965007913,-19.28677141779297],[146.97107163074077,-19.28677501278188],[146.9711345910494,-19.286767856080015],[146.97117991290608,-19.286773836959128],[146.97122272211288,-19.286779826468642],[146.97124916352126,-19.28677146199638],[146.97127813084967,-19.286741570822635],[146.97128443943265,-19.286696140787466],[146.97130080875348,-19.286647124483466],[146.97133858998058,-19.286613655872312],[146.97142547605904,-19.286559869819822],[146.97152873401387,-19.28649651566743],[146.97162821216472,-19.286440345605108],[146.97170124810597,-19.286397311779226],[146.97177302727613,-19.286356672641713],[146.9718246523488,-19.286347119037735],[146.97187627864065,-19.286330389720696],[146.97193168727787,-19.286290940936922],[146.97198205319265,-19.2862419297895],[146.9720437642423,-19.286191727427028],[146.9721205701409,-19.286141527347564],[146.9721898257259,-19.28610806335862],[146.9722502676027,-19.2860769838794],[146.9723346372489,-19.28604232015562],[146.9724001144713,-19.28600766257694],[146.97245299891782,-19.285978976800475],[146.9725121813846,-19.28596583629154],[146.97256002761722,-19.285957474847915],[146.9726406162781,-19.285937161812278],[146.9726796514064,-19.285915649594333],[146.9727149112188,-19.285875004619253],[146.97274388069425,-19.285829577911915],[146.97278291855054,-19.285791319361667],[146.97285595468904,-19.28574351332093],[146.9729164010243,-19.28568373986117],[146.9729743241826,-19.28562994876956],[146.9730398028683,-19.285584527411057],[146.97311535845543,-19.285552256935755],[146.973184611062,-19.28553432786529],[146.97326519924408,-19.28551521652765],[146.97335082335155,-19.285488921152275],[146.97341377799154,-19.285454262839764],[146.9734830314862,-19.28543035993147],[146.97355606112058,-19.285420808942277],[146.97360390944192,-19.285398095825983],[146.9736517611919,-19.285353864636555],[146.97373738934678,-19.285301270231628],[146.97381168529682,-19.285228358075713],[146.97387212957986,-19.285178145870088],[146.97396153602887,-19.28512556093663],[146.97405345410695,-19.2850789410032],[146.97415419374593,-19.28503950700856],[146.97422092575306,-19.285009620700173],[146.97429899160437,-19.28498930657421],[146.97434936258267,-19.284961821866215],[146.97441484155328,-19.28491041724858],[146.9744752859056,-19.28485781896634],[146.97454832187967,-19.284805222418303],[146.97462513551798,-19.284757416190352],[146.9746755050859,-19.28473829099157],[146.9747271278341,-19.28473949107731],[146.97477748585248,-19.28473352431125],[146.9748165209654,-19.284708423783307],[146.97483289508511,-19.28468211815185],[146.9748530491043,-19.284646260501386],[146.97490467929237,-19.284598441649557],[146.9749701559475,-19.284560186255597],[146.9750331179607,-19.284535088957195],[146.9751212508235,-19.284529127254302],[146.97520686764463,-19.284545876168245],[146.97528240761122,-19.28454828131606],[146.97536551631148,-19.284535134077977],[146.97542217749805,-19.284511237770655],[146.9754712830304,-19.28447896275624],[146.97555313099969,-19.28443114777442],[146.97565638568074,-19.284370186183455],[146.9757168290857,-19.284319982399246],[146.9758251197837,-19.28424945980568],[146.97588556449392,-19.28418968535193],[146.97594222967797,-19.28413708608067],[146.9760077135102,-19.28411198877698],[146.97607318485302,-19.284107216574792],[146.976141180052,-19.284090488190216],[146.976248201149,-19.284043869117767],[146.97631619819455,-19.28401399124192],[146.97641819209122,-19.283980529881397],[146.9764987697936,-19.283960215136663],[146.97653780463116,-19.28393392130073],[146.9765944773379,-19.28389327831518],[146.97665995128762,-19.283869373713273],[146.97671913502893,-19.28383948552329],[146.9767632047014,-19.283811999342596],[146.976798458342,-19.283804828121905],[146.9768400116889,-19.283803640456217],[146.97691303106,-19.283792886146223],[146.97699739538498,-19.283780940298],[146.97707545997966,-19.283763019894714],[146.97715855812666,-19.283753459688498],[146.9772164827863,-19.28374271240684],[146.97726558410923,-19.283736735759874],[146.97732979896435,-19.283731962950664],[146.9774141612606,-19.28373436831145],[146.9774758523532,-19.283741551627962],[146.97755013600886,-19.28374156077045],[146.97762568483543,-19.283746350825798],[146.97769493214614,-19.28375831578164],[146.97776165524658,-19.283785815706068],[146.9778183077804,-19.28382169205968],[146.9778913285907,-19.283870719803566],[146.97796561606492,-19.283913773945063],[146.9780398921487,-19.283971170418937],[146.97811542347748,-19.284036935651002],[146.97820481008205,-19.28411943978133],[146.97825390201197,-19.284185201799293],[146.97828915399793,-19.28426291864799],[146.9782992124624,-19.28434660622405],[146.97829164770567,-19.284406387766715],[146.97827401170844,-19.284479317537063],[146.97822867963748,-19.284553436944467],[146.97816571445782,-19.2846060361702],[146.97812606922054,-19.284642723295732],[146.97802051959783,-19.2847184169766],[146.97793238081096,-19.284768618178177],[146.97784549892424,-19.284814038701732],[146.9777422471961,-19.284857071315084],[146.9778983254172,-19.285207389134705],[146.9780154267613,-19.285153603589713],[146.9781098656942,-19.285108183892756],[146.9781794998586,-19.285078287448343],[146.97833312036786,-19.2850197252693],[146.97845399613865,-19.284994624614537],[146.97856228222,-19.284953996140167],[146.9786491642937,-19.284906180363873],[146.9787297581758,-19.284835652813598],[146.97880783000497,-19.284763922959687],[146.97889723526987,-19.284706545781624],[146.9789891517189,-19.284659932398558],[146.97912137125186,-19.284565497626982],[146.97923217478038,-19.2844830168137],[146.97934424747143,-19.28437303524903],[146.97944247223566,-19.284261859118928],[146.9795293626034,-19.284142303989263],[146.9796061841096,-19.284016783004734],[146.97968174100595,-19.283880489256717],[146.97974723930665,-19.283732246908883],[146.97982532144295,-19.283568461585002],[146.97993992755238,-19.283279150652447],[146.9800066873385,-19.283084275317627],[146.9800394355176,-19.282937222202893],[146.98006463388853,-19.282810493386304],[146.98007976326244,-19.28268017561606],[146.980116316675,-19.282309555493924],[146.9801440502454,-19.28207283263578],[146.9801768080252,-19.281843286014848],[146.98018941757283,-19.28169264281579],[146.9801995212437,-19.281406899113957],[146.980222214294,-19.281216808706247],[146.98024111525382,-19.28106138538446],[146.98024994087584,-19.280956172817053],[146.98024743097739,-19.28085455591206],[146.98024114865936,-19.28078281627468],[146.9802147178558,-19.280714662307755],[146.98016059354015,-19.280553257336482],[146.98011151419573,-19.28038587013007],[146.9801102641236,-19.280334465205097],[146.980114048965,-19.280280656876695],[146.98012538270552,-19.28021251603636],[146.98014301656,-19.280146761755844],[146.980151839171,-19.28006665510855],[146.9801518469479,-19.280002091849003],[146.98014430871743,-19.27992796618885],[146.98012796043025,-19.279751020948453],[146.98012544557895,-19.27969123820267],[146.98012923097585,-19.279632658117276],[146.98013553943795,-19.279565709663185],[146.9801456168508,-19.27949755964224],[146.9801607285635,-19.27943180508078],[146.98017584791128,-19.27938159486555],[146.98019095787714,-19.279330182672062],[146.9802111090699,-19.27930269305047],[146.9802211805517,-19.279283561941295],[146.98019603115566,-19.279087483541794],[146.98014692972993,-19.279027695737526],[146.98008525054243,-19.278935633952866],[146.98003867327796,-19.278859109107312],[146.97998580826422,-19.278757477631025],[146.9799581131257,-19.278680963867856],[146.97993671923965,-19.278597266049342],[146.97991910601127,-19.278494445479293],[146.97992415194034,-19.27840118897895],[146.97993927315753,-19.278335434428953],[146.9799682409128,-19.27827685710077],[146.98000727805703,-19.278215885955184],[146.98004756839282,-19.278180020869062],[146.98012437590526,-19.27814416878641],[146.98018355638587,-19.27811906928157],[146.98022384522483,-19.27809516065257],[146.98026413448176,-19.278067664161956],[146.98029057689396,-19.278035385378374],[146.9803094735099,-19.277992351257122],[146.9803283620271,-19.277937351598638],[146.98035984394255,-19.277863230126577],[146.98037874365286,-19.27779388808935],[146.98040644651937,-19.277725748969527],[146.98043038016894,-19.277661188256896],[146.98043038740963,-19.27760021283313],[146.9804178031184,-19.277542823913187],[146.98042284504248,-19.277480656089487],[146.980435441537,-19.277435226363117],[146.98045810865335,-19.277376639239243],[146.98047952105625,-19.277304911579414],[146.9805084878726,-19.2772511149502],[146.9805160495152,-19.27720807055715],[146.98052738457264,-19.277125578256438],[146.9805538304492,-19.27706221976695],[146.9805928676528,-19.276996458658658],[146.9806432407555,-19.276921146196337],[146.98068983792612,-19.276825508177286],[146.98073139689487,-19.276760949280053],[146.98078805853373,-19.276703567667635],[146.98082834972058,-19.276655745904637],[146.98084598096747,-19.276606728820465],[146.9808447293041,-19.276567280377595],[146.98084977089832,-19.276506305473966],[146.9808711795486,-19.27646446448905],[146.9809076912875,-19.276426203895713],[146.980945471122,-19.276367627320205],[146.98099835402076,-19.2763126311233],[146.98104243337102,-19.276260037950024],[146.98108398144447,-19.276205040551627],[146.98111042394493,-19.276167980850328],[146.98112679976936,-19.27611059496088],[146.98115954318322,-19.276067562171676],[146.98122501949038,-19.275989856182367],[146.9812716123925,-19.27592649061186],[146.98133456293274,-19.275881065968278],[146.98139626630788,-19.275839229029454],[146.981434036991,-19.275774669579476],[146.98146803757567,-19.275722066238757],[146.98152470717972,-19.27567305303795],[146.98155366398427,-19.275618063293248],[146.98158640585402,-19.275586977887468],[146.98164054479426,-19.275529595748733],[146.98168335717696,-19.275484168958922],[146.98172869113415,-19.2754423302647],[146.9817702382426,-19.27539212253498],[146.98180414134026,-19.275358823038484],[146.98184453608224,-19.275315610136033],[146.98189994020447,-19.275261815898123],[146.98197045017878,-19.27518530307167],[146.98200445099258,-19.275127918834855],[146.98206111253745,-19.275062168170077],[146.9821303672815,-19.274974900632447],[146.982194586849,-19.274893606309004],[146.98224243453006,-19.274837416313215],[146.98229783682032,-19.274797973367715],[146.98239730577322,-19.274727436906637],[146.9824501866421,-19.274682010902296],[146.98251062340842,-19.274641366398548],[146.98258868433822,-19.274611487116665],[146.9826541557438,-19.274568457166815],[146.98269193365368,-19.27451823982729],[146.9827221561158,-19.27445846921685],[146.98274986446714,-19.27441423368207],[146.98280525947237,-19.274350868539436],[146.9828367428797,-19.274336529118905],[146.9828808072529,-19.274325769688474],[146.98291858132004,-19.274311430842868],[146.98295131377378,-19.27427437145475],[146.98297146574075,-19.274228942241532],[146.98298154066552,-19.274170353609673],[146.98297651524302,-19.27408307881135],[146.9829840794266,-19.274007761686573],[146.98300674454802,-19.27395515699328],[146.98304199790002,-19.273927659408557],[146.9831112478505,-19.273877453933174],[146.98312762091487,-19.273837998083973],[146.98315280463825,-19.273817675256627],[146.98320064778048,-19.273799749425134],[146.98323464447523,-19.273775839541706],[146.983290045202,-19.273745957877328],[146.98335048250522,-19.273694549527935],[146.98338951779382,-19.273628796834004],[146.9834084039389,-19.273582174515212],[146.98344114457413,-19.27355586956325],[146.98349654327404,-19.273545120047128],[146.9835343087871,-19.27351881553196],[146.98355068087855,-19.273487737328768],[146.98355320749738,-19.273441104483926],[146.9835683177699,-19.273370568801976],[146.98362372138857,-19.273309598319976],[146.98367534772808,-19.27323906589595],[146.98369172272277,-19.273178091902736],[146.9837320127946,-19.273124295747014],[146.98378363409006,-19.273103975181982],[146.98386421801052,-19.273053770421562],[146.9838843675894,-19.273028666253236],[146.9839133225588,-19.272979649850818],[146.9839296920785,-19.272973668520226],[146.98399264609543,-19.27297128816568],[146.98403418841798,-19.272956940379668],[146.98409211183593,-19.27291510218602],[146.98412358764432,-19.272876840496068],[146.98414877270756,-19.27283978023169],[146.98416640244267,-19.272791964782257],[146.98417018383182,-19.27275849051424],[146.98420291661287,-19.27271186026986],[146.98424447008227,-19.272679582199455],[146.9842910580386,-19.272646111613053],[146.98432883341704,-19.272612640259336],[146.9843514965549,-19.27257438681052],[146.9843540139832,-19.272521780215676],[146.98436535381822,-19.27246558652028],[146.98439683004273,-19.272421351047957],[146.98440187767477,-19.272381903148403],[146.98441320627168,-19.272343639685992],[146.98444469118715,-19.272307772854877],[146.98450134730447,-19.272279083864145],[146.98455673677358,-19.272259965374776],[146.98458695613402,-19.272221703496008],[146.98460081658556,-19.27217866847781],[146.9846272578724,-19.272139213334487],[146.98465622131346,-19.272097372520403],[146.98469776701984,-19.27204357625049],[146.9847040710037,-19.272001733530157],[146.9847267337494,-19.27196586591064],[146.98476828913766,-19.27190967470875],[146.98482242312042,-19.271880985406984],[146.9848828576169,-19.27184751581573],[146.9849244113915,-19.271808061877017],[146.98495336550963,-19.27176263315822],[146.98496722571804,-19.271720791049283],[146.98499492163967,-19.27169688031437],[146.98504025078526,-19.27168732244028],[146.98506416864996,-19.271662218446266],[146.9850931317884,-19.27162157049993],[146.9851371972289,-19.27158929242732],[146.98518378308438,-19.271573751848287],[146.9852291040612,-19.27154864956578],[146.98524296321813,-19.271517571000953],[146.98527191677033,-19.271476923024842],[146.98530591300548,-19.271449424894207],[146.9853399108237,-19.271403996517645],[146.9853411696907,-19.271374100835875],[146.98535879796788,-19.271337039792275],[146.9853852482427,-19.271299979452337],[146.98542805976237,-19.27124020937851],[146.98549478760975,-19.271170870566305],[146.98556907282386,-19.27108838288055],[146.98561314178508,-19.271013059462074],[146.98566351149216,-19.270929376913383],[146.9857126137697,-19.270864817431164],[146.98578564098693,-19.270800259797074],[146.98588259465126,-19.270717773741538],[146.9859254043087,-19.270675933788254],[146.9859531023606,-19.27062332909704],[146.9859908796811,-19.27055757572783],[146.98602613312556,-19.270514542231545],[146.98607272172455,-19.270461938964214],[146.98612812414333,-19.27039259905147],[146.98617344625623,-19.270348364312785],[146.9862238119793,-19.27030652485916],[146.9863623089354,-19.270180996436846],[146.98645044883457,-19.27010687806791],[146.98656753997045,-19.270012436626395],[146.98664811337096,-19.269945493316627],[146.98671485075803,-19.2698629955648],[146.98677906626395,-19.26977931370336],[146.98683068881058,-19.269725517662817],[146.98690371166623,-19.269704004809178],[146.98693770574783,-19.26969563858938],[146.98697043590923,-19.269664552196925],[146.98698303037804,-19.269614341183118],[146.98699814966858,-19.269527058846496],[146.98702710610684,-19.269439786527588],[146.98707872977786,-19.269369253110845],[146.98714043000447,-19.269317843571503],[146.9872046321322,-19.26927839973203],[146.9872537422763,-19.269221015536782],[146.98730662206594,-19.26914928016443],[146.98737712728186,-19.26906798440197],[146.98744637669276,-19.268980714789624],[146.98751437065584,-19.26888268149515],[146.98758362090646,-19.268782262380284],[146.98764280208803,-19.268687816293646],[146.98774352445406,-19.26857424075391],[146.98781655012664,-19.268506094434816],[146.98786817413503,-19.26842241133837],[146.9879109832186,-19.26837339519578],[146.98797141798346,-19.268310028776693],[146.98803185192062,-19.268257425907176],[146.9880885088719,-19.26818928744216],[146.98813635285586,-19.268129508003238],[146.98817035092497,-19.26806016606298],[146.98819553605432,-19.267999192200456],[146.98824841427512,-19.267938220116086],[146.98831514928537,-19.267866494369013],[146.98837432828606,-19.267792373199647],[146.98842090719353,-19.26772063709261],[146.98844358006875,-19.26765608421498],[146.98846246426717,-19.267607066425228],[146.9884977164361,-19.267564023400336],[146.98854430116995,-19.267543701160523],[146.98857955305488,-19.267504255013932],[146.98861732795282,-19.26744806267229],[146.98864880306616,-19.267389475014344],[146.98868909855562,-19.267351222098867],[146.98874323166578,-19.26730339939549],[146.98878352808785,-19.26725080406798],[146.98880619034793,-19.267199391555],[146.98882129771866,-19.267130048328966],[146.98884270490703,-19.26706189842559],[146.98885907713355,-19.267004511784034],[146.98890063034492,-19.26694115293389],[146.98893839484592,-19.266894531153497],[146.9889812026554,-19.266853883406153],[146.9890277890383,-19.266804867220934],[146.9890605293346,-19.26674986742107],[146.98910585108095,-19.26668411383056],[146.98914110556083,-19.266600429381448],[146.98919650640974,-19.2665155441388],[146.98923553797815,-19.26644500934526],[146.98931108573024,-19.266349370716483],[146.9893815867591,-19.26629915385731],[146.98943572975827,-19.266236988551228],[146.9894785384951,-19.2661772084569],[146.98953897298935,-19.266095920290976],[146.98958932847734,-19.266031359803744],[146.98964094900902,-19.265976360969134],[146.9896887925349,-19.265904633633482],[146.98972027708518,-19.265836484186007],[146.9897366401122,-19.265767140944387],[146.9897580471902,-19.265691824245486],[146.98977945358217,-19.265627262079178],[146.9898335955471,-19.265575860223766],[146.9898839593975,-19.265525642045745],[146.98993934991307,-19.26544195854474],[146.9899884603579,-19.265345116191217],[146.9900488955947,-19.265242300701917],[146.99011814399026,-19.265121555415742],[146.99016221141693,-19.265010370345017],[146.99019368715054,-19.264924290556163],[146.9902490866116,-19.26484418577679],[146.99028811712267,-19.264777238603347],[146.99031833616772,-19.26469832540282],[146.99034982022684,-19.264630184875177],[146.99037751571177,-19.264579965358173],[146.99041780122263,-19.264530948474526],[146.99046565399124,-19.26445085226784],[146.99052230897243,-19.264376730243075],[146.99056007352263,-19.26431097588275],[146.99063184093953,-19.264226091027552],[146.9906910181996,-19.2641412055029],[146.99074767330825,-19.264061109666777],[146.99081691730134,-19.264001330580108],[146.99085216927824,-19.263936768970815],[146.99089372180882,-19.263857865271827],[146.99095037645932,-19.263782550169143],[146.99097429404404,-19.263725163690445],[146.99100955496039,-19.263668970706643],[146.99103342423237,-19.2636243541015],[146.99104984148795,-19.26359365476611],[146.99108383804256,-19.263512355732743],[146.991117835594,-19.263411924458946],[146.99113168601187,-19.263333019353677],[146.9911379812111,-19.26324095538642],[146.9911656884918,-19.26313933989277],[146.99119716430164,-19.263035320619498],[146.9912349398881,-19.26293011773863],[146.99127649255104,-19.262840450367356],[146.99130796722562,-19.26275556330635],[146.99133062983995,-19.2626706758216],[146.99135959267204,-19.262576227032163],[146.99139736599216,-19.26251047248613],[146.9914263169421,-19.262460261894905],[146.9914917819568,-19.262402877283197],[146.99155095707872,-19.26233831663913],[146.9915950204193,-19.262273755281566],[146.991646640195,-19.262197246777824],[146.99168567053707,-19.262109965072156],[146.99174106898573,-19.262016719394328],[146.991785133595,-19.261923464152577],[146.99180024945858,-19.261839769203267],[146.99184180159833,-19.261748908752004],[146.99187201916735,-19.26167359216484],[146.99193118600002,-19.261575556754938],[146.99196266897155,-19.2615038190291],[146.99199917685223,-19.26142372189515],[146.99203820676658,-19.261337642084833],[146.99206716803948,-19.26126231636985],[146.99210745475426,-19.261160701256472],[146.99214900757818,-19.26104831357137],[146.99219810578708,-19.260953865495395],[146.9922497268362,-19.260835504472965],[146.99230890249248,-19.260741056791765],[146.992359267767,-19.260611941141107],[146.99238444196277,-19.26052346575079],[146.99242724951932,-19.260433798146323],[146.99248642465767,-19.260345324144858],[146.99253929986463,-19.260261639704602],[146.99258085087675,-19.260177954789274],[146.99262240184711,-19.260094260826296],[146.99265009715614,-19.260015356135025],[146.99269416013416,-19.259935250115152],[146.9927621472994,-19.25983602182873],[146.9928162879435,-19.25974994243454],[146.99287545362773,-19.259649520816367],[146.99293337120403,-19.25958256473692],[146.99296987793332,-19.259508441134052],[146.99300512805584,-19.25944508105578],[146.99305548916865,-19.259392476087793],[146.99311214179744,-19.25930519471877],[146.99314739147425,-19.25925020327308],[146.9931738303739,-19.259168903528725],[146.99321663606793,-19.259105543689124],[146.99327203142323,-19.25904217526515],[146.99333372619316,-19.258982403951435],[146.99339666770777,-19.25891784282273],[146.99345331871197,-19.258862843049645],[146.99351501372502,-19.258793510070717],[146.99353641751614,-19.258734921157618],[146.99355529969233,-19.25867275332973],[146.99358048251284,-19.25858308481508],[146.9936257998429,-19.25852689164737],[146.99367238198843,-19.258491032734142],[146.9937542120493,-19.258436033734554],[146.993819674657,-19.258378648263594],[146.99386122396672,-19.25831050742342],[146.99390025164215,-19.258238769591113],[146.99396068100438,-19.25815866379534],[146.99399341815595,-19.258097698353716],[146.99402236840768,-19.258023565242826],[146.99405636174524,-19.25795901196932],[146.994102944321,-19.257904011661708],[146.9941432266695,-19.2578669504443],[146.99420365447511,-19.257823916114287],[146.99425401462776,-19.257773696689018],[146.9943094097555,-19.257692406711968],[146.9943345908259,-19.257637405676665],[146.9943710961688,-19.257572843382246],[146.9944025668657,-19.25752861515056],[146.9944227143981,-19.257460464482797],[146.99444664009778,-19.257381559381518],[146.99447558957954,-19.25732058469589],[146.99452847137238,-19.25726558446613],[146.99456875398081,-19.25721298780439],[146.99460652362094,-19.257183093092195],[146.9946770192351,-19.257129295315803],[146.994722345155,-19.25707789170735],[146.9947789952367,-19.25701811070999],[146.9948142442827,-19.256949960425686],[146.99486208282832,-19.25688181952553],[146.9949111762153,-19.256853127045723],[146.99496027851703,-19.256843557762757],[146.99499930377274,-19.25682443562389],[146.9950269961345,-19.256787373862792],[146.99507105695315,-19.25671204804405],[146.99512771668705,-19.256639117470108],[146.99517681149325,-19.256557827052216],[146.99522717158564,-19.256486089221312],[146.9952586428422,-19.25640718420202],[146.9952976696639,-19.256328279371036],[146.99531781637444,-19.25627089217994],[146.99534298764567,-19.256206329391336],[146.99536313499755,-19.256125029142886],[146.99538328232958,-19.25604372889147],[146.99542230874042,-19.255974385636566],[146.99548524848615,-19.255902657081776],[146.9955595305371,-19.25585005199241],[146.99562499171267,-19.25578429719416],[146.9956879308292,-19.255730498838922],[146.9957168885507,-19.255689849137035],[146.99575591393818,-19.25565158554709],[146.99583018560915,-19.255625288319358],[146.99588809917304,-19.255614526045203],[146.99591956879428,-19.25558224503201],[146.9959321590494,-19.255548770653014],[146.9959384598452,-19.255494970941957],[146.99597118639693,-19.255426820367195],[146.99601776709986,-19.255393346727143],[146.99606938138947,-19.25537063676871],[146.9961335852732,-19.255339549359686],[146.99618897722192,-19.255320418271552],[146.996222967759,-19.255316840152123],[146.99626576030576,-19.2553180339721],[146.9962922043243,-19.25533596478157],[146.99634003898055,-19.255394555437512],[146.9963878734616,-19.255462698649538],[146.99634632898344,-19.25539216064293],[146.9963236730142,-19.25533955327849],[146.99629220588253,-19.255266620540514],[146.99627457469433,-19.25519608299922],[146.9962783535716,-19.255147064026346],[146.99630983329175,-19.255081308283433],[146.99633501292473,-19.255043053324957],[146.99637403804212,-19.25500359665888],[146.9964294205671,-19.254973710948637],[146.99648481246052,-19.254949798966678],[146.9965150255783,-19.254925886489954],[146.99653517139282,-19.254882850603828],[146.9965527958906,-19.254821875357766],[146.99656916431817,-19.254759707144522],[146.99659937758616,-19.254726224008788],[146.99662706930965,-19.254685574134786],[146.99664091596935,-19.254625800788215],[146.99666609579444,-19.25457079941332],[146.99673030008347,-19.254497877500476],[146.99675170191654,-19.2544524376529],[146.99677562592586,-19.254380707945156],[146.99679702814873,-19.254313758993373],[146.9968473771989,-19.254249196422915],[146.9968864023668,-19.254190616428655],[146.99689018074653,-19.254157132790983],[146.99689144742072,-19.254099745090954],[146.99689648252584,-19.254031602905],[146.9968889279149,-19.253984969603913],[146.99687886138278,-19.253926388768154],[146.99688892958278,-19.253896502136545],[146.99692292074783,-19.253842702850594],[146.99694810042575,-19.253784113569736],[146.99698585968346,-19.253735095138367],[146.99702866172873,-19.253714770643025],[146.99707649814644,-19.253662173530916],[146.99710294295338,-19.253625102385232],[146.9971369244148,-19.253574890920266],[146.9971520364674,-19.253510327705875],[146.9971759601865,-19.253437404996646],[146.99720490784597,-19.253383605577664],[146.99724645424038,-19.25333099928558],[146.99728170100684,-19.253291542361506],[146.99732450303634,-19.253262849128994],[146.9973421264339,-19.253241331247573],[146.99735093838052,-19.25321502339524],[146.99738240737162,-19.25317557543396],[146.99741010781997,-19.253156443573175],[146.9974289873205,-19.25313133783824],[146.99743779954431,-19.253085906763673],[146.99745038979967,-19.253020150544085],[146.99746927905082,-19.252978307470315],[146.99749193611527,-19.25296156141041],[146.99752340475524,-19.252940043700097],[146.99755613900612,-19.25291613108024],[146.99758131796716,-19.252881463803888],[146.99760900919117,-19.252837225910216],[146.99762034287872,-19.252800163525702],[146.9976392225118,-19.252760706316852],[146.99764803467494,-19.25271408228851],[146.9976681799239,-19.252671046267153],[146.9977009049013,-19.25262441350156],[146.99772860554918,-19.252581377567914],[146.99776510818623,-19.252535946816515],[146.9977990984666,-19.25250605138345],[146.99783560084805,-19.25247735795299],[146.9978633015445,-19.252425953330516],[146.99788721472558,-19.252396057762777],[146.99791617109358,-19.252373347012693],[146.99794763958104,-19.252350627248717],[146.9979703060704,-19.252330302302973],[146.997975340368,-19.252287266077715],[146.9979992537405,-19.252238247275375],[146.9980256979832,-19.252211939579595],[146.99808234491957,-19.25217607962658],[146.99812010315927,-19.252154552840146],[146.99816417037883,-19.252121078615648],[146.9981994167326,-19.25207564776268],[146.99823214135208,-19.25203739260456],[146.99824977411754,-19.252006303985457],[146.99827494347844,-19.25195250435254],[146.99830264401146,-19.25189511687619],[146.99832907901035,-19.251831755636726],[146.9983479583991,-19.251788710487354],[146.99837188098633,-19.251751648165254],[146.99840964881403,-19.251708612213676],[146.99843608360607,-19.251659593373024],[146.998463774574,-19.251596223085752],[146.99849524318665,-19.2515352477463],[146.99851664425688,-19.251477860183],[146.9985644891507,-19.25141569202092],[146.99860602510077,-19.251363085408634],[146.9986588940823,-19.251309285928038],[146.99871555025436,-19.251251898595076],[146.9987684192092,-19.25119211629732],[146.99881247668813,-19.251135930827807],[146.99886408954148,-19.251072560630007],[146.99890941247764,-19.25102354183385],[146.99895850366707,-19.25095539982547],[146.99900759462187,-19.250919530500436],[146.99905669513922,-19.250871704629446],[146.99912215293378,-19.250808343465298],[146.99915487713707,-19.250760517488093],[146.99918383312055,-19.250722262136794],[146.99922160059126,-19.25066008471506],[146.99926188012336,-19.25060031125429],[146.9993034252119,-19.250535747945865],[146.99932985949235,-19.250501080424606],[146.99936888278307,-19.250471184711603],[146.99940412837083,-19.250448473742814],[146.99942805048107,-19.2504245607526],[146.99945574079388,-19.250381515509606],[146.99949098642432,-19.250334891457072],[146.99951743017667,-19.250290653258745],[146.99955896553024,-19.25024163428743],[146.9995841436927,-19.250195010191707],[146.9996143554909,-19.250171097190652],[146.99967225739044,-19.25015435996393],[146.99973268091836,-19.25011849046116],[146.99976919197786,-19.250070673413383],[146.99980318141598,-19.250016864532324],[146.99983464921831,-19.249970240407627],[146.99985352800996,-19.249917633481946],[146.99988500528212,-19.249888939630374],[146.99992150672443,-19.249855464969404],[146.99996934109265,-19.249850684177535],[147.00000333042124,-19.249845903373952],[147.00008767572194,-19.249853070043454],[147.0001770452306,-19.2498805709108],[147.00023243491876,-19.24989013246104],[147.00032181392413,-19.249885351519577],[147.00036839222858,-19.249873394897723],[147.0003935701575,-19.249848288835064],[147.00042000408672,-19.24980884034756],[147.000432593001,-19.249780146443843],[147.00045399324563,-19.249750250537872],[147.00047790555593,-19.249715582854023],[147.00049301608024,-19.24969525760948],[147.00052448373276,-19.249682108045537],[147.00057609569117,-19.249680905910694],[147.00061637473038,-19.249684493643468],[147.00066547467935,-19.249702432791587],[147.0006906526271,-19.24969884483426],[147.00070324155215,-19.249685695309875],[147.00070449751894,-19.249667755984916],[147.0006981981606,-19.24964145705606],[147.0006969419661,-19.24960558745783],[147.00070700915475,-19.249562542087915],[147.0007296748369,-19.249523093568957],[147.00076239847422,-19.24950874197919],[147.00079764370517,-19.249494399410008],[147.0008114981634,-19.24948124987236],[147.00081149803404,-19.249454941881385],[147.00082156520745,-19.249416686348248],[147.0008366660618,-19.2493796237337],[147.00087821030976,-19.249330604458038],[147.00091597701618,-19.249303103339226],[147.00096758876916,-19.249287558674663],[147.00101542294252,-19.249282777609043],[147.00104941224546,-19.249297128873984],[147.00108340168768,-19.24933179630044],[147.00115514888085,-19.249421465352814],[147.00120802669505,-19.249472879013762],[147.00124705015227,-19.24954222303704],[147.00128607341864,-19.249582864139022],[147.0013250966659,-19.2496187334637],[147.0013527869858,-19.249653409921837],[147.001389297956,-19.24966297126073],[147.00142832090322,-19.249659383096258],[147.00148371034248,-19.24964145237277],[147.00152524518072,-19.249617538962617],[147.00158566805203,-19.24957569509742],[147.00162721233906,-19.24954819379978],[147.00167412330057,-19.249517041317446],[147.00173192941517,-19.24948201165796],[147.0017821517225,-19.249451048902596],[147.00180228629304,-19.249436706286367],[147.00180921343406,-19.24942594262565],[147.0018155029658,-19.24940860875128],[147.00181865234075,-19.24938649410153],[147.00181898509072,-19.249360068620263],[147.0018252836915,-19.249302680805858],[147.00182779516345,-19.24924768795071],[147.00181521498274,-19.249179536730924],[147.00179506982417,-19.24909226235804],[147.00176611336312,-19.249002593145367],[147.00173464449415,-19.2488782472875],[147.00169436462113,-19.24877663067036],[147.00167925339224,-19.248704891596727],[147.00165785226818,-19.248611634429185],[147.00164275055005,-19.248536316524117],[147.00162260574916,-19.248468165353533],[147.0016112723709,-19.248414365560937],[147.0016125375229,-19.248373715135077],[147.00163015973305,-19.248341433235513],[147.00165532761307,-19.248305563401473],[147.00168302656598,-19.248268500598208],[147.00170316994888,-19.248199165154578],[147.00170442546238,-19.24814894407574],[147.00170945863394,-19.248103512805873],[147.0017195254421,-19.248058081488395],[147.0017346355111,-19.24802341371644],[147.00177743536167,-19.247991131561047],[147.0018252686599,-19.247943304944222],[147.00187687968466,-19.247908636792364],[147.0019033130038,-19.24787395985197],[147.0019184132518,-19.24781776487575],[147.00190456758492,-19.24774842072227],[147.00190205481135,-19.247686252179392],[147.001912121278,-19.247618109755297],[147.00193352038625,-19.247538001636258],[147.00194107458094,-19.247453112854014],[147.00193980777485,-19.247345513069728],[147.00193729498014,-19.247282151582084],[147.00192092770237,-19.247205631722483],[147.00189071586357,-19.24714943721449],[147.00186931524146,-19.247093242611346],[147.0018630249199,-19.247032276082006],[147.0018630242857,-19.24697608125831],[147.00186553552052,-19.2469043420057],[147.0018693124256,-19.24684456831497],[147.00188945589852,-19.246805110628994],[147.00189952266055,-19.246766855025527],[147.00189952176635,-19.246689142046502],[147.00188189855854,-19.246613815134083],[147.00188189787718,-19.246554041480014],[147.0018894521766,-19.24647991628661],[147.00190581754586,-19.246398615270163],[147.00193728374188,-19.24632448982294],[147.00198386003382,-19.24623840766783],[147.00203672618468,-19.246177440487944],[147.0020732261147,-19.246123640171913],[147.00208959131274,-19.24603875127042],[147.00208455691978,-19.24597418782441],[147.00207322347214,-19.245913212314782],[147.00207322260135,-19.245843868002265],[147.00208833183385,-19.245764961900935],[147.00208329755537,-19.245708767126832],[147.00206315326133,-19.24566810789088],[147.00201657569673,-19.24563344077163],[147.0019825866765,-19.24558681696486],[147.00196748532917,-19.245531815237996],[147.00195615184185,-19.245461278101327],[147.0019485960808,-19.245405083348594],[147.00195363836224,-19.245338133901438],[147.00196622621345,-19.24527118437274],[147.00199013718267,-19.245205427662697],[147.00201531368597,-19.24514205682069],[147.0020694447279,-19.245059562415186],[147.00211601135481,-19.244995007409855],[147.0021588100957,-19.244943601919967],[147.00221168531442,-19.244885011529053],[147.00226706302624,-19.24482882505205],[147.00232370630548,-19.24477860325604],[147.00239545959226,-19.244722416530916],[147.00246594722032,-19.244660237967786],[147.00249615744363,-19.2446267628589],[147.00255532205261,-19.244572962127137],[147.00262077627244,-19.244526337018062],[147.00267238582967,-19.244477317164844],[147.00271392859372,-19.24444622773928],[147.00272902852922,-19.24440677906279],[147.00274036007156,-19.24434460126436],[147.00272651431152,-19.244272871260975],[147.00271266817052,-19.24417721913571],[147.0027189563739,-19.2440971201556],[147.0027302879384,-19.244037337278996],[147.00276553106934,-19.24397756307901],[147.0027894417954,-19.24392734162592],[147.00283224027544,-19.24388908545738],[147.00288384988406,-19.243858004872678],[147.00294679175144,-19.243812563588495],[147.00302232215694,-19.243769526035834],[147.0030751873786,-19.243721698987237],[147.0031330858712,-19.24366311727539],[147.00315574073989,-19.24362844020276],[147.00318595058852,-19.24359257909033],[147.00325014855073,-19.24356148914434],[147.00333574615044,-19.24353757451983],[147.0033898770622,-19.243506493745297],[147.00344526312622,-19.24343594640001],[147.00351197220712,-19.24336899572445],[147.00359631271044,-19.243300842698034],[147.00366427729836,-19.243217154589072],[147.0037221847315,-19.243150204011304],[147.00377252799578,-19.243099981885845],[147.00381910330643,-19.243052163785944],[147.00389085575637,-19.243013897722406],[147.00397267522823,-19.242979228316464],[147.00406833938882,-19.242955313129112],[147.0041564583557,-19.24294335460626],[147.00424204635723,-19.242933791023223],[147.00430624417626,-19.24291465724773],[147.00433771937068,-19.242887155551674],[147.00436162965045,-19.24284411865814],[147.00437421617679,-19.242771186155434],[147.00441197987408,-19.24270901664639],[147.0044610665458,-19.24264923273973],[147.00451645130892,-19.242558368881067],[147.00456805846443,-19.242465110175342],[147.00462973232604,-19.24236587744661],[147.00467630596236,-19.242275013759446],[147.00474553405127,-19.24215545557539],[147.00483112755737,-19.2420239403882],[147.00488902302615,-19.24190437340795],[147.00493308385143,-19.24179438647676],[147.00497587857973,-19.241666451194874],[147.00502873964967,-19.241522980250327],[147.00505894727777,-19.241440485584167],[147.00512817410868,-19.24130060202166],[147.0051659363256,-19.241210931389382],[147.00519740006973,-19.24113680534014],[147.00521376403603,-19.241079417071766],[147.00520495138966,-19.24102322246251],[147.0051684404255,-19.240959861939224],[147.00513949389293,-19.240896492158534],[147.0051117934738,-19.240821174829705],[147.00507276994125,-19.240735094207633],[147.00502493617932,-19.240668146099605],[147.00494185970146,-19.24062271710133],[147.00487513968866,-19.24058445432796],[147.00482479399844,-19.240513918365764],[147.004814716201,-19.24046370655941],[147.00481974768965,-19.24039794994106],[147.00484618789642,-19.240335771586803],[147.00485750909394,-19.240281971346363],[147.00485247407588,-19.2402269785958],[147.00482478299566,-19.240137309746743],[147.0048058930072,-19.24003927198274],[147.00476939123803,-19.239951998278922],[147.0047454687733,-19.23988384748661],[147.00471777821875,-19.239808530089505],[147.00466157169294,-19.239739521556505],[147.004579824901,-19.239587070863585],[147.00449834571884,-19.239472875654844],[147.00437631320432,-19.23932072408795],[147.00421367997907,-19.239130607043528],[147.0041010576745,-19.238958129842292],[147.00394687365807,-19.2387407011849],[147.0038472602589,-19.23863585982831],[147.00368492412963,-19.23848396167764],[147.00352347562725,-19.238446884190914],[147.0033623039062,-19.238448062090704],[147.0032005693245,-19.238372701677676],[147.00307852930413,-19.238220576339604],[147.0030376522376,-19.238144300925853],[147.00295648950782,-19.238068405730356],[147.00287530782194,-19.237992447236355],[147.00275326838172,-19.237840294562716],[147.00263152473389,-19.237726370225708],[147.00255007636162,-19.23761220123825],[147.00230744778344,-19.23749914592224],[147.00214511418852,-19.237347327724077],[147.00202307589737,-19.23719515647795],[147.00198161825443,-19.237042405896464],[147.00189986575643,-19.236889944924147],[147.001777837544,-19.23673778254426],[147.00177695143893,-19.236622997853573],[147.00177637021775,-19.23654648677551],[147.00181607431205,-19.236469695140578],[147.0018960731797,-19.23639258677261],[147.00189518699497,-19.236277856302927],[147.00181373033067,-19.236163632745097],[147.00181285371897,-19.23604889323459],[147.00185255767641,-19.235972074475217],[147.00185167152378,-19.235857307850225],[147.00189137541733,-19.23578050715573],[147.0019713739162,-19.235703407786563],[147.00209195288798,-19.235664256194976],[147.00217222766608,-19.235625466504597],[147.00229222507684,-19.235509794657872],[147.00233221466215,-19.235471267482797],[147.00241192680673,-19.235355876225526],[147.00241134529622,-19.235279383213825],[147.0023701737635,-19.23516489726994],[147.00236899175343,-19.235011884130323],[147.00236812427622,-19.234897099420685],[147.00240782769905,-19.23482030764367],[147.00240724619206,-19.23474379655257],[147.00232637139965,-19.23470612044552],[147.00228578151862,-19.234668145568087],[147.00232578041582,-19.23462958224098],[147.00244548147757,-19.234475717996705],[147.0025654683477,-19.23436007306901],[147.00264546584427,-19.23428298243094],[147.00272573982,-19.23424412019249],[147.00292660095457,-19.234166196145594],[147.00304688291973,-19.23408876125891],[147.0031671647737,-19.234011407629687],[147.00328744651398,-19.23393399969607],[147.00336772968492,-19.23389520043676],[147.0034877059725,-19.2337795187479],[147.00360800642397,-19.233702164826177],[147.00376798070218,-19.233547937405802],[147.00380768314992,-19.233471136276613],[147.00384739507527,-19.233394335137998],[147.00384680339263,-19.233317842114776],[147.00388621941192,-19.233202758304465],[147.00392592172176,-19.23312595714679],[147.00392503414514,-19.233011226646216],[147.00404530528715,-19.2329338001318],[147.00420617569947,-19.23289437511817],[147.0043664445997,-19.232778475012196],[147.004527009271,-19.232700767053082],[147.00472758115,-19.232584594504143],[147.0048475555347,-19.23246894805797],[147.00496783536403,-19.232391520932982],[147.0051284184067,-19.232313857630167],[147.00528897275584,-19.232236221299118],[147.0054092617233,-19.232158793882036],[147.0054892473116,-19.23208167487144],[147.00548895109404,-19.23204347354446],[147.0055289486066,-19.232004864319563],[147.0054880719507,-19.231928688813113],[147.0055280694381,-19.2318901518876],[147.00556777066845,-19.231813323250808],[147.00564833901328,-19.23181274238614],[147.0056880401688,-19.231735904685177],[147.0056871608891,-19.23162112898843],[147.0056465805101,-19.231583209067637],[147.00568628161287,-19.231506416552456],[147.00568540233598,-19.231391649890288],[147.00564422950404,-19.23127716463422],[147.00560305672911,-19.231162679367447],[147.00568306077463,-19.231085587375762],[147.0056827645104,-19.231047277595447],[147.0056412955155,-19.230894591002958],[147.00564012953416,-19.23074152358841],[147.0056389540428,-19.230588519433798],[147.0056777756426,-19.230396915050026],[147.00579717422892,-19.230204783948444],[147.00595743940244,-19.230088828192184],[147.00611800071442,-19.230011191115814],[147.00619799444655,-19.22993406274017],[147.0063176884987,-19.229780141662626],[147.00639737608833,-19.22966481186285],[147.00655734385634,-19.22951063616413],[147.00671792335066,-19.229432935294234],[147.00683820009692,-19.22935558825314],[147.00687788108155,-19.229278777387073],[147.00703845068662,-19.22920110334702],[147.00707816008358,-19.229124283397752],[147.00707757643346,-19.229047745162053],[147.00707699278504,-19.228971234038095],[147.007116692595,-19.228894423116394],[147.00723724635054,-19.22885529522221],[147.00735752243327,-19.228777947835404],[147.00747751124223,-19.228662299618815],[147.0075571974805,-19.228546906038535],[147.00759630356396,-19.228393574845178],[147.0075954229774,-19.228278799116143],[147.00759425520857,-19.2281258039706],[147.00759278122732,-19.22793451710771],[147.00759130724916,-19.227743221203358],[147.00763041311234,-19.22758991710173],[147.00766952841758,-19.22743662202631],[147.00762779032885,-19.2272456260297],[147.00762690021307,-19.22713085932431],[147.0076257229057,-19.22697778282304],[147.0075839659549,-19.226786777770176],[147.00758308538587,-19.226672002020962],[147.00762220051774,-19.226518697902886],[147.0076213008958,-19.226403931188763],[147.0076610093506,-19.226327120127458],[147.00778127388128,-19.226249772442156],[147.00790155732287,-19.226172325264347],[147.0080271136926,-19.226140544081684],[147.0080834267456,-19.22611918607773],[147.0081553243666,-19.22610699135176],[147.00827087312976,-19.226102105940157],[147.00838642089596,-19.22607770857081],[147.00846344483793,-19.22603136091226],[147.00851479852452,-19.22596306241573],[147.00856615305398,-19.22591184471167],[147.00871508179347,-19.22581426922213],[147.0089461626231,-19.22568010596064],[147.00930050157984,-19.22543861629658],[147.0096728117206,-19.225199565108525],[147.00992957785394,-19.225048327468485],[147.01001687650958,-19.225009298941337],[147.01018891787453,-19.224987337450056],[147.0103173007139,-19.224989770379675],[147.01049446854591,-19.224943416194204],[147.01062798612207,-19.224901944606128],[147.0107461003845,-19.224860473824837],[147.01082056429777,-19.22482144566648],[147.01092070481135,-19.22475558371427],[147.01099772499148,-19.224672642286812],[147.01109272432825,-19.224555565231235],[147.01116975532634,-19.224494575732955],[147.01124422113196,-19.224487259867576],[147.01128530370522,-19.22450188899799],[147.0113135528614,-19.22453115960638],[147.01132895925372,-19.224577502777343],[147.01132639497737,-19.224643358946643],[147.0112493682832,-19.224767755366294],[147.0111903210495,-19.22486288734215],[147.01111072469917,-19.224977523395275],[147.01101573334705,-19.225075097604968],[147.01092586835298,-19.225148279340896],[147.0108180200888,-19.225197060939976],[147.01067166610767,-19.22521171021788],[147.01056638605928,-19.225253180209812],[147.01046881127738,-19.22527757792987],[147.0103609735316,-19.225345880182537],[147.01029422008392,-19.22545564395483],[147.01026597700968,-19.22552393262247],[147.01024030468227,-19.225623942641903],[147.01021720263802,-19.225748335592172],[147.0101581567085,-19.22588005088074],[147.01013248470886,-19.22598737218969],[147.01012221618709,-19.22609713275852],[147.01015817844564,-19.22623372299774],[147.01019926587287,-19.226321528713132],[147.0102737390642,-19.22641909300971],[147.01035077180077,-19.22651908820801],[147.0104406568619,-19.226597130641803],[147.0105151170816,-19.226636159187212],[147.01062554021155,-19.226665416121506],[147.01072310754134,-19.22666053020536],[147.01084379425808,-19.226655651907453],[147.01092082987242,-19.22664832698522],[147.0109798840563,-19.22664588333961],[147.01103894824155,-19.226650760019766],[147.01110314137782,-19.226667827908216],[147.0111493657445,-19.226736121211225],[147.0111878828525,-19.226792214397523],[147.0112084305431,-19.226889781594597],[147.01120586816816,-19.22698491008861],[147.0112110140937,-19.227106861300154],[147.01123156647796,-19.227272715560353],[147.01127522722746,-19.22741418531987],[147.0113265905454,-19.22749710990801],[147.01139592692368,-19.227589793823135],[147.01147297243142,-19.227719060876083],[147.01154231188096,-19.227853208610167],[147.01149094495202,-19.227721499864263],[147.01144471577672,-19.227589790781053],[147.011426734333,-19.227458079924165],[147.01139334110425,-19.22734344179007],[147.01134968345568,-19.227248325204542],[147.01135224441157,-19.227133684828864],[147.01136764082392,-19.22703124423072],[147.01135736916223,-19.226945867953958],[147.01132654190113,-19.226787334682935],[147.01130856197432,-19.226675135686254],[147.0113003504293,-19.226662998879675],[147.01126233755892,-19.226606842423003],[147.01116989395328,-19.22654587231738],[147.01107231375866,-19.2264995341288],[147.01093365316942,-19.22647759045911],[147.0108181050213,-19.226494669088698],[147.01068715407987,-19.22652150900542],[147.0105870080287,-19.226519074706022],[147.01049199714146,-19.226477616289916],[147.01039442439034,-19.226394694086313],[147.01032508877034,-19.22629712954903],[147.01027372450844,-19.22618493232327],[147.01027912651085,-19.22615243329987],[147.01028912210836,-19.22609224322853],[147.01034047383845,-19.226004432336026],[147.0103815504278,-19.225919062126277],[147.0103764069895,-19.22582638322204],[147.0103841069783,-19.225723934090116],[147.010404642238,-19.22563368480514],[147.01045085785276,-19.225572706401245],[147.01050478139442,-19.22553611966032],[147.01058951261842,-19.22551660289555],[147.01070249161856,-19.225504395752154],[147.0108411473612,-19.225465363826217],[147.01092844215123,-19.225367799207884],[147.0110003307932,-19.225228762546692],[147.01112871316383,-19.225079971007027],[147.01122884005468,-19.224953133112102],[147.01138289873685,-19.22477993865806],[147.01147590695922,-19.22462729910256],[147.01155242697962,-19.22447150646244],[147.01167268353188,-19.224326095054188],[147.01181481481038,-19.224211843337514],[147.0119569470188,-19.22411316306296],[147.0119678725966,-19.224030071887416],[147.01196239528144,-19.223936606771257],[147.01199519087436,-19.223817165474014],[147.01211543894965,-19.223697709369038],[147.0123778435147,-19.223562681116395],[147.01260196582143,-19.223458807270827],[147.01309395893065,-19.223183545755433],[147.01361042489597,-19.222849185097438],[147.01383093814647,-19.222726963950766],[147.0142352201865,-19.222473802559545],[147.01446492023518,-19.22232105136568],[147.0149105480661,-19.222072250301903],[147.01543886222603,-19.22174924358564],[147.0157650489079,-19.22158774336269],[147.0162566056568,-19.22133893504938],[147.01675735328072,-19.22101592695223],[147.01765317391312,-19.220378665104626],[147.01850304499297,-19.21981995717268],[147.0190818688265,-19.219383460297035],[147.0194172008594,-19.218990647560755],[147.0204553784017,-19.218017298370107],[147.0206528894198,-19.217772875866352],[147.02115818929863,-19.217192377532093],[147.02149349437113,-19.216664260906835],[147.0218885253577,-19.216079408294384],[147.0220676380234,-19.215660418570668],[147.02218244045565,-19.21518470822294],[147.02225591057086,-19.214953394193916],[147.0223339784311,-19.214743896033617],[147.02265089064727,-19.214185232731335],[147.02282541941526,-19.213875352194094],[147.02294941217508,-19.21349563620185],[147.02310554859753,-19.213037380391274],[147.0231698464752,-19.212880255745265],[147.0232708900075,-19.212692579740857],[147.02329842866462,-19.2125398338465],[147.02331677767734,-19.212321621630878],[147.02338104617905,-19.212094664315643],[147.02348210058435,-19.211854615995698],[147.0235555524926,-19.211518566036386],[147.02356929184288,-19.211199975094164],[147.0235370945876,-19.21096867401155],[147.0235462330206,-19.21054097416121],[147.02357376503207,-19.21027911870647],[147.02362882863153,-19.209820866227133],[147.02371146142295,-19.209497901219166],[147.02372521908606,-19.20931023616763],[147.0237022166813,-19.20911385469969],[147.02364706493438,-19.20895238012411],[147.02348624008684,-19.208646897806993],[147.0234265033918,-19.208485441818844],[147.0233943105711,-19.2082803222242],[147.02338048636105,-19.208066470070506],[147.02330696705582,-19.207848278481432],[147.02318289983384,-19.2076606309076],[147.0230037155005,-19.207481711340275],[147.0227831920966,-19.207333370538052],[147.02254428396134,-19.207211195240532],[147.022282424772,-19.207115213044485],[147.02208947647566,-19.20700612687076],[147.02199758636328,-19.206905767639718],[147.0218413817775,-19.2068272325181],[147.02172622633697,-19.206751512097004],[147.02104116958932,-19.206105583679797],[147.02083797235832,-19.205877545993136],[147.02059537787133,-19.20576449641093],[147.02043337731774,-19.2056509314422],[147.02035221304774,-19.205574989455926],[147.0201499160912,-19.205461681752517],[147.01990673319781,-19.20527218323912],[147.0197441251502,-19.205082061190385],[147.01966237209888,-19.20492962568795],[147.01957973994527,-19.204662423221222],[147.01945711096022,-19.20443374271957],[147.01933508105674,-19.204281618604305],[147.01921334120198,-19.20416772293776],[147.01905072552614,-19.20397761832548],[147.01884815118055,-19.203826026403338],[147.01868552674424,-19.203635894347947],[147.01856379732945,-19.203522043427782],[147.0184823357939,-19.203407863021123],[147.01848055980125,-19.203178311050152],[147.01847937263943,-19.203025288449943],[147.0184381980285,-19.202910823790518],[147.01839763128334,-19.202872852346594],[147.0183967433473,-19.202758067317188],[147.0185166865377,-19.20264238445027],[147.01867723433264,-19.202564727117124],[147.01887774069252,-19.202448493538746],[147.01903797931666,-19.20233254408725],[147.01923879399666,-19.20225456576294],[147.0194804746954,-19.202252786973578],[147.01994769812333,-19.202292221521994],[147.02054721897295,-19.202358517588827],[147.0206614943512,-19.20234770495071],[147.020766189776,-19.20233214864587],[147.02090032302917,-19.20228395456229],[147.02099682776623,-19.202192258229815],[147.021014785219,-19.20217169588925],[147.02106508128108,-19.202114103249357],[147.02115351798054,-19.201939787049803],[147.02118789058974,-19.201889787700647],[147.02122841570426,-19.20182258025634],[147.02126431015094,-19.20177140584267],[147.02128759058076,-19.201719220687924],[147.02132458569852,-19.20164660017581],[147.02134737285644,-19.201605467917698],[147.0213888382948,-19.201528201602542],[147.02144597998586,-19.20144597186379],[147.0215095130702,-19.201355408793],[147.02152090602766,-19.201330382651957],[147.02152776166974,-19.201307227802896],[147.02153753943165,-19.201224226364165],[147.02155560422378,-19.20115267444776],[147.02158930049458,-19.201097668330327],[147.02160593240845,-19.20105348209128],[147.02161933939894,-19.201008401519424],[147.02165980649553,-19.200936982510903],[147.02170457224196,-19.200857619031797],[147.02171850423994,-19.200826663984174],[147.0217724831284,-19.20071255929001],[147.0218085252404,-19.2006300517732],[147.0218339077183,-19.20050638879412],[147.0218353975602,-19.200406659927086],[147.02181289495044,-19.200294950204],[147.02177858046088,-19.20013204450384],[147.02176357642355,-19.19996739226813],[147.02175145152543,-19.199850692605974],[147.02172338767605,-19.199765662193755],[147.02170145712145,-19.19973517230051],[147.02165248684187,-19.199667098679782],[147.0215851041871,-19.199556532936818],[147.02156540903184,-19.19952517516441],[147.02154649452584,-19.199498498717787],[147.02147963922414,-19.199418922424897],[147.02132986396447,-19.199348284810213],[147.0211257525928,-19.19927456251839],[147.02097194804472,-19.19923361322923],[147.02085552260223,-19.19922543854047],[147.02075347067014,-19.199217253114263],[147.02066516121778,-19.199183435761075],[147.02046256272754,-19.199031827467554],[147.02030054983706,-19.198918280369103],[147.02013823761902,-19.1987664232362],[147.02009677289723,-19.19861365804224],[147.01993447067744,-19.198461800722463],[147.01985243076345,-19.198271109523798],[147.0198512328593,-19.19811807781527],[147.01976978261087,-19.198003888873252],[147.0197685943021,-19.19785089330861],[147.0197674059892,-19.19769784351646],[147.01977067700366,-19.19768711566124],[147.01986792758436,-19.1975654966629],[147.01990117855436,-19.197368484771925],[147.01989092151294,-19.19718850422982],[147.01982435080396,-19.197008529779207],[147.0197434536108,-19.196900784483585],[147.01963593706623,-19.196762160890632],[147.0196077710448,-19.196684333017355],[147.019623117185,-19.196545696237337],[147.01960261995137,-19.196402201117156],[147.01957188625536,-19.196248973704968],[147.01950276030294,-19.196093319285687],[147.0194182752131,-19.195884155465652],[147.01935938401942,-19.195721206644716],[147.0192775616273,-19.195583989958287],[147.01919194486928,-19.195454789887343],[147.01909372548366,-19.195335161793054],[147.01902321322655,-19.195194003461886],[147.01893506303097,-19.19503370551004],[147.01884691736294,-19.194911681301534],[147.01878395746414,-19.19476334632471],[147.01878646329706,-19.19463175110818],[147.01880406134703,-19.194466652349664],[147.01884684845592,-19.194306331834998],[147.01887453243233,-19.194167558250868],[147.0188971709777,-19.193994804197875],[147.01891982177648,-19.1938464513755],[147.0189349094695,-19.193690923557284],[147.01891726521583,-19.19353301321484],[147.01888703521112,-19.193365524418542],[147.01886687111494,-19.19321479009693],[147.018849228611,-19.193071231283575],[147.01881898788272,-19.192808035380892],[147.0187686212314,-19.19272836597131],[147.0187409122221,-19.192644627360302],[147.01875600675035,-19.192548918727113],[147.018728286952,-19.192369463983784],[147.0186955352766,-19.19219001878311],[147.0186401181646,-19.191943580909616],[147.01857714470052,-19.191747383227174],[147.01846382232648,-19.191539233983676],[147.01833907020733,-19.19136305143859],[147.0182267083573,-19.191234404814615],[147.01808266125005,-19.19110028452185],[147.01795013679398,-19.190996275931326],[147.0177513628068,-19.190911433162853],[147.0176361259692,-19.190843003301204],[147.01752376617716,-19.190725309686908],[147.01735091721946,-19.19058845319819],[147.0171636594616,-19.190468019028483],[147.01701385688236,-19.190405068727227],[147.01685252774496,-19.19036128789776],[147.01656433440917,-19.190203483260525],[147.01641610963665,-19.190123776802977],[147.01629306182787,-19.190028116804314],[147.0161756056853,-19.189916523117542],[147.01606093440705,-19.18978100684891],[147.0159770347169,-19.189645487829335],[147.01591270444675,-19.18954185137254],[147.01581201934445,-19.189438227066304],[147.01567219421844,-19.18935319618877],[147.0155016081645,-19.189276147918065],[147.01535899173663,-19.18924427561209],[147.0152415368043,-19.189236314332042],[147.0151184932444,-19.18917254687359],[147.01504298097228,-19.189106118416007],[147.01503178714896,-19.18902107645516],[147.0150569421018,-19.18886960588463],[147.015048535875,-19.18868624472397],[147.01503143464353,-19.188595654218123],[147.01499474722888,-19.188493162922853],[147.01492786725802,-19.188372219500977],[147.01485883111653,-19.188284082356848],[147.01476607518993,-19.188228744188184],[147.01469272622901,-19.188202098485572],[147.0146042823848,-19.188181608494034],[147.01450505112453,-19.18815086174899],[147.014451123113,-19.188095520346497],[147.01447052012006,-19.188011479092516],[147.01453308510568,-19.187960222476885],[147.01464524142446,-19.18786591626824],[147.0147293658136,-19.18776956976724],[147.01480916016826,-19.18765066597193],[147.01483934781143,-19.18750921759198],[147.0148529995169,-19.187426848694802],[147.01482466351007,-19.187319855999988],[147.01477806326625,-19.186770108491405],[147.01459684846054,-19.18650470961604],[147.0144760367509,-19.186375600382288],[147.0144005218096,-19.186260830035256],[147.01435143256302,-19.18605638748311],[147.01436032438136,-19.186036404867554],[147.01440772589302,-19.185974458103576],[147.01455578178104,-19.18580917759243],[147.01478803502076,-19.185635340714324],[147.01502358972607,-19.185476541675463],[147.01516651059566,-19.185233583735986],[147.01521074418378,-19.184653959730007],[147.0152449529828,-19.18449709292111],[147.0152581605138,-19.184450828836024],[147.0151736368718,-19.184320352348013],[147.01505283195598,-19.18425341245978],[147.01491213785872,-19.184183247719417],[147.01490986414328,-19.184178620701513],[147.01490697240345,-19.184176623647804],[147.01488180237556,-19.184153905402706],[147.01483650333233,-19.184106091630582],[147.0147924526967,-19.184084576886733],[147.0147484121152,-19.184069026884934],[147.01471443535087,-19.184058274981165],[147.01467291570358,-19.184046321686136],[147.01462635348832,-19.184018833312045],[147.01462150179697,-19.184010636681336],[147.0146188002473,-19.184008070245046],[147.01458859701634,-19.183967421949497],[147.01456469180425,-19.183941115670137],[147.01454580930042,-19.183920791818117],[147.01451812921752,-19.183908846427887],[147.01448288660805,-19.18388851482539],[147.01445771595255,-19.183857436828813],[147.01444136274782,-19.18382755108573],[147.01444043970972,-19.18382291491803],[147.01431589338475,-19.183709973931414],[147.0141673981006,-19.18361194659372],[147.01398871861733,-19.18346848085854],[147.01380245999368,-19.183226985688663],[147.01371437176311,-19.183102654282454],[147.0136391905755,-19.182973613332567],[147.01360664842755,-19.18293926418638],[147.01357107013595,-19.182881173729335],[147.01356662664466,-19.182862159144225],[147.0135566178108,-19.18283046534851],[147.0135521652426,-19.18281672866742],[147.01355438698985,-19.18276814286803],[147.01359311580345,-19.18273713231835],[147.0135652894803,-19.182678381546552],[147.0134679830032,-19.182646965302556],[147.01344030272546,-19.18262903691848],[147.0134201652658,-19.182612300929673],[147.01340129188858,-19.18258360822485],[147.01338367501657,-19.18256686301037],[147.01335724981323,-19.18254296073006],[147.01333082442406,-19.18251665446907],[147.01330565572965,-19.182504708711516],[147.01328426247798,-19.18248438490837],[147.01325783682265,-19.182454490746473],[147.01324901582993,-19.18240786688522],[147.01324272464277,-19.18235765495051],[147.01324774466747,-19.182331346405267],[147.01328299218386,-19.182300263870818],[147.01328800980346,-19.182244068288497],[147.01324271432196,-19.182228527050256],[147.0132288740866,-19.18221777341492],[147.01320748166452,-19.182207273372377],[147.0132021350325,-19.182193292733494],[147.01325625497378,-19.18206133218924],[147.01330407540544,-19.18201350224015],[147.0133493695815,-19.18201349895113],[147.01341731045838,-19.182008713155287],[147.01347771309804,-19.181941758874782],[147.01347889101976,-19.181923141522994],[147.01347673144528,-19.181917664952092],[147.01347672940244,-19.181892549719056],[147.01346917545885,-19.18187103196832],[147.0134666624585,-19.181847118907907],[147.01346426330406,-19.181819590836053],[147.0134864801937,-19.18179316353275],[147.01350650102503,-19.181780500512343],[147.01353095459007,-19.181772048641513],[147.0135543051562,-19.181767826402435],[147.01359210327914,-19.181757258760644],[147.01363783352338,-19.181740319078937],[147.0137679438454,-19.181758863367524],[147.0138914468764,-19.181815853621114],[147.0139964524225,-19.181901855601726],[147.01399885893784,-19.181902867619012],[147.01416725589215,-19.1819488827222],[147.01420250081574,-19.182001478290893],[147.01432834323526,-19.182159290498255]]],[[[147.06306588439196,-19.272621501996195],[147.06311417040186,-19.27271511293855],[147.06311625494607,-19.272691208259264],[147.06312673483012,-19.272671277142948],[147.06314561540026,-19.27266928239079],[147.06316449367748,-19.272661304869484],[147.06317706649094,-19.2726393938334],[147.06320643380275,-19.272635398181837],[147.06323791043764,-19.272647334756527],[147.06325679218895,-19.2726732294516],[147.06330295938065,-19.272701102928718],[147.0633617036454,-19.27274291676442],[147.06339739024642,-19.272788715041294],[147.0634288666088,-19.27282456457944],[147.06348133030815,-19.272892272745104],[147.06351282159815,-19.27294206699222],[147.06355268723868,-19.272965957095177],[147.06358206228217,-19.272981879839953],[147.06359256134536,-19.273011762914066],[147.06358628148553,-19.273039654556527],[147.06355272794173,-19.27307153214493],[147.0635275713001,-19.273111386845084],[147.0635045022069,-19.273135298819298],[147.06346255279894,-19.273137301619066],[147.06343107452062,-19.27312137958525],[147.06338492819484,-19.27312338382353],[147.06335136234836,-19.273123395459603],[147.06333038726308,-19.27312340272777],[147.06329052314672,-19.273103498075535],[147.06328212777686,-19.273099515482826],[147.06325486589498,-19.27310948414823],[147.06317515372953,-19.27311150898314],[147.06309752534932,-19.273087631837125],[147.06299682212014,-19.2730478206144],[147.06286254020594,-19.272974166735338],[147.06272616167595,-19.27289253343992],[147.0626841800801,-19.272834780692513],[147.06263171824008,-19.27277105779564],[147.06257297068083,-19.272745176686804],[147.06249323753627,-19.272691422312658],[147.06243028255594,-19.272637653136474],[147.06237152754278,-19.272591862541777],[147.06228341475762,-19.27255005839526],[147.0622288619818,-19.272518202014847],[147.06218478320523,-19.272450490633194],[147.06215119571212,-19.272392725866737],[147.06214698003728,-19.272342931147307],[147.06214906747425,-19.27230109624669],[147.06216372431948,-19.272253283340998],[147.06220148012244,-19.27223534026762],[147.0622623098447,-19.272231334059327],[147.06234202310765,-19.272233304160114],[147.06241125793264,-19.272259172727516],[147.06252455879223,-19.272318898430477],[147.06263994661293,-19.2723606931177],[147.0627616368778,-19.272408459298777],[147.06285814503067,-19.272454236790843],[147.06292948665305,-19.272513976664314],[147.06298614353318,-19.272547820341405],[147.0630344035787,-19.272573704934743],[147.06306588439196,-19.272621501996195]]],[[[147.07194799225266,-19.25712184770615],[147.0720438085359,-19.257145144632847],[147.07211751396198,-19.257177776853354],[147.07214699933203,-19.25718942350815],[147.07218629900007,-19.25718707634718],[147.0722329826845,-19.25720572020686],[147.07225265244313,-19.25725004102165],[147.07226741200216,-19.25729436377405],[147.07232638588343,-19.257324670072702],[147.0723976516945,-19.257392296063518],[147.0724518018348,-19.257446029242494],[147.07254262321442,-19.257492554073252],[147.07263845314523,-19.257546171250176],[147.07274165567117,-19.25761612511323],[147.0727908131785,-19.257676764769773],[147.0728178495027,-19.25772340520809],[147.07283014899372,-19.2577560615731],[147.07285471272175,-19.25776305579722],[147.07287437883323,-19.25777704693789],[147.07287930554537,-19.257814369548935],[147.07288669149747,-19.257861026841887],[147.0729039043314,-19.257900676212],[147.07289900647444,-19.257928676112822],[147.07286953122195,-19.25794035517569],[147.07281550353767,-19.257970706295993],[147.0727541176883,-19.25801739095755],[147.07271481962343,-19.25804539549515],[147.07266815544108,-19.258050086389495],[147.0726239347997,-19.258050103952066],[147.07256498420398,-19.25807345294693],[147.07252322818886,-19.25807346950741],[147.07243478104556,-19.25803851163716],[147.07236353233313,-19.25801054188926],[147.07229965308187,-19.257991904862838],[147.07219646888473,-19.2579639476697],[147.0721301355748,-19.25794764320866],[147.07208837449707,-19.257936001390842],[147.07202204120892,-19.257919696890465],[147.07195570691297,-19.257901051672736],[147.07190164551915,-19.257854412694996],[147.07184021641666,-19.257824116263222],[147.07178615913878,-19.257786803874136],[147.07170997975234,-19.25773317854908],[147.07165591645753,-19.25768187618571],[147.0715846649952,-19.257646911164777],[147.0715355231115,-19.257621264095768],[147.07152568547946,-19.257581611710915],[147.0715011072619,-19.257562949994664],[147.0714445940318,-19.25752331584422],[147.07142246733045,-19.25747433259002],[147.07141015702993,-19.25741600983806],[147.07141012875684,-19.25735068732142],[147.07140520138202,-19.257311033011817],[147.07138306116605,-19.257252714093894],[147.0713805929397,-19.257222385449097],[147.07140268627927,-19.257194387912143],[147.07140759085743,-19.25715939307661],[147.07140512565542,-19.257136059399933],[147.0714051145513,-19.25711040214619],[147.0714124768269,-19.257103395265418],[147.07143458226335,-19.257103386634174],[147.07145915838115,-19.25711737601105],[147.0715107359924,-19.257098693566014],[147.07157707092338,-19.257119661566556],[147.07162374095572,-19.25712897896178],[147.0716900657778,-19.257126621323657],[147.07176621849177,-19.257119587455712],[147.07184236168715,-19.257112562597232],[147.07189148618295,-19.257098544321224],[147.07192096847382,-19.25710319604464],[147.07194799225266,-19.25712184770615]]],[[[147.06251849920423,-19.245532670303465],[147.06263685858036,-19.245556045842104],[147.06269606825265,-19.245621601237293],[147.06273061089902,-19.245677793243537],[147.06274542429213,-19.245748054265412],[147.06276518323247,-19.245837039165973],[147.0627553467951,-19.245893246380756],[147.06275536460032,-19.245940087427776],[147.06277017685326,-19.245982232969393],[147.06278499624207,-19.246043122158095],[147.06281458632705,-19.246061846617785],[147.06285402235204,-19.24602436385101],[147.06292305617728,-19.246000924121244],[147.0630068879961,-19.245982151627963],[147.06309566302727,-19.246000864694057],[147.06320909570587,-19.246028922952863],[147.06331267420236,-19.246066356375866],[147.0633817349524,-19.246113173523028],[147.06342120504735,-19.246164682294594],[147.06345080834322,-19.246192778471567],[147.06350505671435,-19.24619744104912],[147.06352969636814,-19.246159963271406],[147.06357407969531,-19.24614589463975],[147.063648067659,-19.246188028580157],[147.0637220321563,-19.246169268228527],[147.06382559637035,-19.246169232139327],[147.0638897138924,-19.24617857255456],[147.06398341258932,-19.246183221213712],[147.0640327266135,-19.24617384117833],[147.06408203881145,-19.24615977069899],[147.06415107756192,-19.246173799730645],[147.06419055560596,-19.246220626938683],[147.06422508977656,-19.246253402654133],[147.06426455469725,-19.246290858025297],[147.06427936372128,-19.246323640655714],[147.06426951278502,-19.246365794734114],[147.06425967500695,-19.246417320632066],[147.0642991363281,-19.24644541320886],[147.06430901423587,-19.246496932180868],[147.06428931457611,-19.24656251476326],[147.06426468597653,-19.246628099074016],[147.06421045747925,-19.246674950119775],[147.06418087400178,-19.24669838554002],[147.06421047387732,-19.246717109768547],[147.06423514989618,-19.246773304943826],[147.06425983362493,-19.246824818719187],[147.0642450427883,-19.24683887713015],[147.0642154538199,-19.246848259339625],[147.06415627810406,-19.24684828009455],[147.06412176201616,-19.246862345409607],[147.0641414999958,-19.24689512632198],[147.0641464416648,-19.246927903381636],[147.06412674188954,-19.246993485943783],[147.06410703664136,-19.24704501528763],[147.06410705664922,-19.247096537720264],[147.06412187299185,-19.247148054968743],[147.06414161282825,-19.247185526310112],[147.06413175634657,-19.247213627161912],[147.0641071093979,-19.247232370408323],[147.06407751671338,-19.247232380772513],[147.06404792264306,-19.24720429373505],[147.0640134155515,-19.24724177503023],[147.06397891389076,-19.2472933095342],[147.06395427191356,-19.247349521979267],[147.06390499425032,-19.247429168066343],[147.0638310341829,-19.24748539770974],[147.06375707092047,-19.24750884853439],[147.0636781714554,-19.247513557399206],[147.0636337823527,-19.247513572839885],[147.06355982265433,-19.247546386370008],[147.06355983347612,-19.24757449280021],[147.0635746424764,-19.247607275483137],[147.06352533520732,-19.24763539000247],[147.06351055504896,-19.247677554783156],[147.0635352458987,-19.247747803258715],[147.0635352621253,-19.247789962903106],[147.0634662420461,-19.24785087207542],[147.0633922857623,-19.247893057359384],[147.06330353123647,-19.247930557302645],[147.06320982384284,-19.247930589694732],[147.06313090624604,-19.247888457287544],[147.063022401263,-19.247860397292143],[147.06296815056925,-19.247851044143992],[147.06288430709063,-19.247841710188716],[147.0628054074404,-19.247846418677607],[147.06271662967,-19.247823024084695],[147.06261798626971,-19.24780432325525],[147.0625834520918,-19.247771547242085],[147.06253904936784,-19.24771067719862],[147.06251930628548,-19.247663842900472],[147.06250941225542,-19.247593589232313],[147.06250940338512,-19.247570164194247],[147.06249951823384,-19.247523335563056],[147.06243048082743,-19.2475139873043],[147.06236636994535,-19.247523380988625],[147.06233185709817,-19.24754680875126],[147.0623220108978,-19.247603015936203],[147.06228749870766,-19.247603027686424],[147.06227761184778,-19.247551508613128],[147.0622381417759,-19.24749999960266],[147.062193738559,-19.24746254547739],[147.06210004094442,-19.247462577297224],[147.06207536554768,-19.247406381836484],[147.06208026278946,-19.24732206990707],[147.06211970985493,-19.247312684696738],[147.06218874961752,-19.24730329846132],[147.06223806407618,-19.247293909872003],[147.06226270594667,-19.247261113660905],[147.0622626847486,-19.247204909834497],[147.0622429382719,-19.24714870368037],[147.06218374303845,-19.24709720136351],[147.06209988589112,-19.247050397828488],[147.06201602526716,-19.246994213393826],[147.06199627890322,-19.24693801624892],[147.06198639993215,-19.246881815759515],[147.06195678972966,-19.246834984737703],[147.0619666360095,-19.24677877756747],[147.0620652445549,-19.246731903102134],[147.0621046950059,-19.246731889718493],[147.06216385726768,-19.246670975363518],[147.06213916540136,-19.24659604529938],[147.06208489227524,-19.246525806662838],[147.0620454189874,-19.246464925780238],[147.0620355287506,-19.246404034863062],[147.0620256568375,-19.246366568983134],[147.0620256410011,-19.246324418368413],[147.0620453380106,-19.246249464201373],[147.06204532392866,-19.246211994979504],[147.06198614668068,-19.24620733363868],[147.06191216015554,-19.246193305463844],[147.06184311281288,-19.246155859582547],[147.06178391730867,-19.246127773137346],[147.0617345768965,-19.246066895515394],[147.06171482724017,-19.246001335546815],[147.06167534196572,-19.245907666750373],[147.06166543867297,-19.245785890576467],[147.06166541942855,-19.24573436813403],[147.0616752579767,-19.24568284236953],[147.0617196308278,-19.245640667749726],[147.0617640011532,-19.245617236772006],[147.0618379603477,-19.245584423962175],[147.06191686670212,-19.245575025457818],[147.06200563611432,-19.245579685835896],[147.06208946711948,-19.245584338808932],[147.06209931680252,-19.24553749441168],[147.06214863779502,-19.245546849495852],[147.06221273840728,-19.245537455891146],[147.06227192140497,-19.245532754369055],[147.06237054327516,-19.245523348959786],[147.06244945134358,-19.245518640657046],[147.06251849920423,-19.245532670303465]]]]},"properties":{"Division":10,"DivisionName":"Division 10","Dogs2024":2980,"Dogs2026":2697,"Decrease":283,"DeclineRate":0.09496644295302013,"LabelLongitude":146.92054939084744,"LabelLatitude":-19.392489348489665}},{"type":"Feature","geometry":{"type":"MultiPolygon","coordinates":[[[[146.75461844788174,-19.182024473635423],[146.75505226552892,-19.182219331051968],[146.7555803083012,-19.182521921788503],[146.75624368792694,-19.18281508402263],[146.7563536652572,-19.182863688830604],[146.75672773408894,-19.183046506438668],[146.75686909286375,-19.183184189416895],[146.7570199618863,-19.18327106734157],[146.757117370118,-19.183348909252437],[146.75735950003585,-19.183411994589218],[146.75754178496945,-19.18352581808787],[146.75777110936644,-19.18374730328866],[146.7581543868172,-19.184094530268062],[146.75833961211887,-19.18435182624271],[146.7584023651623,-19.18445950865326],[146.75847468536296,-19.18448351692426],[146.75859422335742,-19.184486656574062],[146.7589026270508,-19.184403375314584],[146.75910077680095,-19.1844275486162],[146.75936488594428,-19.184526529782133],[146.75991514896933,-19.184694633001317],[146.76047181012896,-19.184799968854623],[146.76106311336756,-19.184872478956308],[146.7616041932223,-19.18486719990698],[146.76202579144316,-19.184825903776908],[146.76218628907657,-19.184781277090533],[146.76230901433553,-19.184757523021904],[146.7625858417567,-19.18475788138643],[146.76307030684598,-19.184746560040814],[146.7634698721536,-19.184714188244087],[146.76365870682315,-19.18465465789255],[146.76387594602937,-19.184526416056794],[146.76406792020347,-19.184472854032702],[146.76436052195976,-19.184443343165878],[146.7647852403549,-19.184414001223683],[146.76529487641733,-19.18439970582371],[146.76580141158792,-19.18435850961186],[146.76634243183472,-19.18440104266109],[146.76674505462037,-19.184425467959343],[146.76703441084783,-19.184464687513746],[146.7674400899547,-19.18455487162859],[146.76762880148246,-19.184582015167653],[146.76781121217698,-19.184612132898078],[146.7678866905806,-19.184630167716772],[146.76791497215768,-19.184648133781444],[146.76793694673717,-19.184687013554363],[146.76794945835218,-19.18473186414785],[146.76795238900218,-19.184887293854846],[146.76805879118353,-19.185284958514483],[146.76819975566679,-19.185712562633693],[146.76850429970295,-19.186143355435025],[146.76884980315901,-19.186526373169574],[146.7690696975796,-19.186750823873883],[146.76939973858313,-19.186948508303995],[146.76966382359885,-19.18706541401227],[146.76997206074486,-19.187101661278597],[146.77034624683552,-19.187224677757396],[146.77057585855488,-19.187254860871864],[146.77072374325058,-19.187231132644506],[146.7708181235688,-19.187228259161117],[146.77090302972005,-19.187246295486002],[146.77096273580855,-19.187294196186116],[146.77137766714785,-19.187530844040072],[146.7716950776269,-19.18775839545691],[146.77183963843567,-19.18786916649618],[146.77193351690872,-19.187982323577316],[146.77221038021324,-19.187988297844225],[146.77247633021636,-19.188259733115622],[146.77280344909715,-19.188519513154016],[146.77300036871202,-19.18868993198656],[146.7735349315305,-19.188611289011494],[146.7739110381344,-19.188809121635465],[146.77402138554064,-19.188997616016636],[146.7742090040762,-19.18910541068313],[146.7743566297629,-19.189356426593143],[146.77428651987714,-19.189626641289586],[146.77458488444617,-19.189911163457314],[146.77465601441028,-19.190449909633653],[146.77466272063066,-19.191218688018495],[146.77460518983304,-19.192240381586736],[146.7745979182099,-19.192613953395863],[146.77459268167738,-19.192883054865156],[146.77464818368514,-19.19370881984106],[146.7745933041334,-19.19434037009197],[146.77450876998967,-19.195310390154983],[146.77450418330315,-19.195632948790937],[146.7745037214588,-19.19597203292431],[146.7745032143297,-19.196344356687252],[146.7744886959627,-19.19672329668722],[146.77451600212254,-19.19722198895373],[146.774569470098,-19.197872533250962],[146.7745670790421,-19.198259233183872],[146.77463698230855,-19.198660301103423],[146.77464557331146,-19.19895286249625],[146.77467400075403,-19.199446007018498],[146.77473910197534,-19.19997909683878],[146.77480939097904,-19.200426066230794],[146.77480177097158,-19.2009367532356],[146.77483057250774,-19.201470114672187],[146.77482724012344,-19.20177993186391],[146.77489399345862,-19.202190385575207],[146.77491018184958,-19.20228992565605],[146.77494144593066,-19.20310439934438],[146.77503777028767,-19.203763409569568],[146.77518747768835,-19.204313050920764],[146.77521964004345,-19.20523077813568],[146.77536186728324,-19.20630254756801],[146.7755049742202,-19.206783369470454],[146.77547448865496,-19.207047216004597],[146.7755334192858,-19.207371388414067],[146.7758111254923,-19.208899514353043],[146.77587271365687,-19.2094468329378],[146.7758929131591,-19.20981666909902],[146.7758132022957,-19.21056804257065],[146.77564309668634,-19.21079996068934],[146.77559580602275,-19.21154374606779],[146.77571029152313,-19.211667572381938],[146.77584977581225,-19.211877248573366],[146.77595054186247,-19.212023443655724],[146.77609157238214,-19.212222782738223],[146.77624655039065,-19.2124708414126],[146.77636434712093,-19.212658376153602],[146.7764385805084,-19.212882730369415],[146.77647409359002,-19.213037657037273],[146.77653269348326,-19.213349031556998],[146.77662998397403,-19.213759322608038],[146.7767241899693,-19.214150423389125],[146.7768044113117,-19.214548863538802],[146.7769156584758,-19.21497390239074],[146.77700893359588,-19.215329647462774],[146.77725346140815,-19.21611086835057],[146.7776829381302,-19.217292815620088],[146.7781520578079,-19.21847951828208],[146.77843357061414,-19.219157647183522],[146.77870506856223,-19.21992048027482],[146.77892315176075,-19.220631635791577],[146.77900108170988,-19.220885744471648],[146.77909477372916,-19.22122004303673],[146.7791983731995,-19.22155906197939],[146.7794996155067,-19.222317230150388],[146.77973161402875,-19.22298588932747],[146.78034900967432,-19.22447399919802],[146.78103158897602,-19.22595389747048],[146.78105061952937,-19.225995148893684],[146.78169303044754,-19.227318549919552],[146.78213229425563,-19.228238051116563],[146.78252321149054,-19.229056365191354],[146.78286423635248,-19.229725140495308],[146.78376898952854,-19.23129359591465],[146.78425354831367,-19.232108455965108],[146.7849803596956,-19.23334720970143],[146.78540076439242,-19.233964307063964],[146.7859398383426,-19.23477921739837],[146.78687473961116,-19.236069990962754],[146.78759705439825,-19.236979252209736],[146.78817100864882,-19.237662412921598],[146.78904697256357,-19.238571846130508],[146.78997748296428,-19.239453095841544],[146.79041308861105,-19.239830147517914],[146.7907584998575,-19.24007581777245],[146.79115427433635,-19.24044195919649],[146.7912760413882,-19.240550998780808],[146.7916622566873,-19.240893694221935],[146.79201997850387,-19.241227111214002],[146.79212915630106,-19.241345399263864],[146.7924267447688,-19.241535522413297],[146.79251339600603,-19.24158216327584],[146.79256612145434,-19.2416251958809],[146.792622596875,-19.241682547964228],[146.79275819687277,-19.24177938366712],[146.79287121086136,-19.241843966337626],[146.7931236291571,-19.24197674010978],[146.79324795225222,-19.242044914141104],[146.79329689666903,-19.24209867869902],[146.79337976705995,-19.242156069391722],[146.79375273291026,-19.242364169520656],[146.79418978832987,-19.242575928815445],[146.79447995634405,-19.242669349131898],[146.79486813507444,-19.242773624329413],[146.7951243916433,-19.24285984799736],[146.7955766195122,-19.24299284194248],[146.7959572505274,-19.24310785187958],[146.79617208957987,-19.24314747625117],[146.79636815891112,-19.24312263377418],[146.79649631837938,-19.243137100594303],[146.79668111465404,-19.243087175492807],[146.79686963472432,-19.243073060525525],[146.7970016061777,-19.243051725033016],[146.7971298448418,-19.24300173674089],[146.79722789512243,-19.24298035444662],[146.79730335378795,-19.24293030755262],[146.79740910244976,-19.24277645439386],[146.79752990586906,-19.242644099731287],[146.79767706787618,-19.242533265068605],[146.79783924521956,-19.242476147121828],[146.7979109442894,-19.242418938195133],[146.79798267473862,-19.242343817139837],[146.7980091605597,-19.242261497545577],[146.79804317424248,-19.242193492463027],[146.79811490814444,-19.242107634920526],[146.7981602525605,-19.24202532706299],[146.79819809968794,-19.241903625919527],[146.79831894993677,-19.24173188575596],[146.79837549937753,-19.241675744434648],[146.79839821060142,-19.24165319401277],[146.79848887185813,-19.24150290238898],[146.79862485509148,-19.241288205808523],[146.7987343955559,-19.241112874097087],[146.7988967150306,-19.240937600306456],[146.79899116157856,-19.240780145911117],[146.79906299457943,-19.240611930203222],[146.79914611369844,-19.240458051135548],[146.79928584569006,-19.24025768242835],[146.79936511033955,-19.240182578099297],[146.79944819417904,-19.24005733838659],[146.79952750647857,-19.239942839979967],[146.79964447224637,-19.23985703133174],[146.79978268028032,-19.239719832031927],[146.79986294360336,-19.23960538873722],[146.79997942160045,-19.239442752333932],[146.80004341613346,-19.239373930086845],[146.80012725418027,-19.239332314005498],[146.8003570843998,-19.239199073241938],[146.80069279660052,-19.2391671664627],[146.8007174004816,-19.23919203708277],[146.80089052576383,-19.239292188234497],[146.80106493319482,-19.23929968007087],[146.8011210665341,-19.239311064934505],[146.80148457501653,-19.239347609118187],[146.80169839455957,-19.239353805549673],[146.80179993778856,-19.239337232460837],[146.80200891465282,-19.239335181169892],[146.80228567503303,-19.23921407173917],[146.80270167536418,-19.23898908238669],[146.80280107085375,-19.238930211349288],[146.80302636959163,-19.238796754465582],[146.80322014198313,-19.238714107882075],[146.8034210563582,-19.2385943792303],[146.80352353871436,-19.23852367210179],[146.803761344006,-19.238489892280008],[146.80387839276338,-19.238451681016258],[146.8039773584216,-19.23833747280698],[146.80405314619847,-19.238327314554276],[146.8042492797237,-19.23834690058394],[146.80448624509796,-19.238443601052055],[146.8047885116228,-19.238434940426416],[146.8049506931973,-19.23853797709879],[146.8052208060683,-19.238604743879314],[146.8052431054566,-19.23869629849812],[146.8054762389954,-19.23885631874847],[146.80567632649712,-19.239025711571777],[146.80575247996492,-19.239109307101682],[146.80604279907354,-19.239252848840604],[146.80647975143614,-19.23906390521846],[146.80795960993322,-19.23792760825836],[146.8091785955212,-19.24012462150275],[146.8118272017973,-19.243235635965412],[146.81487301269237,-19.246342025375736],[146.8170170369332,-19.248392907569144],[146.8191285880627,-19.249933688452977],[146.8215295284214,-19.250848769726545],[146.82195690044026,-19.250176622355717],[146.8222374945697,-19.249494552907038],[146.82251363943274,-19.24942610052324],[146.82278746858424,-19.249502469925908],[146.82261301307244,-19.249803092897913],[146.82314216141864,-19.249950670826134],[146.82354171860354,-19.249262478453577],[146.82377151626258,-19.249101806942093],[146.82595759131897,-19.249431487209897],[146.8271776956203,-19.249615470406255],[146.82920389275066,-19.249920975608735],[146.8328480052807,-19.24426818542918],[146.83550773364075,-19.243350938544978],[146.83624694359975,-19.24448091707173],[146.83729781959013,-19.24545222884083],[146.8373626678377,-19.245083026678095],[146.83815572594963,-19.24565006845835],[146.83817751704262,-19.24352270676362],[146.83821052764006,-19.24324801649312],[146.83831325427113,-19.2431781214962],[146.83880932761062,-19.242948927256638],[146.83980116367903,-19.2448855317841],[146.84028380491102,-19.246338058692622],[146.843017855151,-19.242042128199724],[146.85040224142895,-19.251288802668235],[146.84678268074043,-19.255479672610377],[146.84379414701442,-19.25898343311484],[146.8438800314909,-19.258990655029148],[146.83575333754655,-19.268377126719663],[146.83559579082646,-19.268559079551814],[146.8354378150177,-19.268741528912702],[146.8361827760384,-19.269894835989195],[146.83558348403346,-19.269916132343628],[146.8350075322452,-19.270112502067253],[146.83477274705652,-19.270511805963448],[146.83473168884203,-19.270581636917747],[146.83445714034306,-19.27104856736716],[146.83440264991398,-19.271141232599568],[146.8338282588275,-19.27227613281547],[146.83382233712322,-19.272287839888],[146.8338214693777,-19.272289547165602],[146.83292935680151,-19.273418994892076],[146.83210686121322,-19.275226812004608],[146.83172415667642,-19.275646843052446],[146.83060499576186,-19.276875137406236],[146.82877465496148,-19.275390921406782],[146.828447640733,-19.27507379120329],[146.82833465625086,-19.274762835262642],[146.82827210689317,-19.274374214166954],[146.82825351819173,-19.274093233450095],[146.8282788865964,-19.2739139194188],[146.82824148178543,-19.273561191282177],[146.82825448359839,-19.273166667396833],[146.82817304750648,-19.272784002171164],[146.82793437387562,-19.272275659661542],[146.82765164231915,-19.27175531882669],[146.82731257355175,-19.271344177301767],[146.82723567722837,-19.27125472488721],[146.82694794710196,-19.270994203099526],[146.82662706023063,-19.2707080645721],[146.82650263244687,-19.270597148155964],[146.82633173114363,-19.27044476916483],[146.8262412367678,-19.270364087752444],[146.8261608301564,-19.270292390013882],[146.8259899294853,-19.27014001070311],[146.82581903864687,-19.269987631241566],[146.8256481386079,-19.26983525161116],[146.82559647409295,-19.2697891839526],[146.82545188731117,-19.269817098017498],[146.82526435275818,-19.269853303395625],[146.82516904020213,-19.269408084762393],[146.82514299465709,-19.269272218869823],[146.82196778695734,-19.269909245463033],[146.823284980481,-19.26731700986893],[146.82315982489624,-19.267259185130666],[146.82298648246189,-19.26717954259071],[146.82311065067668,-19.266933448111622],[146.8228519217027,-19.26681459091971],[146.82233460762723,-19.266576875580512],[146.82207627939036,-19.266458089982752],[146.8216457331517,-19.266260122216014],[146.8212151879537,-19.26606215343952],[146.82103786331976,-19.266067474704442],[146.82073810510963,-19.266033833105645],[146.82012129679623,-19.265967471314532],[146.81959263018948,-19.2658832552123],[146.81900120662186,-19.265631603020584],[146.8184602410987,-19.2652843563288],[146.8181700791766,-19.264817494699955],[146.8177380421575,-19.263470845848946],[146.817190246227,-19.263619741353143],[146.81702986188847,-19.263506008059952],[146.81684113471198,-19.263404193671924],[146.81658000416132,-19.263323228043767],[146.81631882107555,-19.263281122771886],[146.81606706439362,-19.263259948168756],[146.81579636802505,-19.263283588638025],[146.81552249780273,-19.26333711215467],[146.81523820744727,-19.26341583905097],[146.81498396176474,-19.263458690351253],[146.81470688660892,-19.263382857234934],[146.814161972363,-19.26296532815096],[146.81319484844207,-19.262218758100317],[146.81222266994027,-19.261481224177793],[146.81151083777794,-19.26232874137676],[146.81152458546288,-19.262514735989797],[146.81134188178837,-19.262724956105707],[146.81122108371656,-19.26286589605821],[146.81103496053913,-19.26288717666875],[146.81055329218646,-19.263472219773714],[146.80994919442446,-19.262545269666013],[146.80991264030902,-19.26252263820204],[146.8098870911998,-19.262504536865983],[146.80982494722946,-19.262490916169625],[146.80977200268063,-19.262504417188524],[146.80972318019843,-19.26254955334211],[146.80952607486907,-19.262752689402692],[146.80855175782554,-19.263352649273152],[146.80834975203808,-19.263299496665457],[146.80809386964378,-19.262915672550594],[146.80805067852322,-19.262904990215947],[146.80745982789415,-19.26326304492645],[146.80740973061486,-19.26325822947077],[146.8072267184368,-19.262986318554955],[146.80704964234738,-19.26318844275975],[146.8069034549472,-19.263277243459026],[146.80681350935436,-19.2632676411314],[146.8067132875383,-19.26325694341204],[146.80652312969426,-19.263236643177734],[146.80629493082102,-19.263212289855858],[146.80624149978826,-19.263663759160625],[146.80611343147874,-19.2637840827427],[146.80564768699764,-19.263735771533256],[146.8055189272342,-19.26358662622101],[146.8055720621347,-19.263137768628447],[146.8050015800896,-19.26307687280707],[146.80494844367,-19.263525721186024],[146.8047708278267,-19.263642357939162],[146.80202637771507,-19.26336054985926],[146.80196316867224,-19.26393307203034],[146.80181466797407,-19.26391682460649],[146.80162450049573,-19.263896528305406],[146.8014343425933,-19.263876222779928],[146.80124417522336,-19.263855917046715],[146.8010540174184,-19.26383561112649],[146.80086385014604,-19.263815304998513],[146.80073758580642,-19.263801819241944],[146.80079104148695,-19.263350324584323],[146.80082141297498,-19.263093840545302],[146.80096208801302,-19.26190561369639],[146.79696876571106,-19.26147913299829],[146.79684850793092,-19.26243936610299],[146.79667724766085,-19.262499328601976],[146.7956985223514,-19.261620716954123],[146.79570402084818,-19.261437788371122],[146.79587156813815,-19.261270928446123],[146.79549614943184,-19.260924738720473],[146.79531915054375,-19.261100959497504],[146.79515150025043,-19.261135900106837],[146.79450522272262,-19.260571947241285],[146.79531754303747,-19.25971992780732],[146.79395628465343,-19.258525816940217],[146.79401873302797,-19.258461025955558],[146.79408250469803,-19.25839573034486],[146.79468434569213,-19.257779397381082],[146.79349341000903,-19.25673180745689],[146.7928915684341,-19.257348163678945],[146.79282780619934,-19.25741347696682],[146.7927805787747,-19.25745146183189],[146.79171172363007,-19.256511715257435],[146.79083613316303,-19.257368562953346],[146.7880275876649,-19.254918674591963],[146.78763302523157,-19.254868619806214],[146.78636609364818,-19.254646704761893],[146.78636492798577,-19.254657719974762],[146.78626071066498,-19.25564304384092],[146.78610234913228,-19.25700838949526],[146.78585423904335,-19.257802747298022],[146.78509494411327,-19.26014961489821],[146.78472721785383,-19.26132957268626],[146.78431921614677,-19.262638752693782],[146.78401942089948,-19.263552647051615],[146.78388210517463,-19.26397124069135],[146.78384327847613,-19.2641022367531],[146.78370285061206,-19.264549393690476],[146.7835652505991,-19.264987561650713],[146.78352732028048,-19.265109521312795],[146.78317480388762,-19.266234039832668],[146.78314924989346,-19.266315553749628],[146.78152432558483,-19.266101232130755],[146.77933320739064,-19.26586813894648],[146.7767653646585,-19.265598410536413],[146.7745784443218,-19.265360755956593],[146.77319959971229,-19.26521917956665],[146.77212835715667,-19.26510918241778],[146.77126887674075,-19.264769976173486],[146.76781211099456,-19.2634061102205],[146.75821493996682,-19.262503736653056],[146.7561875963046,-19.262313049800248],[146.754156289936,-19.26212196465481],[146.7528405091327,-19.261998177711547],[146.7528216127833,-19.261996398924406],[146.7523664790191,-19.261905509000158],[146.75123347164023,-19.26177284825356],[146.7511801337682,-19.26176660317519],[146.75112764269568,-19.261760449607255],[146.75104990984389,-19.2617513516353],[146.7493644518553,-19.26192907377279],[146.74924059880283,-19.261942134689566],[146.74923838930803,-19.261962068077434],[146.74923797037994,-19.261962212100787],[146.74922823028834,-19.261965569680733],[146.74911443531892,-19.26293609837217],[146.7491037238724,-19.26302746041861],[146.74893313412284,-19.26437954050012],[146.74891371500624,-19.264533465229434],[146.74890098090216,-19.264634349843693],[146.74888981683858,-19.264722819282444],[146.74881985551443,-19.26527736389064],[146.74875712001662,-19.26596708106516],[146.74865259192586,-19.267116217938664],[146.74861604505256,-19.267112498528682],[146.74734757184487,-19.266983377659937],[146.74384515162527,-19.266666706738828],[146.74121872118576,-19.266432546893434],[146.74121698946564,-19.266432381770205],[146.739203428799,-19.266240893302996],[146.73319202523996,-19.265669085200102],[146.73255333125232,-19.265608324897833],[146.72668996894637,-19.265010573724442],[146.72426103469607,-19.265015955468648],[146.72425673319842,-19.265016039355615],[146.72045671727918,-19.265086382058815],[146.71661669150234,-19.265157388075327],[146.71541146375446,-19.26517965502073],[146.71539811197988,-19.265179905360316],[146.71523928018104,-19.265182839224522],[146.71452502852816,-19.26503855603317],[146.7143239534431,-19.264997935482203],[146.7129624256022,-19.264722884790373],[146.70989910584672,-19.263705860009054],[146.70937929441425,-19.263537843936465],[146.707756395863,-19.262925237476917],[146.70543309871115,-19.26260379344531],[146.70541762931177,-19.262601653791318],[146.7053584048783,-19.262588797665956],[146.70539513339614,-19.262425723919417],[146.70551733751262,-19.261883093242957],[146.7055292865909,-19.261842200468557],[146.7056661161834,-19.261374115064186],[146.70599678845971,-19.260242865185592],[146.7061054329132,-19.259158351461114],[146.70611675835622,-19.25904533967339],[146.70630354256343,-19.258780222107525],[146.70632239360825,-19.25875347474227],[146.706446594844,-19.25857719297106],[146.7064823697737,-19.25852642439049],[146.7065072309791,-19.25849112828946],[146.70660639237576,-19.25843434310258],[146.70664589497875,-19.25841172274103],[146.7071806507718,-19.258105499851748],[146.70782689468643,-19.257835539581006],[146.7078860794824,-19.257810817571823],[146.70794247406099,-19.257787256905083],[146.70801212769456,-19.257783229004552],[146.70810824759386,-19.25777767985367],[146.7085898938724,-19.257749862709403],[146.70866964481743,-19.257745254179774],[146.7090756131922,-19.25772181580215],[146.70997878884467,-19.257555110312616],[146.71009542563775,-19.257462382293696],[146.71034946281634,-19.257260402494218],[146.71042199846588,-19.257202732571155],[146.71077645469842,-19.256984725225493],[146.7108192629321,-19.25667175741467],[146.7108661195675,-19.256329144455755],[146.71086010178234,-19.256304173800782],[146.71071149917336,-19.25568796253344],[146.71070793767504,-19.255673171806155],[146.71070224667238,-19.255657229968417],[146.71044368115045,-19.254932965741002],[146.71049262765155,-19.254109813358923],[146.71050045200383,-19.253978214875684],[146.71051664986874,-19.253705710304672],[146.71064858714567,-19.253492203861825],[146.71065088692842,-19.25348848411244],[146.71092800559134,-19.253040046213407],[146.71112110007357,-19.252667904052654],[146.7114673284759,-19.25237122107119],[146.71177957672413,-19.25208484972322],[146.71215741101642,-19.251865818890096],[146.71216523512967,-19.251859008000668],[146.71222232916463,-19.251809338168158],[146.71228202579283,-19.251740486117857],[146.71233103831804,-19.251654193239872],[146.71244644211362,-19.251545067909273],[146.7125368028276,-19.251456743286646],[146.71260587040356,-19.25133413361747],[146.71266529587115,-19.251251408676968],[146.7127745505323,-19.251072143636293],[146.71287143278911,-19.250894070114022],[146.7129252564156,-19.25074941236606],[146.7129681143644,-19.250601465876326],[146.71297785117713,-19.25046869535689],[146.7129792914762,-19.25030254592138],[146.71297324643734,-19.250139972569443],[146.712909842633,-19.250004710477096],[146.71281906040238,-19.249849143652757],[146.71280960982924,-19.249713451064864],[146.7128480892474,-19.24956623877532],[146.71285882799754,-19.249415449340702],[146.71287942398902,-19.249232213202124],[146.71291909181912,-19.249080005096985],[146.71293648408638,-19.24892236673673],[146.71296994036442,-19.248747067471378],[146.71303264527842,-19.24857804080235],[146.7130416031059,-19.24855389800633],[146.71315863611574,-19.248376325803857],[146.71330298676884,-19.248171666187012],[146.713481370871,-19.247973855827727],[146.7136387182938,-19.247818759050674],[146.71380806949588,-19.247671570515767],[146.71404197760842,-19.247559556680397],[146.71432072380776,-19.247473585900394],[146.71457051887788,-19.24740176722222],[146.7147732822245,-19.2473450938071],[146.714960638271,-19.24722343565898],[146.71501188675995,-19.24717970237793],[146.715067375763,-19.24713234266771],[146.71511833355723,-19.246937224161734],[146.7151365574148,-19.24679258254127],[146.7151219695013,-19.24667741488362],[146.7151144626272,-19.24658882807314],[146.7151247145717,-19.246487218964617],[146.7151512048715,-19.24640451416673],[146.7151997993197,-19.246255401121275],[146.71520293784036,-19.246168014769975],[146.71520270801958,-19.246025450114807],[146.71518323118877,-19.245887139211643],[146.715154809579,-19.245716063002142],[146.71511492725173,-19.245591728230462],[146.7150769019357,-19.245499605480305],[146.71504048172073,-19.245453322695585],[146.71499565350152,-19.24541060560359],[146.71485981891828,-19.24529284511944],[146.71476482621875,-19.245201022145892],[146.71474154736086,-19.245176295804367],[146.71468440921214,-19.245115620295564],[146.71463879446037,-19.245049124603977],[146.71461010255047,-19.245007300163355],[146.71457049998727,-19.244930619690763],[146.71451049836003,-19.244798164970764],[146.71446020925057,-19.244711165216266],[146.71437530334845,-19.244602701927995],[146.7143152239929,-19.24453732228798],[146.71422441789744,-19.244456937826804],[146.71416028284702,-19.244392934519162],[146.7141100406867,-19.244355929403014],[146.71406142501152,-19.244324773984516],[146.713992663943,-19.244294770967333],[146.71388661339407,-19.24426472770994],[146.71377237495207,-19.24422657411454],[146.71359926643925,-19.244194130319908],[146.71343202307415,-19.24415949946775],[146.71328976525163,-19.244103579442264],[146.71314732077386,-19.24402918665635],[146.71304162262217,-19.24395533939427],[146.71290379274876,-19.243870253424383],[146.71275589114651,-19.243793483988522],[146.71263163486944,-19.243743872669388],[146.7125070867608,-19.243703433725564],[146.7123569417623,-19.243669316771225],[146.71218283251687,-19.24365470077724],[146.7120263330886,-19.243652457355207],[146.71184127448973,-19.24366372487343],[146.71171076265767,-19.243676668704037],[146.71160025579286,-19.24369800351926],[146.71149917521473,-19.24371021635858],[146.71129779267173,-19.243708335353062],[146.71118202564608,-19.243706923629226],[146.71102467492258,-19.243712648955082],[146.71092730657725,-19.243724053976955],[146.7107657464437,-19.243737345735845],[146.71064296214772,-19.243722312323523],[146.71063212684297,-19.2437209847766],[146.71051405222667,-19.243700689945516],[146.7103475432425,-19.243665750177424],[146.71024436426077,-19.24364287598714],[146.7100966358522,-19.243587523224114],[146.709953794196,-19.24352365586033],[146.70986216378694,-19.243459065247997],[146.70978325680866,-19.24339346450654],[146.7097221102679,-19.243324819198353],[146.70965687252004,-19.243218183373667],[146.70962469674726,-19.243134753685794],[146.709603202387,-19.243048168827162],[146.70959944681866,-19.24295457201021],[146.70961350215228,-19.242812942790287],[146.709649450842,-19.242650002061904],[146.70966272545544,-19.242497788849814],[146.70966674673713,-19.242359107954364],[146.7096719123986,-19.242235186875433],[146.709672876008,-19.24221206180784],[146.70965574608118,-19.24212719193074],[146.70964584166953,-19.24207812144667],[146.7096388968236,-19.242039638401682],[146.70962667505492,-19.24197190209798],[146.70959591204445,-19.2418373322341],[146.7095466688522,-19.241687812363608],[146.7095191831174,-19.241572587629026],[146.70949803333028,-19.241457942298343],[146.70949187578051,-19.241350568719174],[146.70949074180774,-19.241281223274918],[146.70950013317275,-19.24118918365444],[146.7095171024732,-19.24108399766516],[146.70956600578037,-19.240950575412917],[146.70959083197792,-19.240857530013642],[146.70960660563316,-19.240772097779313],[146.70961356890058,-19.240681030329597],[146.709610114744,-19.240600013970234],[146.7095898621322,-19.240505460109773],[146.7095804676623,-19.24043700528993],[146.7095605315464,-19.240378917668828],[146.70951972397071,-19.24030768371951],[146.7094787345515,-19.240237073050086],[146.70943895303225,-19.240188388920707],[146.7093677583519,-19.240115353454517],[146.70926949620775,-19.240030282399502],[146.70919431081413,-19.239970407959838],[146.70911973417915,-19.23991607435775],[146.70907148704927,-19.23989843809876],[146.70901912267698,-19.239884690384212],[146.70895447533016,-19.239875975009966],[146.7087996829644,-19.239857401076915],[146.70858240732107,-19.239822378973567],[146.70835338696327,-19.23977858070193],[146.70812879585995,-19.23973748233981],[146.70800483005272,-19.239719842545295],[146.70786891175874,-19.239703286151183],[146.7077275210849,-19.23969827066294],[146.70765222456382,-19.23968545294175],[146.70757096919615,-19.239647230694967],[146.7074713577764,-19.239588672137288],[146.70743012570304,-19.23955895467301],[146.70735486729362,-19.239503200403504],[146.70731090644244,-19.239450921304748],[146.70724852903274,-19.239369521489348],[146.7072029682065,-19.239269820788092],[146.70716128187723,-19.239120737110245],[146.70713143583563,-19.238985580858305],[146.7071163681493,-19.238892282176455],[146.70712538232164,-19.23877752214477],[146.70714208954203,-19.238649128006283],[146.70714860019982,-19.238588651379384],[146.7071445963334,-19.238474927888493],[146.70714301428,-19.238299320435836],[146.7071554079549,-19.238156694585054],[146.70716208551056,-19.23806646723441],[146.70721268217156,-19.237831757562077],[146.70726727758566,-19.23765992717396],[146.70731850311145,-19.237488986076364],[146.70737464558937,-19.23730844610525],[146.7074270524659,-19.2370935400981],[146.70747340267852,-19.23689769322316],[146.70752605317074,-19.236679389516603],[146.70758530270072,-19.23642032879168],[146.70766067330194,-19.236148523987694],[146.707734709924,-19.235963710656634],[146.70785390408284,-19.235778047539192],[146.70798656628054,-19.235621741095596],[146.70818693002883,-19.23546221671514],[146.70835341236867,-19.23535641045106],[146.70861827192883,-19.235273896266435],[146.7089157712271,-19.235210086705617],[146.70923451523498,-19.235184710154314],[146.7095230727839,-19.235146641887837],[146.70982780144976,-19.23507263912264],[146.7100646624966,-19.234987882375993],[146.7102656918677,-19.234864985169583],[146.71048681259748,-19.234624371681566],[146.71062283858006,-19.234436013053646],[146.7108106208135,-19.23413482322358],[146.7110092351491,-19.233808833672644],[146.7113172018534,-19.233306561737095],[146.71155707809828,-19.232953397960745],[146.711647366623,-19.232753606485986],[146.7117226411558,-19.232526579810532],[146.71177754504222,-19.23228327184735],[146.7118094598183,-19.23204669667019],[146.71180834503798,-19.231742153679424],[146.7117821377454,-19.231439450960625],[146.711760572096,-19.231126660793883],[146.71176689214101,-19.23082522929301],[146.71178775314067,-19.230543802290764],[146.71185116092292,-19.230301104093716],[146.7119393154355,-19.229992715998936],[146.7120373014512,-19.229764134251173],[146.71213040969872,-19.22953365596471],[146.7122747956556,-19.228840797821647],[146.71228762325407,-19.228779264435303],[146.71228507428586,-19.22865856633196],[146.71227249471963,-19.228063995937664],[146.71227194110307,-19.22803770535178],[146.71224601686492,-19.22791100584964],[146.71216797075482,-19.22752959646469],[146.7121036605877,-19.227215302083618],[146.71195160560998,-19.226828182109106],[146.7116423822837,-19.226472065876884],[146.71161023233572,-19.226435034328297],[146.71154512538456,-19.226360057168538],[146.71107040832703,-19.226101382325623],[146.7103579587799,-19.22592293483188],[146.7102293264556,-19.225940833243293],[146.71000134352641,-19.225972546076235],[146.7098996423893,-19.225986691194446],[146.70984789414598,-19.226025478970325],[146.70949181002808,-19.2262923304179],[146.70908370192774,-19.226759167866724],[146.70883308780208,-19.22696676475159],[146.70876062749855,-19.227026784217617],[146.70867580933253,-19.227097041414964],[146.70831906199382,-19.227306041239032],[146.70797961917722,-19.22732162303281],[146.7078634390356,-19.22717830389258],[146.70772299405175,-19.227005050338636],[146.70769175139387,-19.226966510320207],[146.7076714483538,-19.226934241616856],[146.7075543929226,-19.22674821027021],[146.70743790696258,-19.226563101569443],[146.7072688239604,-19.226208186916814],[146.70716783337716,-19.22574054035458],[146.7071625720275,-19.22550969940006],[146.70720256933697,-19.225289224355496],[146.7073063504884,-19.225115782298264],[146.70744070334183,-19.224983319265117],[146.70783152532687,-19.22469378011447],[146.7079124118933,-19.224651261745606],[146.70825390814102,-19.224471763402576],[146.70829015179115,-19.224452707077774],[146.70833796966676,-19.224441432278173],[146.70870855798725,-19.224354052154695],[146.7087655224835,-19.224340622817355],[146.70920054173374,-19.224354219285843],[146.70920065590053,-19.22435421946708],[146.70930853785828,-19.22435759896297],[146.70943314153013,-19.22434147515455],[146.70980079550517,-19.22429389779137],[146.71002537284377,-19.22415219493476],[146.7101055115885,-19.224101631137977],[146.7101065973758,-19.224100946015756],[146.71010674063885,-19.224100629934348],[146.71016968682827,-19.223963750043897],[146.71016971549668,-19.22396367779025],[146.7102769463855,-19.223730448162176],[146.7102866254949,-19.223657893345585],[146.71031404323642,-19.2234523273736],[146.71034573172065,-19.223214703535245],[146.71010137432629,-19.222630764600197],[146.71007429927994,-19.22259205082035],[146.70967839588403,-19.22202590097902],[146.70967056720022,-19.221987317049123],[146.70954463926665,-19.221366556919588],[146.70963491160967,-19.220539870330665],[146.70964258895367,-19.220469571696086],[146.70980001347297,-19.220262865149163],[146.71024145606563,-19.21968322853246],[146.7106353448451,-19.219294773758957],[146.71070483818605,-19.219226235557457],[146.7108873438076,-19.219152272510343],[146.71126913894435,-19.218997549090005],[146.71137989872113,-19.21895266321283],[146.71173136810236,-19.219002696172357],[146.7119001644185,-19.219026720934696],[146.7125933828309,-19.21939398623216],[146.712712137151,-19.21941297926319],[146.71293561714876,-19.219448719920575],[146.71305583624022,-19.219467949996474],[146.71310580847734,-19.219453197908052],[146.71328402366157,-19.219400599155154],[146.7133643694254,-19.219376884253485],[146.713402224679,-19.219305258959423],[146.71343767457626,-19.219238184735072],[146.71349973567322,-19.21912076871162],[146.71340434670185,-19.218553044823224],[146.71321885992626,-19.21827893095459],[146.7130198610885,-19.21798485926883],[146.71299258206378,-19.217926670022315],[146.71278946851717,-19.21749346112848],[146.71269341432367,-19.217288604782492],[146.71269715432396,-19.2172331663004],[146.712732980825,-19.21670277324263],[146.71299077013313,-19.215955939140493],[146.71299079879884,-19.21595586688631],[146.71299802731477,-19.21593492051238],[146.71302354695723,-19.215861007559045],[146.7130243730302,-19.215384973633217],[146.71281306673012,-19.214981846344703],[146.71255871487952,-19.214824224176393],[146.71249431209924,-19.214784313467053],[146.7124280087236,-19.21474322489274],[146.71200135179075,-19.214814917232264],[146.7118881951085,-19.214833925737164],[146.7113671756814,-19.215199282627317],[146.7106150340437,-19.215472733506946],[146.71037246112115,-19.215505264441205],[146.71007524922408,-19.215545119271955],[146.70978643595663,-19.215379874471747],[146.7095563197322,-19.21483071479787],[146.70955612077717,-19.214830244538597],[146.7095550945671,-19.214824124603457],[146.70955500981987,-19.21482362741305],[146.7094848498086,-19.214405970997905],[146.70946074765268,-19.214262509503662],[146.70959761400798,-19.21398740251932],[146.70974607948008,-19.21368898829947],[146.7097702142409,-19.21364048672702],[146.71029406767087,-19.212889206254925],[146.7104078370874,-19.21272604433844],[146.7104532825457,-19.212573519871626],[146.71057493891922,-19.21216521310996],[146.71058231698564,-19.21214042617101],[146.71053468113263,-19.211680158153843],[146.71052680419606,-19.211604059949128],[146.71052545702747,-19.21159107109575],[146.71043894031368,-19.211348669187846],[146.71023777267746,-19.210785014741173],[146.71013404871022,-19.210406220323023],[146.71011023757634,-19.21031924299009],[146.71002712082063,-19.210015699274486],[146.7100331367332,-19.209905082115935],[146.71004307464364,-19.209722416057925],[146.71004703614042,-19.209649544819463],[146.7101132618723,-19.20951086238029],[146.71031784871258,-19.20908239782726],[146.71037829968324,-19.209025160147753],[146.71049348420385,-19.20891609813079],[146.710549504152,-19.208863055780654],[146.71112851696316,-19.208387924591875],[146.7119577822114,-19.208077981741553],[146.71257457128118,-19.208042330351052],[146.7128709884272,-19.208090539417256],[146.71308051004073,-19.20812461309854],[146.71371132936835,-19.208227197727272],[146.71372612069757,-19.20822799804271],[146.7140582073397,-19.208246048891645],[146.71414251899964,-19.208076566593],[146.71416910502472,-19.208023115718515],[146.71421292179232,-19.207935033299673],[146.71421097436053,-19.207911424592233],[146.71418043061908,-19.207541069772805],[146.71417516605246,-19.207477248527454],[146.71386808045548,-19.206744406182455],[146.71323329263146,-19.20604767051984],[146.71296639230502,-19.20589275858091],[146.7124399676976,-19.20558721076626],[146.71234765305465,-19.20553362783407],[146.7122147484008,-19.205517630930764],[146.71147151378872,-19.205428185488344],[146.71142278024888,-19.205422315816943],[146.71140791182896,-19.20542768773719],[146.71076710280852,-19.205659300419203],[146.71028414323303,-19.20631767105858],[146.70997417916777,-19.207232632599915],[146.70988839338565,-19.207611308148067],[146.70975764313945,-19.20818844584159],[146.70971451968487,-19.20837880440712],[146.7096051479325,-19.208861562175393],[146.7095094321926,-19.20898908171895],[146.70914678276708,-19.209472250977665],[146.70908356300848,-19.20955647852672],[146.70889681553112,-19.209662524996837],[146.70813480607256,-19.210095216313444],[146.70811895087044,-19.210104219416582],[146.70790257593865,-19.210103874737175],[146.7074058601641,-19.2101030825162],[146.70634038139644,-19.20973965723274],[146.70632723276762,-19.209735171698405],[146.7062709536853,-19.209697495032444],[146.70553140346036,-19.20920242433062],[146.7054224947042,-19.209129516456127],[146.7053236753464,-19.20904285175981],[146.70446035904902,-19.208285755640247],[146.70434749451434,-19.208244480646027],[146.70355514371286,-19.207954727634128],[146.70331629819216,-19.207829200543983],[146.7026626611425,-19.2074856516894],[146.70261167233625,-19.207458854465994],[146.7025117813413,-19.207382299364145],[146.70229069151608,-19.207212850951187],[146.7022906345037,-19.20721281470905],[146.7016301321872,-19.206706587135624],[146.70130108755353,-19.20620227122874],[146.70120754002537,-19.206058885243785],[146.70109199321928,-19.20588179907748],[146.70109315081487,-19.205240986941288],[146.7011248609701,-19.20520721169557],[146.70155658286788,-19.204747396784928],[146.7019284950708,-19.204377658649157],[146.70194271357374,-19.204363529213044],[146.70203684456442,-19.20434649310051],[146.70293649309227,-19.204183644176354],[146.70294519058464,-19.204182067687505],[146.70296037503,-19.204180908390445],[146.7045532667704,-19.204058874575285],[146.70456013508783,-19.204058813343682],[146.70700271888765,-19.204035431017452],[146.70705378421124,-19.204024197799466],[146.70730344845168,-19.203969269615683],[146.70760975440763,-19.203901887524793],[146.708135926754,-19.20374899980613],[146.70821030959715,-19.203715074334987],[146.70852591034154,-19.20357113165418],[146.70870272269474,-19.20349048278349],[146.7089812182976,-19.203305938599755],[146.70910773255093,-19.203222100626547],[146.70911465865981,-19.20321620115857],[146.7095128665049,-19.202876854701326],[146.70966540772648,-19.20239669546238],[146.70977991834846,-19.20206739135462],[146.71029855731726,-19.200811922909455],[146.71047989191308,-19.20025925608763],[146.71059207144523,-19.199835958730763],[146.7106001423952,-19.1994689536487],[146.7105194452848,-19.198883013000973],[146.7103348114009,-19.19826161710255],[146.70997165658466,-19.197766977506685],[146.70939309320627,-19.1972578886111],[146.70871785848095,-19.196798042830075],[146.7080796331624,-19.19642295201321],[146.7074858231238,-19.196139686564486],[146.70698830578277,-19.19601890285487],[146.70627517072217,-19.195996587562927],[146.7052944257897,-19.196065596417764],[146.70460023386426,-19.196110317363303],[146.70455670059044,-19.19611312113676],[146.70456476004998,-19.196106365107244],[146.70493518906977,-19.195796156215998],[146.70486597032283,-19.19571493418839],[146.70474353865959,-19.195549126796596],[146.7045482106134,-19.1953696910021],[146.704416933841,-19.19517684731984],[146.70433539993041,-19.19501955552726],[146.70426803603175,-19.194896095457505],[146.7040834785838,-19.194662605771786],[146.70400907847372,-19.194495185377942],[146.7039699482956,-19.19433388597368],[146.70392559145915,-19.194148529600387],[146.70388935119013,-19.193967045286662],[146.70388854325938,-19.19392947550834],[146.70388560704657,-19.193789481432663],[146.703894296458,-19.19347296953236],[146.7038824704124,-19.19327222072589],[146.70388169111297,-19.19320268570276],[146.7038786503514,-19.193137114447616],[146.7038855720764,-19.192942044274005],[146.70398558396923,-19.192712393604044],[146.70401416491185,-19.192644848994284],[146.70404978793042,-19.192612796580818],[146.70411028679857,-19.19260106421698],[146.70422048171025,-19.192645181778268],[146.70443376528337,-19.19272325625131],[146.70469500021787,-19.19284364849596],[146.70512884404062,-19.192920387105993],[146.7067542323411,-19.19305142322422],[146.70736781826878,-19.19306930303923],[146.70772891965834,-19.193041148836695],[146.70798695464575,-19.192960449084495],[146.70817746855457,-19.192844151674777],[146.7083359466652,-19.192737952134348],[146.70841082058848,-19.192638370519173],[146.70856583365065,-19.192484836376114],[146.70873516501302,-19.192275573078053],[146.7089025954206,-19.192135578311007],[146.7090752163128,-19.192078401366068],[146.70927976264844,-19.192073655659094],[146.7096656130147,-19.192131717536373],[146.71019006020236,-19.19226266740136],[146.71054380514707,-19.192371376564115],[146.71066376717368,-19.192450109914372],[146.7106907220631,-19.192467802482202],[146.71078986862847,-19.192624577073573],[146.71084489693823,-19.192814765661687],[146.71090995601512,-19.193034856740642],[146.71097901162503,-19.193123432723773],[146.7111500062311,-19.193202607654737],[146.71148202077683,-19.19331551935104],[146.71169204078853,-19.193391167307997],[146.71188949516826,-19.193456040776862],[146.7119297038234,-19.193488385541283],[146.71208566707568,-19.19353645636011],[146.71222153984863,-19.193552204876717],[146.71227315441328,-19.193540329356914],[146.71233738050535,-19.19351293829918],[146.71244567264014,-19.19347126490184],[146.71247214300556,-19.19344499850546],[146.71245464697583,-19.19337562705979],[146.7124435360428,-19.19325008006471],[146.7124765815768,-19.193063617864038],[146.71252971933075,-19.192897512269518],[146.71256256129936,-19.192828219709593],[146.7126343707961,-19.192782901171334],[146.71274265822393,-19.192743622494625],[146.71284713614267,-19.19272346094401],[146.71294529546822,-19.19272121966244],[146.71304088849905,-19.192745282207124],[146.71311639005404,-19.19274300538839],[146.71318063019535,-19.192707245410382],[146.71323740677164,-19.19262005089205],[146.7133031003218,-19.192475491788237],[146.71334978897568,-19.19239665914205],[146.7134518092193,-19.19234540471843],[146.7134808764692,-19.192274913150005],[146.71349243371156,-19.192137436070624],[146.71344241372518,-19.19195922158293],[146.71338994229126,-19.191735563158357],[146.71336882911112,-19.19157413108702],[146.7133491342183,-19.191324224992346],[146.71335596177732,-19.19101219199361],[146.71337522381918,-19.19079223346657],[146.7133958125611,-19.190525653006674],[146.71345663341316,-19.190283048366272],[146.71355642115606,-19.190064408492695],[146.7136296832158,-19.18990431668751],[146.7137343472865,-19.1897753625429],[146.7139448491878,-19.189570044589562],[146.71407348556977,-19.189406451069566],[146.71416315266006,-19.189220085728895],[146.7141657917249,-19.189145964989596],[146.71418724583788,-19.189110128925538],[146.7143019676007,-19.188989558746705],[146.7144709493256,-19.188778201763803],[146.71458323449934,-19.18860859964489],[146.71468046200306,-19.188411482226247],[146.71474989456163,-19.188281270693746],[146.71483057529903,-19.188197709666575],[146.71493763657853,-19.18813929552499],[146.7150749163184,-19.18807016468999],[146.71518572356416,-19.188023703678716],[146.71530026299615,-19.18800834613099],[146.71545498377822,-19.188040858749428],[146.71561100327426,-19.188048276353115],[146.71598224829893,-19.18802733332634],[146.71619488067384,-19.188046794559362],[146.7163911432799,-19.188066221206157],[146.71661134930977,-19.18806776343439],[146.7168555109917,-19.188044227394002],[146.71706945829985,-19.1880290130841],[146.71729086068498,-19.188065223864157],[146.7174129183858,-19.18806420991997],[146.71755388148765,-19.188048891658752],[146.7177137037948,-19.1880407689757],[146.71784201959736,-19.188062484435616],[146.71804965986246,-19.188053233014067],[146.71821202718803,-19.18803077142952],[146.71839585224646,-19.18796410448693],[146.71858601462134,-19.187873525038782],[146.71875485577974,-19.187741078510932],[146.71878010520535,-19.18769329120728],[146.71880665075443,-19.18762160192055],[146.71878168287662,-19.187509174346914],[146.71872268881523,-19.187420616650737],[146.71871906491222,-19.187330941850753],[146.7187392825553,-19.187283146836144],[146.71880097847327,-19.187259328395676],[146.7189041601477,-19.187260688475654],[146.71897711356297,-19.187278730460413],[146.7189984629515,-19.1873038691012],[146.71899336632117,-19.18734211667979],[146.71898949683236,-19.187397112470165],[146.71901076510457,-19.18747007699277],[146.71904087985112,-19.18752033499446],[146.71907608312762,-19.187537126192083],[146.71911386380228,-19.187520446738436],[146.71920455074584,-19.18746917168426],[146.71940596225855,-19.187419267922813],[146.71955951279028,-19.18740157244515],[146.7198100130018,-19.187346953429092],[146.72012355060542,-19.18722309516903],[146.72029742363702,-19.18708945288988],[146.72037688843903,-19.186974798804542],[146.72044758906296,-19.186839806176764],[146.72057372455097,-19.18665946684589],[146.7206695834094,-19.18652451243527],[146.72075919113527,-19.186368030364278],[146.72091168500597,-19.186225986288598],[146.72105780278991,-19.186136539204107],[146.72122782935546,-19.186043549507804],[146.7213387436285,-19.18593731140728],[146.72140060759367,-19.185813059492734],[146.72148885417394,-19.185718743384438],[146.72171308845014,-19.185568438842065],[146.72191336581994,-19.185444405644112],[146.7220092028153,-19.185321406969837],[146.72205846153457,-19.185215075000016],[146.72207374107592,-19.185105103697907],[146.72208662183687,-19.184928179547388],[146.72204927080932,-19.184694984630056],[146.7219791061484,-19.18451195190053],[146.72186990390344,-19.18435277299582],[146.7216965798406,-19.18415644336401],[146.72153964774395,-19.183946979957536],[146.7214178825803,-19.183775825210784],[146.72136642853255,-19.18369444644913],[146.7213388388843,-19.183635823990105],[146.72133643039265,-19.183574844849357],[146.72141462719125,-19.18346616205443],[146.72143739080425,-19.183396852472058],[146.7214626990713,-19.183313204359784],[146.72152446345638,-19.183247541812385],[146.72154094789906,-19.18317344188995],[146.72157623089126,-19.18314240669123],[146.7216404052444,-19.183142504043026],[146.7217524884816,-19.183086479326263],[146.72199294031472,-19.18301870157591],[146.7221741811199,-19.182991475168187],[146.7222974765772,-19.18299883749691],[146.7224245155738,-19.183031311365767],[146.72253394977074,-19.18305180202013],[146.72267992379412,-19.183046039891934],[146.72281461357113,-19.18301396170296],[146.72297457227106,-19.182926928840182],[146.72315223453535,-19.182781332926645],[146.72327327046173,-19.1826380463755],[146.72334138886754,-19.182531742449626],[146.7233478551762,-19.182430126365684],[146.72331659829334,-19.182311725139776],[146.72326653306558,-19.182150241258853],[146.7231472544453,-19.18199344280019],[146.72306184310443,-19.1819012496941],[146.7230029461499,-19.181760086616052],[146.7229653310981,-19.181678729169768],[146.72295282940547,-19.181629691307695],[146.72295286538542,-19.181608173254244],[146.72296043946452,-19.18159503523491],[146.72298057769237,-19.18158788991774],[146.7230006974488,-19.181597481880743],[146.72303841241543,-19.181619065945387],[146.72323592335223,-19.181644469867653],[146.723512740739,-19.18164727298536],[146.72362601601625,-19.181628320409928],[146.72377200670317,-19.18161179384983],[146.72398968934905,-19.1816157092121],[146.72421244578763,-19.18158855223518],[146.72449688080388,-19.181551916952202],[146.7247775476116,-19.181510485740418],[146.72496885499044,-19.181485666558512],[146.72503176965208,-19.181482172971513],[146.72508332997234,-19.181500189503662],[146.7251486799,-19.181548104403195],[146.72536883390467,-19.18157593485939],[146.7258960196935,-19.181603030927956],[146.72637914234787,-19.18163961235569],[146.72710459114703,-19.18175012669132],[146.728064315414,-19.181793005921392],[146.72865332972685,-19.181766241277092],[146.72900955371668,-19.18180130866177],[146.7293729299987,-19.181912390673535],[146.72981625328202,-19.182051217102266],[146.73017254567125,-19.182044827654448],[146.73069622441028,-19.181948878283585],[146.73092164813477,-19.18194230433402],[146.73104540510266,-19.181852662732755],[146.73119107259183,-19.18170088466287],[146.73131495245465,-19.18153525634659],[146.73154055638756,-19.181411231456998],[146.73182444377952,-19.181218200304496],[146.73235555149347,-19.181025529387053],[146.73281396550186,-19.180818932871638],[146.73312688065366,-19.180660482983885],[146.73337139627336,-19.18051529956242],[146.73385928149514,-19.18032770373967],[146.73419911941502,-19.180265431239217],[146.73475287288963,-19.1801944932056],[146.73605835745101,-19.180184427728335],[146.73702087132986,-19.180227652678177],[146.73777889111915,-19.180288510810282],[146.7390589881696,-19.180418865615042],[146.74016302975113,-19.18048319693068],[146.7411915755799,-19.18055040656258],[146.74302222099772,-19.180654604834864],[146.7442678428743,-19.18070715313728],[146.74656099155376,-19.180758160128885],[146.74784757348215,-19.180765905972407],[146.74922213688353,-19.180842519881],[146.75025693127375,-19.18093957412061],[146.7508985234605,-19.181030115533563],[146.75147085729472,-19.181156430541503],[146.75239217948163,-19.18140874499792],[146.75354620397172,-19.181718158770074],[146.75461844788174,-19.182024473635423]]],[[[146.75338442297982,-19.116493662116195],[146.7533599374592,-19.116521347336562],[146.7533374921477,-19.11653887713138],[146.75332566548832,-19.11656384094702],[146.75329422939205,-19.11654691675288],[146.75327740583285,-19.11656905416577],[146.75325302875535,-19.116568488274478],[146.7532299966544,-19.116590599284567],[146.75320309510846,-19.11660615291176],[146.75322202321343,-19.116639445348763],[146.7532662559491,-19.116637706186218],[146.75329272374285,-19.11665817546534],[146.75333835351216,-19.116644029663004],[146.7534042967777,-19.116639400447017],[146.75347525520758,-19.116631687097854],[146.75350676093922,-19.116608069104313],[146.75357107126524,-19.116588977632375],[146.75361519191372,-19.116585873572348],[146.7536413161312,-19.11654306172663],[146.75368104569594,-19.116532513905902],[146.75373948883836,-19.11655893643936],[146.75377770277166,-19.11658312674229],[146.75379757011908,-19.11659859841635],[146.75380264396486,-19.116620096392094],[146.75384484673037,-19.11663445017286],[146.7538341856605,-19.11666207260716],[146.75383838408652,-19.116690474065383],[146.75388401604764,-19.116694095866723],[146.753926327959,-19.116686109060627],[146.75397472904626,-19.116694560569766],[146.75402671172282,-19.116717793174757],[146.7540237602675,-19.11674623929862],[146.75399192785312,-19.116765771991528],[146.75400835660645,-19.116791948491166],[146.75406395825735,-19.11683042315718],[146.7540787475817,-19.11686580667818],[146.75412741553242,-19.116918876669757],[146.75417687738607,-19.116910863207973],[146.7542066902745,-19.116919687479434],[146.7542136014638,-19.116946077187976],[146.75425971272082,-19.116979279293037],[146.75429012868997,-19.11703682554934],[146.75429148635388,-19.11708318976564],[146.75428889029,-19.1171220927614],[146.75431975085917,-19.11715545524103],[146.75433811731048,-19.11717010244046],[146.75432274952024,-19.117204433486155],[146.75428837279745,-19.11722780377243],[146.75425865521774,-19.117238084927653],[146.75423107835385,-19.117292408700333],[146.75419288708576,-19.11730418779268],[146.75414532684778,-19.117312086309912],[146.75411406350963,-19.11733249642002],[146.75412001506143,-19.11736487671484],[146.75409059783212,-19.117390630452558],[146.7540769917997,-19.117423011728988],[146.75405356846395,-19.117446071255287],[146.75403385116863,-19.117438344951474],[146.75401419398332,-19.11746068650534],[146.75397673961714,-19.117475611588734],[146.75393082255027,-19.117503882782543],[146.75389510361242,-19.117528263399485],[146.75389171405058,-19.117557187920312],[146.75389320129312,-19.117599440244447],[146.75387898279118,-19.11765373663516],[146.753838360721,-19.117682548098266],[146.75380150480186,-19.117710641589785],[146.7537544491991,-19.117730804573238],[146.75371817200514,-19.1177661469007],[146.75368171456336,-19.117775533266336],[146.75364245353398,-19.117803343343724],[146.75359207857224,-19.117817817251463],[146.75353103875972,-19.11783029765008],[146.75346260575728,-19.117833721583047],[146.75341569077972,-19.117784648345985],[146.75336768650112,-19.11774565045472],[146.75330391273266,-19.11773601234121],[146.7532106197187,-19.117756673527683],[146.75313930478163,-19.1177480193705],[146.7530832340217,-19.117762883149144],[146.7530183451824,-19.11778064515368],[146.75295373118612,-19.117760594586528],[146.7528902922533,-19.117743184525725],[146.75284358901288,-19.117750089729526],[146.75280191117173,-19.117759848485054],[146.7527693453266,-19.117728887440425],[146.75274135873954,-19.117713088436574],[146.7526906168561,-19.117699346516403],[146.75266739142455,-19.11766590365343],[146.75263078173094,-19.117649785769334],[146.75257828893498,-19.117649832696348],[146.75253478057854,-19.117631021380262],[146.75249696058486,-19.11762957874902],[146.7524511878067,-19.117618211271513],[146.75243705291132,-19.117596872787033],[146.7524492431473,-19.11757051774671],[146.75248847645338,-19.11754226504959],[146.75253142977073,-19.117518743960535],[146.75256147214048,-19.117494762666272],[146.75258621802246,-19.117458419978664],[146.75262764171575,-19.117427721031852],[146.75265891546215,-19.117413230755794],[146.752672370925,-19.11736720275285],[146.7526565658013,-19.117330959195222],[146.75266658324193,-19.11730154654268],[146.7526798451737,-19.11727056572353],[146.7526662216597,-19.11723781357474],[146.752667309674,-19.117215862938217],[146.7526969395962,-19.117175080344936],[146.7527000033641,-19.11714799002258],[146.75268977385645,-19.117121821738916],[146.75270557866148,-19.117075155225706],[146.7527117978141,-19.117010509272482],[146.75269032870534,-19.11692774206899],[146.752673235826,-19.1168815645632],[146.75264512639964,-19.116852570622513],[146.75262044761857,-19.116824701939176],[146.7526174508819,-19.116787553765928],[146.75259496785992,-19.11672810195032],[146.75256054598063,-19.116685877641494],[146.75253258883677,-19.116682369652516],[146.75248928982833,-19.11661889525774],[146.7524468697752,-19.116578142322695],[146.75240725895594,-19.116566349323268],[146.75237694501834,-19.116574867059697],[146.75234678660237,-19.116561948038367],[146.7523206686663,-19.116504560886835],[146.75229667799996,-19.11646160949],[146.752255170869,-19.116414413998374],[146.75223096490555,-19.11636283148559],[146.75222025801435,-19.116318939984417],[146.75223081677655,-19.116289952844014],[146.7522475568975,-19.116272840267847],[146.75226117407414,-19.116252298272208],[146.75227387499194,-19.11620858287853],[146.75230199706064,-19.116190672240318],[146.7523532899666,-19.116217139814005],[146.75238698359084,-19.116250298564633],[146.7524436332979,-19.11624859437783],[146.75249411043262,-19.11623548557897],[146.75253123123062,-19.116240162694762],[146.75255103460992,-19.116266569798007],[146.75259008571663,-19.11627748537588],[146.7526034462251,-19.116295234920216],[146.7525985194853,-19.116334740271792],[146.75258546547306,-19.11638577559274],[146.75258973909752,-19.116421000495734],[146.75263045018568,-19.116434548210638],[146.75266460844853,-19.11645582321562],[146.75267159478236,-19.116489045435767],[146.75268335243743,-19.11651054338499],[146.75272287622832,-19.11649774515623],[146.75273831088975,-19.116476166254024],[146.75276338683986,-19.11647348868769],[146.75276177901293,-19.11643580013046],[146.75278499440986,-19.116386350971187],[146.75279416800691,-19.116316928137536],[146.7528243356024,-19.116253299425843],[146.75287021656885,-19.116236415711363],[146.75290512893235,-19.116172486080796],[146.75292373932882,-19.116125172608562],[146.75297049642373,-19.116107304956348],[146.75299783528743,-19.11608533531942],[146.75303353638785,-19.116066440613192],[146.75308341140408,-19.11601054729025],[146.7531052800705,-19.1160035544835],[146.75313861992532,-19.116038122474766],[146.75312789501976,-19.116076671128237],[146.75312862678123,-19.116115325522625],[146.75314937375003,-19.11615943830228],[146.75314000042525,-19.116196985605413],[146.7531581989181,-19.116215753799455],[146.75321435554682,-19.116219552555023],[146.75326790132047,-19.116220808254493],[146.75331743548844,-19.116272894532575],[146.75333023047781,-19.11631300205647],[146.75335777955016,-19.11633519893923],[146.75338413449575,-19.1163483928621],[146.75339218320346,-19.11637698023964],[146.75336575788984,-19.11639840890829],[146.75336502455352,-19.1164248878175],[146.75338080117982,-19.116454750801292],[146.75338442297982,-19.116493662116195]]],[[[146.86217453418536,-19.102502975358753],[146.86221336053833,-19.10256073637517],[146.8622741161089,-19.102542309036426],[146.86235427915938,-19.102553918974046],[146.86243685311297,-19.102593239851707],[146.86253398227805,-19.10265567157295],[146.8625654978255,-19.102736536111337],[146.8625897272172,-19.10282200436567],[146.862667412775,-19.1028982760946],[146.86274998887438,-19.102935292254333],[146.86281314597576,-19.102944575702036],[146.86291755406623,-19.10302318084562],[146.8630049617625,-19.103092536893666],[146.86308509853603,-19.10313647386325],[146.86318713382235,-19.103141176924197],[146.8632332791464,-19.103166615792798],[146.86327939790135,-19.10321284102866],[146.8633401327414,-19.10321980888131],[146.86338140862804,-19.103259107723442],[146.8634275482975,-19.10327992834371],[146.86348837220763,-19.103178346025157],[146.86354431332245,-19.103106791894923],[146.8636342345656,-19.1030675993174],[146.8637217106698,-19.103053809481086],[146.86378486226027,-19.103081565374453],[146.86384310469123,-19.103160135843765],[146.86387467576068,-19.10317401376886],[146.8639378765056,-19.10314173310314],[146.8639718586608,-19.103171780996366],[146.86396454605776,-19.10320873019744],[146.86394993015355,-19.103247978581987],[146.86399120619953,-19.10328726825071],[146.86409078328418,-19.10332199178609],[146.8641831044839,-19.103335914480482],[146.86423653618806,-19.103356740276112],[146.8643069892133,-19.103361410395156],[146.86437256343336,-19.103391481488806],[146.86438708881658,-19.103451546802766],[146.86432876695054,-19.103469976629107],[146.86431416993494,-19.10348613407817],[146.8644161942924,-19.103516232007866],[146.8644963410428,-19.103548627401864],[146.86455703845903,-19.103601794856512],[146.86462012828125,-19.10369422322998],[146.86468083330033,-19.103738154258203],[146.86473426519652,-19.1037589799097],[146.8648023034851,-19.103752098059015],[146.86487280920676,-19.103692095189277],[146.86491416417837,-19.10362284355816],[146.8650089829777,-19.10354669930151],[146.8650867430102,-19.10353289265862],[146.8651620804391,-19.103505238659746],[146.86518641963744,-19.103445201859863],[146.8652642282208,-19.103371349595445],[146.86530988498686,-19.103296109113256],[146.8653104561707,-19.103295169624236],[146.86538580279748,-19.103255965530828],[146.86548298200512,-19.10325834111664],[146.86551461108692,-19.103200623212132],[146.8656117902573,-19.10320300776737],[146.86574540454995,-19.10322389161915],[146.86584501754257,-19.103226277825613],[146.86586198078118,-19.103270167561142],[146.8658692335972,-19.103318677456326],[146.86601982246154,-19.10336959626325],[146.86607568078418,-19.10339965968353],[146.8661169462197,-19.103452812495334],[146.86619710442199,-19.103471343534363],[146.8662845452805,-19.10350142983471],[146.86636467755233,-19.1035523062278],[146.86647640558186,-19.103598578263274],[146.86654683840626,-19.103628652107144],[146.86664400859704,-19.10364257708318],[146.8667095667072,-19.103693433734744],[146.86675566992872,-19.10376045352939],[146.86685039927823,-19.103795163030437],[146.86691839659056,-19.10382754858811],[146.86700339315925,-19.103883037376573],[146.86702277950704,-19.103940792378612],[146.86696196670508,-19.10403081682886],[146.86696924203105,-19.10405160848359],[146.8670202481598,-19.104074745337478],[146.86706394206416,-19.1041232814937],[146.8671051929593,-19.104183356846633],[146.86719023585243,-19.104181104580363],[146.867250994866,-19.104146507402238],[146.8673068812945,-19.10414192948345],[146.8673651607413,-19.10417661245282],[146.8674355866077,-19.104215931380853],[146.8675254692566,-19.104236782459317],[146.86759831063537,-19.10429919404079],[146.8676809029111,-19.10430617617754],[146.86774405747641,-19.104331626138702],[146.86781450918397,-19.104338608533784],[146.86788251241083,-19.104364061927793],[146.8679407777314,-19.10442877653277],[146.86798688532332,-19.104491168787575],[146.86809130233726,-19.104562839197495],[146.86814471480193,-19.104609068441594],[146.86818840369187,-19.104664527101555],[146.86824671312723,-19.104673805219377],[146.86829041668886,-19.104710791083566],[146.86829763700536,-19.10478932364566],[146.8683291685501,-19.104854019004975],[146.8683680304684,-19.10487021499032],[146.86842874422194,-19.104904899362918],[146.86846997975204,-19.10499731080296],[146.8685476540475,-19.105080511857125],[146.86861077804286,-19.105145220678438],[146.86864959447993,-19.105219157569532],[146.86865439065858,-19.105297688385207],[146.8686664766256,-19.105366988008882],[146.86870042768348,-19.10545015780822],[146.86869065485251,-19.105521746421143],[146.8686857292515,-19.10560719307488],[146.8687439839932,-19.105674211992163],[146.86874147767784,-19.105778142188182],[146.86873656119843,-19.105852047878834],[146.86879482696997,-19.105905212201773],[146.86883365823266,-19.105960667242584],[146.86885548840277,-19.106006873777964],[146.86884566240226,-19.106133898770715],[146.86888691484324,-19.10620552372446],[146.86889900138496,-19.10628636429551],[146.86892325413592,-19.106334886162482],[146.8689231813629,-19.106427268080743],[146.8689207060719,-19.10649193911977],[146.86889391026244,-19.10658198839554],[146.86892300670448,-19.106648986488313],[146.8689691065924,-19.10673447849235],[146.86900548061226,-19.10681995452802],[146.86903212915794,-19.106916973643877],[146.86910981231304,-19.107002488072094],[146.86917535978716,-19.10706951203005],[146.86927009108916,-19.10709267932062],[146.8693356150867,-19.10718972598719],[146.86940114460128,-19.107279840823388],[146.86943510365913,-19.107353774090992],[146.86950305447058,-19.107460067843213],[146.86956857331384,-19.107564046230976],[146.86957821193178,-19.10766335779057],[146.86956351727926,-19.107804233934964],[146.86956585518556,-19.107926649366163],[146.86958763331575,-19.108039833140218],[146.86958510349484,-19.10816223608282],[146.8695582516308,-19.10832388999886],[146.8695143964993,-19.108478600049185],[146.86945602268008,-19.108561704233814],[146.86943649902102,-19.10867717234557],[146.86937569483277,-19.108755656585306],[146.86935133234616,-19.10883415762851],[146.8693385082268,-19.108868780461258],[146.8693196817351,-19.10891959434168],[146.86934152149405,-19.108954250811585],[146.86942896580578,-19.108984335621628],[146.86946779617728,-19.10904210412996],[146.8694725620322,-19.109159903073504],[146.86951140514074,-19.109201503385133],[146.86952592020208,-19.109277727419265],[146.8695039626091,-19.10939319380418],[146.86954036826242,-19.10943941057466],[146.86950179459973,-19.10953904945238],[146.86936208966011,-19.109567039114854],[146.86920629369362,-19.109564379912143],[146.8690585404673,-19.109574487332498],[146.8689618264903,-19.109592294817965],[146.86884628871513,-19.10963306232156],[146.868808627033,-19.10969687681212],[146.86881657455422,-19.10984243237487],[146.86882723339235,-19.10994967965182],[146.86886476283087,-19.11004163644216],[146.86886468634845,-19.110138663625982],[146.86891295670532,-19.110245946718116],[146.86892911319887,-19.11036239813454],[146.86892899846518,-19.110508020243195],[146.86896115924614,-19.110620452295684],[146.86898259674064,-19.11070732753162],[146.86903628363837,-19.11079422570801],[146.8691598370953,-19.110886288793136],[146.8693747486334,-19.111014178258433],[146.86963268495765,-19.11111400017505],[146.8698583981136,-19.111180585926878],[146.87008413386826,-19.111206294540445],[146.87029645152492,-19.111211550466713],[146.8705114876583,-19.11118104643996],[146.87071041487667,-19.111130087890995],[146.870912038946,-19.11105869709609],[146.87102496901053,-19.110997465444154],[146.8710787620058,-19.110948962391042],[146.87102773688116,-19.11089782829273],[146.87099013992264,-19.110854367440655],[146.8709943740987,-19.110788757726887],[146.87102938417274,-19.11067386968759],[146.87102678858145,-19.110551300486616],[146.87108054893056,-19.11050793074092],[146.8710214920875,-19.110454269535627],[146.87107526230304,-19.110398129725823],[146.87112097411406,-19.110336878037597],[146.87110490843833,-19.110273025467638],[146.87107009838104,-19.1101300088198],[146.8711238941901,-19.110040674052787],[146.87125556854508,-19.109971827667724],[146.8713496251078,-19.109923370754064],[146.87141416409415,-19.10983404340572],[146.87147602388646,-19.10974216557119],[146.8715190920973,-19.109619628233954],[146.8716131996113,-19.10950479033407],[146.87166162521467,-19.109412894026764],[146.8717342182357,-19.109333784617235],[146.87179870759041,-19.109308298423024],[146.87183360465679,-19.10933896908827],[146.8718711729955,-19.109382402641995],[146.87188184950548,-19.109469224882197],[146.8718548612642,-19.109637738534424],[146.8718063825797,-19.109798573365865],[146.8717445029275,-19.109928752478986],[146.8717202782673,-19.109990019299005],[146.87174979785684,-19.11002834104528],[146.8718330656482,-19.110038620511077],[146.87184916305605,-19.1100616142324],[146.87188135395962,-19.110112698852],[146.87183444648312,-19.11018378276543],[146.87183989606606,-19.11021845463988],[146.87188001617207,-19.110220217775108],[146.87192924341522,-19.110247988297623],[146.87192371506418,-19.11031560347676],[146.87194009707554,-19.110364155607485],[146.8719911562979,-19.110371131961863],[146.87199841517588,-19.11041447210917],[146.8720549413867,-19.110433580652348],[146.8720858945653,-19.110499485973],[146.87213694335833,-19.110532463339823],[146.87212232940678,-19.110558454249674],[146.8720749088066,-19.110554959920375],[146.8720675899164,-19.11058962291444],[146.87209311365177,-19.11060698372614],[146.87208574925887,-19.110688461248902],[146.87209847514467,-19.110743951669594],[146.87211303581353,-19.110787296883448],[146.87210204871022,-19.110844506041165],[146.8721257030755,-19.110919073301602],[146.87241732373204,-19.111344167443786],[146.87257936980518,-19.111542898109843],[146.87290095551427,-19.111937221243778],[146.87337056235054,-19.1126113761915],[146.8738048401814,-19.112724824635944],[146.87404478355285,-19.11278750175486],[146.87466412550722,-19.11295464935107],[146.87568739435133,-19.112976798367075],[146.8760944315105,-19.112891270205342],[146.87628055304674,-19.112852163343558],[146.87659704409313,-19.11278566051551],[146.87669383278612,-19.112771102601773],[146.87676973964452,-19.112735093569658],[146.87683807810666,-19.112673828502405],[146.87685334033074,-19.112554832133313],[146.87688378731173,-19.11242141293487],[146.8768611810104,-19.112212232538106],[146.8768043835686,-19.11205711905173],[146.87675139458835,-19.11189480516027],[146.8767097820793,-19.111725277859975],[146.87668720015074,-19.111483634527552],[146.87667976553428,-19.111278070237297],[146.87671023646718,-19.1111121971845],[146.8767634671014,-19.110960763306934],[146.87682044572642,-19.11087064273203],[146.87691157900792,-19.11076251504239],[146.87694201226137,-19.110647134769405],[146.87702936252876,-19.110524571503838],[146.87711670466962,-19.110412835187734],[146.8772419468499,-19.110348010972093],[146.87737095051756,-19.110326451983134],[146.87746197688435,-19.110362581498983],[146.87749985742718,-19.11044915943434],[146.8774960188062,-19.110510458659522],[146.87756808962516,-19.110517718575213],[146.87763262013107,-19.11047448963276],[146.877769233561,-19.110434905487644],[146.87786032205668,-19.1103736641593],[146.8779514067719,-19.11033044368076],[146.87805763255074,-19.110344938017747],[146.878198005975,-19.110337818965213],[146.8783194278314,-19.110309051358072],[146.8784067030979,-19.11028747309619],[146.87847113845834,-19.11037406837086],[146.87848623597688,-19.110478661000887],[146.8786341007277,-19.110615795082897],[146.8787022913816,-19.110742067645457],[146.87880462779665,-19.110875565599322],[146.87893353094435,-19.11100548401809],[146.87908520935085,-19.111102954385547],[146.8791837868438,-19.111189571827282],[146.8792149051391,-19.111254762099723],[146.87922691388215,-19.11127992151072],[146.8792406124014,-19.111308615715696],[146.8793391691722,-19.111424080954503],[146.8794149990368,-19.111492653426296],[146.8795212214056,-19.111499934945314],[146.87961989592023,-19.111453121664947],[146.8797413470339,-19.11138467825195],[146.87980590077314,-19.111308985645895],[146.87983991952342,-19.111255171100126],[146.87985147485577,-19.111236886617668],[146.87994255952717,-19.111193674195363],[146.8800222324565,-19.11119372613513],[146.88007593915785,-19.11123501759561],[146.88010236491166,-19.11125534220805],[146.8801208182898,-19.111269525121365],[146.88021558994055,-19.11137416946866],[146.88028757214792,-19.111518464804902],[146.8802895576279,-19.111520680298458],[146.88039750509955,-19.111641157887107],[146.88059851524696,-19.111731447077158],[146.88078059166386,-19.111774836920876],[146.880977873181,-19.111774964573396],[146.88120928856168,-19.111785932003713],[146.88141800897367,-19.11171755281365],[146.88162670688396,-19.111667194268538],[146.88172911032288,-19.11171053192877],[146.88183150868574,-19.111761090540348],[146.88197188060266,-19.111757574602404],[146.882093299587,-19.111746834445718],[146.88222229351337,-19.11173970504219],[146.8823361567615,-19.11167125506083],[146.88243486373207,-19.111577553420144],[146.88251082739993,-19.111458595301904],[146.88263986688582,-19.111386548826555],[146.88276130335495,-19.11135055729039],[146.88285990577333,-19.111404718902197],[146.88295847527309,-19.111505758273786],[146.88301536007873,-19.111531036340168],[146.88310262272134,-19.111527485783114],[146.88314427210378,-19.11165373985085],[146.8831821109406,-19.111790800413544],[146.88318959919292,-19.11193145673601],[146.8832312512785,-19.11205409575646],[146.88327671527048,-19.112137071326494],[146.8833488117399,-19.11212269307685],[146.8834511956939,-19.11219488670144],[146.88352327449866,-19.112205750281255],[146.8835649704035,-19.112252654488405],[146.8835876356183,-19.112389714400926],[146.88364825826724,-19.112508759331348],[146.88363681209302,-19.11260251679215],[146.8836898836695,-19.11265664917103],[146.88376188456667,-19.11277930723678],[146.88372765453394,-19.112905513230967],[146.88372374755684,-19.113067789201658],[146.88371226608373,-19.113212039489255],[146.8837653076392,-19.113309443663745],[146.88371592600132,-19.11340317716402],[146.88373479794154,-19.113540234646383],[146.88373092372225,-19.113655632803308],[146.8836625545893,-19.113763778236777],[146.88363215568225,-19.113835887787076],[146.8836131020984,-19.113958488313553],[146.88356748150923,-19.11408468705787],[146.88356739062695,-19.114214511541707],[146.88353698149515,-19.11430104501033],[146.88343831901201,-19.114329830450075],[146.88333202129084,-19.114427133770977],[146.88315367912372,-19.11446308954794],[146.88295256784127,-19.11450983959527],[146.88274387692067,-19.114545775673594],[146.8825351993308,-19.114549248612168],[146.88238724557038,-19.114541942165495],[146.88222413867334,-19.11449134503636],[146.88209140528718,-19.114419131305354],[146.8819890052065,-19.114368581881266],[146.88188278345075,-19.114357695793657],[146.88175752539652,-19.114429735094202],[146.88165502790363,-19.114516221924177],[146.88154873416187,-19.11460631223873],[146.88137794257108,-19.11469275495152],[146.88121473459043,-19.11479723232684],[146.8810439606853,-19.11485843283788],[146.88088837389347,-19.11490161308944],[146.88074038628534,-19.11494118310941],[146.8805619989975,-19.11503843809359],[146.88042156551293,-19.115110475664498],[146.88035699413356,-19.115222228292755],[146.8803693464115,-19.115272711080102],[146.8803834714387,-19.11533043410194],[146.8804403027078,-19.115431447654256],[146.8804629700871,-19.115575719866218],[146.88045527142447,-19.11573079030971],[146.88038689930772,-19.115838934486142],[146.88030718781852,-19.115889366461413],[146.8802864146182,-19.115887554477947],[146.8802237242298,-19.115882100197116],[146.88007959940256,-19.115824310590344],[146.87995061615013,-19.11579897557634],[146.87984060783697,-19.115777267882923],[146.8797609118558,-19.115806063720395],[146.87972672771073,-19.115863746186605],[146.87970391392065,-19.115935860018062],[146.8797493511233,-19.116054896254393],[146.87985550347116,-19.116163154164692],[146.87998440631233,-19.116300283766634],[146.8801702240042,-19.11642301736265],[146.88028597845076,-19.11649346813849],[146.88040155241862,-19.116563819311068],[146.88058732151066,-19.116755075204544],[146.88075789841983,-19.116971562960543],[146.8809891713154,-19.11719170483476],[146.8811029176237,-19.1172927549604],[146.88123942767956,-19.117404637659362],[146.88136454491672,-19.11752011889798],[146.8814706761121,-19.11766083875466],[146.88148335365335,-19.117682564164472],[146.88154646602152,-19.117790712032242],[146.88161851374153,-19.117848463179225],[146.88170198351193,-19.117848516849268],[146.88174747139104,-19.117899029865512],[146.8817018911539,-19.11797834127138],[146.88178527894397,-19.1180938044308],[146.88182312578118,-19.118220047230533],[146.88182298994244,-19.11841118239204],[146.8818191065747,-19.118537398388074],[146.8818531496147,-19.118678071708157],[146.88182648629598,-19.118829524002404],[146.88185675110574,-19.118948549949067],[146.88185285493117,-19.119092804888385],[146.88189448986222,-19.119240685997262],[146.8820120164414,-19.119363382915495],[146.88212198651252,-19.119442785034884],[146.88220540854044,-19.119511361183235],[146.88232298148452,-19.119569141182158],[146.88245196617555,-19.119583647550286],[146.88256954621846,-19.11964503338038],[146.88267949383746,-19.119756898045008],[146.88267940732158,-19.119879510480278],[146.88277037904857,-19.120002189979616],[146.88286514969712,-19.120117650845877],[146.88299409425466,-19.120189861588283],[146.88313059528477,-19.120319772779624],[146.88326709208366,-19.12044247189875],[146.88338841423567,-19.12056517033833],[146.88346424487057,-19.12064095306947],[146.88343757511473,-19.120803214479484],[146.88355136578778,-19.12084656736165],[146.88355129253782,-19.12095114987648],[146.8834715593148,-19.121030440079224],[146.8833955742157,-19.121174640323765],[146.88341070045425,-19.12125759656448],[146.88333476580567,-19.1213296771442],[146.88326266027474,-19.121351267316324],[146.88325883615533,-19.12139454572819],[146.8832815453626,-19.12147029482118],[146.88324359032427,-19.121495512626336],[146.88316395553656,-19.12143415132797],[146.88310331480648,-19.121336742228408],[146.883152708679,-19.121243008993552],[146.8830351723163,-19.12113113980028],[146.88282270036655,-19.12112379266157],[146.88269753107448,-19.121076826093844],[146.88259136101638,-19.120986599762716],[146.88248518597604,-19.120903585333743],[146.8824207546709,-19.120802567602265],[146.88231457216958,-19.12073038005746],[146.88214007298475,-19.120686987540427],[146.8819693266389,-19.120701302038775],[146.88182135718134,-19.120708419040177],[146.88166582927389,-19.120661441310368],[146.88152930265156,-19.12058201279397],[146.88141552040955,-19.12052784071847],[146.8813055010522,-19.1205169518393],[146.88120302611816,-19.120552954587623],[146.8811233092227,-19.12062141679466],[146.8810852877931,-19.120725983823462],[146.88104725519034,-19.12085938966491],[146.88100921559865,-19.12098918950849],[146.8809560544571,-19.121057677845503],[146.8809029328492,-19.121057643473154],[146.88085745212825,-19.1209963032799],[146.88073987092648,-19.120949349333227],[146.8806601777911,-19.120970933568156],[146.8805406317502,-19.120945912358902],[146.88050463960562,-19.12093837878501],[146.88037568258855,-19.12088419621468],[146.88028082754957,-19.120887740512504],[146.88017836427488,-19.120920136710993],[146.88005317597947,-19.12088759226835],[146.879859742525,-19.12079730746736],[146.8796852664736,-19.12073589176205],[146.87956767106556,-19.1206961399872],[146.87941592350006,-19.12068161668202],[146.87928693919983,-19.120652684252203],[146.87918075293118,-19.12058769783141],[146.87915046353808,-19.12050473129026],[146.87910498099433,-19.12044699664613],[146.8790291130838,-19.120425310889544],[146.87890766393082,-19.1204685118506],[146.87877861314394,-19.12054416157281],[146.87862300363636,-19.120623390633508],[146.87844076519394,-19.120789163642637],[146.87831541105504,-19.12098382195427],[146.87823173105826,-19.121268666366007],[146.87804558667787,-19.121585905733344],[146.87787085086305,-19.12187790155444],[146.87768089809427,-19.122213167909777],[146.8775554968277,-19.12246913637023],[146.87748322150006,-19.122732352081023],[146.87746028994135,-19.122948713817117],[146.87748022056203,-19.123243450602107],[146.87745608411572,-19.12334001881398],[146.87750753000105,-19.123447355886217],[146.87761483376408,-19.12359748674739],[146.87773126691644,-19.123655368315614],[146.87794229808767,-19.123699530325553],[146.87808964000843,-19.1236054838626],[146.87815799040857,-19.123533400459014],[146.87825667774564,-19.123479376051595],[146.87838951427713,-19.1234181531621],[146.87852994776654,-19.123356935191158],[146.8786892983958,-19.123353434336465],[146.87882203639222,-19.123440074409675],[146.87893957414624,-19.123548349316767],[146.87909502626033,-19.12368909386616],[146.8792543159809,-19.12378296303586],[146.879390879797,-19.123826333424436],[146.87954265113967,-19.12381199988105],[146.8797209806176,-19.12380851055891],[146.87988409846815,-19.12385550392044],[146.88002441816042,-19.123938542093708],[146.88016851529574,-19.124057642440047],[146.88025949522944,-19.124169496149086],[146.8803125096469,-19.124306576030808],[146.88030103737142,-19.124432786971205],[146.8802554208604,-19.12455898472822],[146.88019462475944,-19.1246779515873],[146.88011867675047,-19.124764454717194],[146.88000478798062,-19.124854539055743],[146.87997056298204,-19.1249663111998],[146.88005398517274,-19.12502407034667],[146.88016020752215,-19.12505659339916],[146.88026644378266,-19.12505666256504],[146.8803613141784,-19.125035088389495],[146.88043723711525,-19.124970221035674],[146.88046388110033,-19.124862049859907],[146.880517072182,-19.12475389592039],[146.88064992877696,-19.124678247494185],[146.88075999740903,-19.124624220094997],[146.88085485198707,-19.124624281543287],[146.88101798386904,-19.124653244000665],[146.88115835895042,-19.124660546687494],[146.88130630026214,-19.12471112593076],[146.88144665996882,-19.12474007331667],[146.88164017077725,-19.124729370919393],[146.88185640593528,-19.1247727907151],[146.88198157447002,-19.12483778775704],[146.88200805176805,-19.12494959921373],[146.88200038478485,-19.125061388770348],[146.88206869571803,-19.1250434026595],[146.88220149888738,-19.125029063807496],[146.88233012812017,-19.125081554860763],[146.88236081208075,-19.125094073411656],[146.882485948597,-19.125191532963488],[146.88263764199402,-19.12528900033453],[146.8826831187771,-19.125371975955783],[146.8827361959757,-19.125436917463485],[146.88273230359079,-19.125563142416837],[146.88277777795233,-19.125649723992897],[146.88287638375263,-19.125711088479516],[146.8829749388363,-19.125844590587914],[146.8830886998571,-19.125934821489555],[146.88318351717595,-19.12598897144046],[146.8832973214512,-19.126017900554068],[146.8833883298702,-19.12609368387252],[146.88346410991178,-19.126245201186716],[146.88356645962673,-19.126378705377792],[146.88365742292507,-19.1265194052358],[146.88372559804586,-19.12669615949725],[146.88374069272575,-19.12681156947585],[146.88367229794164,-19.12694857160452],[146.88361150532822,-19.127078357514957],[146.88352415617808,-19.127193711704564],[146.88340263744578,-19.127330671046366],[146.8832508049413,-19.12742794527907],[146.8830648432985,-19.12748913788494],[146.8829623307717,-19.127586443218906],[146.8828902046878,-19.127633275070544],[146.8827801957885,-19.127600751180353],[146.88260949588292,-19.127539331622742],[146.88241981400145,-19.12749593871785],[146.88218458024735,-19.12748857625999],[146.8819075993332,-19.127488398669627],[146.8816837420865,-19.127488254835537],[146.88143330024786,-19.127513335462755],[146.881186652205,-19.127538418198828],[146.8809930864567,-19.12762123967849],[146.8807767236428,-19.12775093296571],[146.88050342727735,-19.1279022158676],[146.88038953655428,-19.127992300403058],[146.88039705683445,-19.128086069821858],[146.88049567614664,-19.128129414715154],[146.88063221277636,-19.128216055927954],[146.88074974473173,-19.128338744524587],[146.8808141451218,-19.128472225608196],[146.88079887126764,-19.128609252000775],[146.8807494937165,-19.12868856060178],[146.88063566734155,-19.12868848677896],[146.88056729255325,-19.12879302486351],[146.8805026986143,-19.128915595277714],[146.88046850162783,-19.128987701700016],[146.8803812427478,-19.12897322105963],[146.8803281627621,-19.128911875837183],[146.88030167039673,-19.128821700060232],[146.88022204879624,-19.128738710691014],[146.8801044987472,-19.128641254575093],[146.87999453401002,-19.12854741834985],[146.87991872482988,-19.128439180435954],[146.87988087716118,-19.128312937379782],[146.87984681393147,-19.128186687748624],[146.87972164539872,-19.128132516248442],[146.87956609548272,-19.12810717261894],[146.8794219524721,-19.128060191415415],[146.87927018869271,-19.12804566795863],[146.87911462483123,-19.128052777761603],[146.87901972629618,-19.128110420100075],[146.87894756735687,-19.12820053117581],[146.87889815589048,-19.128312293079226],[146.87891703761727,-19.128445735811848],[146.87892451767175,-19.12859360399483],[146.8789927237206,-19.12870904927277],[146.87901920385806,-19.128828082105397],[146.87898502300453,-19.12886411942285],[146.87889017126903,-19.128856845040822],[146.87876498940213,-19.128820693746324],[146.87866258149967,-19.128770142507353],[146.87853741029062,-19.128719567145282],[146.87844262196762,-19.12862574001707],[146.87824918306055,-19.12853184757573],[146.87812022991562,-19.128452421586502],[146.8779913155236,-19.128333329751634],[146.8778813415911,-19.128253916181173],[146.87778277328067,-19.128142056301357],[146.87773732207702,-19.12802662569724],[146.87766531003112,-19.127929207321074],[146.87757046686684,-19.12791110528826],[146.87745282700942,-19.127925459919005],[146.87739207974187,-19.127986721105398],[146.87734648512975,-19.128066031312592],[146.87727054207548,-19.128141715283252],[146.8771870606702,-19.128163295450754],[146.877088444872,-19.12811635184783],[146.87694806557192,-19.128098228102075],[146.87672796130553,-19.128152170444466],[146.87656855099965,-19.12821698023323],[146.87646983348685,-19.128307072507557],[146.87635589738846,-19.128454850177427],[146.87619640605203,-19.12862784801658],[146.87605586916766,-19.128833321339144],[146.8759494959097,-19.129013566694752],[146.8759128878194,-19.129115765651143],[146.87588105340438,-19.12920465551953],[146.87583913721298,-19.129449851911748],[146.87581240861027,-19.12966621974417],[146.87585030070983,-19.12974197992509],[146.87588821566027,-19.129774459324132],[146.87598307316057,-19.129774523300544],[146.87611589674066,-19.129738553007574],[146.8761690238006,-19.129734982799867],[146.87632838472422,-19.129738695988408],[146.87643841251887,-19.1297459818872],[146.87654840281942,-19.12980375140621],[146.87663943696575,-19.1298434872888],[146.8766507625132,-19.129919229487303],[146.87649891152762,-19.130020104056392],[146.8764153271639,-19.130178720043066],[146.8763469115382,-19.130333749244127],[146.87632783719613,-19.130474387680813],[146.8763580867168,-19.130611444257593],[146.8764377018994,-19.130701656268638],[146.87647556356455,-19.130806264126086],[146.8764223652102,-19.130918031815348],[146.87634641238245,-19.131004524265073],[146.87633110238875,-19.13118483098887],[146.87636139228513,-19.13126779790099],[146.87631198352068,-19.131372356141433],[146.8763460581233,-19.13148056745032],[146.87643699391242,-19.131653733611575],[146.87646341490614,-19.131837674341853],[146.8764291726539,-19.131967475604633],[146.87636074019443,-19.13214414063642],[146.876292337128,-19.132281130858967],[146.87616703767824,-19.1324000619018],[146.87601523525774,-19.132432413439986],[146.87585961596906,-19.13250804305272],[146.8757039735425,-19.132601702407687],[146.87557487134944,-19.132731439366562],[146.87545334881878,-19.132872008336456],[146.87532425835838,-19.13297289729769],[146.87518384131806,-19.13301247685514],[146.87505101083383,-19.133041234487674],[146.87494850919524,-19.13311329341976],[146.87491430622174,-19.13318899569681],[146.8749169155906,-19.13320898850655],[146.87492562305675,-19.133275555898813],[146.87502797560353,-19.133401852772987],[146.87508101437797,-19.133517289130857],[146.87506193720924,-19.13364710944551],[146.87500495926588,-19.13373722017254],[146.8749138283513,-19.13382371071557],[146.8747430434458,-19.133870481227426],[146.87460262551667,-19.133910051294635],[146.87444315434456,-19.13404698771501],[146.87425710839335,-19.134205541690683],[146.8741431689898,-19.134349711885708],[146.87408230476487,-19.13454801704951],[146.8740517666191,-19.134793229699568],[146.8741350700059,-19.1350240963772],[146.87416904973517,-19.135244102302575],[146.8741764520819,-19.13548934091069],[146.87421424512524,-19.13568410758874],[146.87432408577016,-19.1359438401249],[146.8743542664101,-19.136171055353206],[146.87433891827555,-19.13639824850346],[146.87431975965828,-19.13664706586353],[146.8742588893186,-19.136852592019196],[146.87415253898712,-19.136993161382293],[146.87395892862924,-19.137115650048532],[146.87378426104235,-19.137274202234458],[146.87373482272488,-19.137425637366064],[146.87372326917924,-19.13763840009317],[146.87372423497692,-19.137643823276672],[146.87376483562346,-19.137872844181654],[146.873844365197,-19.1380784574605],[146.87392387032497,-19.138316533503865],[146.87402992631365,-19.138565445626025],[146.87412463030887,-19.13877467514217],[146.87424210478042,-19.138976708229823],[146.8743444220968,-19.139153489053747],[146.874496113809,-19.139276204857328],[146.87462123181032,-19.139406123405333],[146.87473494310262,-19.13956848787478],[146.87476895442788,-19.139748827882993],[146.8747308823956,-19.139921897797368],[146.8746814386943,-19.140080545086917],[146.87458645548688,-19.140239161303228],[146.87455595651036,-19.1404194573236],[146.87450273468127,-19.140556457090124],[146.87445710794088,-19.140671835213233],[146.87437728722756,-19.14084849153515],[146.87434300324085,-19.14102878492038],[146.87429739396237,-19.1411333360471],[146.87419863887555,-19.141248668728274],[146.8740088259691,-19.141360333002783],[146.87387593785394,-19.14146843016336],[146.87378855242005,-19.1416126272499],[146.87372014328315,-19.141749625378075],[146.87362520485377,-19.1418469304895],[146.87352270264304,-19.141911767540982],[146.87341641439377,-19.141965793042527],[146.8733025459382,-19.142008986298123],[146.8732417604296,-19.142099102791324],[146.87320374958108,-19.142189234971752],[146.87321506886065,-19.1422721892206],[146.8731466684861,-19.14240918712786],[146.87311245323622,-19.142484898008604],[146.87299861192466,-19.14249203135007],[146.87289234246242,-19.142520805700098],[146.87288846543692,-19.142628991275892],[146.8729415181902,-19.142715580360985],[146.87292246156267,-19.142827361417616],[146.8728275551881,-19.142881394436497],[146.8727687274497,-19.142897792997456],[146.87269851460303,-19.14291736486623],[146.87261502950125,-19.142920913012034],[146.8725128316322,-19.142897615722838],[146.87244050685925,-19.14288112629054],[146.87229256998074,-19.14281971299316],[146.87222054527373,-19.14272229261653],[146.8720801791959,-19.1426717113692],[146.8719397698766,-19.14268964348738],[146.87184104678485,-19.14277252112809],[146.87172716622908,-19.142830137285774],[146.87155262437525,-19.142815591525256],[146.87140463369118,-19.142811882094243],[146.87120728462892,-19.142851418694104],[146.87110633660006,-19.142896634999037],[146.871070635688,-19.142912624464806],[146.870994643733,-19.14303879830659],[146.8709414254257,-19.143154161145358],[146.87094133573362,-19.143269561271744],[146.87100951526403,-19.143431896002443],[146.87109289426778,-19.14356538453975],[146.87118383949235,-19.143727735164003],[146.8712937533059,-19.143893704995836],[146.87145305508554,-19.14399118677266],[146.87165789357906,-19.14408148826174],[146.8718210317576,-19.14412488279969],[146.87202584560495,-19.144247637621085],[146.87221550494732,-19.144341533895112],[146.8723633877098,-19.14447506667701],[146.87245812893187,-19.14463741929934],[146.87263632319318,-19.144839495413336],[146.87278043026234,-19.144962216358962],[146.8729207558529,-19.145056077755537],[146.87301175057067,-19.145157116919037],[146.87312927775497,-19.145294234080215],[146.87323923033793,-19.145413325115143],[146.87336818049292,-19.145510784296995],[146.87347432262783,-19.145651499364515],[146.87364122418143,-19.14573816655408],[146.87377391024714,-19.145900544565723],[146.87375865083246,-19.146008722306107],[146.87370543895457,-19.146116883009412],[146.87357637956137,-19.146174489853813],[146.87340558981273,-19.14621044107372],[146.87326895266216,-19.146253618591565],[146.87312853919127,-19.146260733675515],[146.8729501606731,-19.146296670195447],[146.87277180263496,-19.146318191703543],[146.87257066372808,-19.14634690015428],[146.8723922739064,-19.14639726905074],[146.87224046073402,-19.14642601137542],[146.87213797181232,-19.146469211780598],[146.87203545781588,-19.14654487489906],[146.8719329325995,-19.14663496184052],[146.8718531758929,-19.14672145862587],[146.8717848410162,-19.146757479732248],[146.87172027371227,-19.146840372042963],[146.87159125376974,-19.146833070011738],[146.8714773731187,-19.146887089039865],[146.87136345327673,-19.146991591578285],[146.87129127634398,-19.1470889113346],[146.87129876991145,-19.147211537704433],[146.87133284442598,-19.147319749756065],[146.8713972305319,-19.147471254673434],[146.8714351022743,-19.147575872426128],[146.87150334989553,-19.1476408276432],[146.8716589195946,-19.147662581203793],[146.87172340202446,-19.147702291907372],[146.871708196843,-19.14773834101319],[146.87158672022517,-19.147788748826965],[146.87144626183823,-19.14786438508685],[146.87134377182235,-19.147907585036062],[146.87124510964924,-19.147907515948955],[146.87113503087966,-19.147950719502536],[146.87105534315344,-19.147947057643933],[146.87094154007298,-19.1479000911022],[146.87080115037875,-19.1478747506712],[146.87067975594897,-19.147831384603016],[146.87061903151664,-19.147838553811724],[146.8705392932318,-19.147899808220874],[146.87044439725034,-19.14793581011012],[146.8703571124329,-19.14794296050857],[146.87027359200107,-19.148000597124188],[146.87018249024115,-19.14803660155513],[146.87008765338052,-19.14799685982387],[146.86999659394905,-19.147978765582234],[146.86985998736375,-19.14796785099478],[146.86974991386467,-19.14800383273969],[146.86971199032374,-19.147978564061056],[146.8697082412793,-19.147920856822],[146.86976176705176,-19.147877261597767],[146.86976779446903,-19.147843031732723],[146.86975822647037,-19.147796246735656],[146.8697726648436,-19.147756320153018],[146.86973188278293,-19.147714067947444],[146.8696910760025,-19.14769121927669],[146.86959982910818,-19.14768202666604],[146.86955060745237,-19.147681991739066],[146.86948099292206,-19.147651133403958],[146.8694462046895,-19.14760546920752],[146.8693912881261,-19.147567499709602],[146.8693739189092,-19.14754930387056],[146.86934708632148,-19.14759321619774],[146.86931642594087,-19.147643379764997],[146.86929951478535,-19.147671465398673],[146.869267808312,-19.147709563120625],[146.86919385391153,-19.14777974109321],[146.86910089609785,-19.147853918162465],[146.86904173373676,-19.147906049636198],[146.8690248256738,-19.147930122585688],[146.86899943982183,-19.147984275403225],[146.86896887785642,-19.148054104627985],[146.86895291092662,-19.1480905957968],[146.86891695825145,-19.148158794414353],[146.8688957945971,-19.14822499724393],[146.86887249600878,-19.14832130253308],[146.8688512800014,-19.148441685262323],[146.86884064028047,-19.148548022188773],[146.86882577349792,-19.148660384123442],[146.8688193576182,-19.148764717730696],[146.86882983088114,-19.148869072428205],[146.86885085988737,-19.148973434656543],[146.86888246368227,-19.149065757409996],[146.86890119747062,-19.149126313128217],[146.86895234537707,-19.149084044968046],[146.86897831234995,-19.149077014214583],[146.86901354568906,-19.149077039328244],[146.869045060746,-19.149077061785864],[146.86907658253273,-19.14908060887616],[146.8691210891938,-19.149078878258116],[146.86918041449027,-19.1490859697607],[146.86923231093098,-19.14911949070849],[146.8692823421152,-19.149154763594105],[146.86932314695687,-19.149144218711132],[146.86938063730597,-19.14912664544895],[146.86941214802548,-19.14914428196962],[146.86946777825125,-19.14914608380417],[146.86951228649244,-19.149130263596827],[146.86954939638977,-19.149102092873463],[146.86959947885322,-19.149072169030227],[146.8696013650806,-19.14903163708483],[146.86962362323982,-19.149024612646098],[146.86965513811757,-19.149036962178215],[146.86970521897865,-19.149021145875707],[146.86975530415526,-19.148987697357995],[146.86980723523772,-19.148977160251217],[146.86983686687174,-19.14901418988961],[146.86984981717956,-19.14905296099047],[146.86987761363002,-19.149077653105707],[146.86992579591296,-19.149118220495556],[146.86996842074066,-19.149139389419922],[146.86999622550454,-19.149153507622938],[146.8700259025992,-19.149144717028946],[146.87005000288113,-19.149141209437218],[146.87009262482067,-19.149178248218476],[146.87011110664767,-19.1492575564938],[146.87015004053188,-19.149268157905027],[146.87017596351646,-19.149305184868023],[146.87021115970825,-19.149352783238463],[146.8702519507659,-19.149359861306305],[146.8702834438432,-19.149388080602858],[146.87030940530096,-19.149388098924245],[146.87033538052503,-19.14937049408509],[146.87036690790163,-19.149366991691707],[146.87044660550993,-19.149407581170877],[146.87042802996933,-19.149448101359127],[146.8704391398131,-19.149469247953522],[146.87046880456435,-19.149476318129622],[146.87051884573637,-19.149499263507252],[146.87055404068633,-19.14954863316503],[146.87057808320367,-19.14963146994123],[146.87061699808058,-19.1496544074567],[146.87069301171985,-19.14967559971497],[146.8707412013345,-19.149695019096068],[146.87077455160212,-19.149732051197443],[146.8708097727382,-19.14974793680845],[146.8708356904664,-19.149792003902824],[146.8708659581779,-19.149830895550345],[146.8708727413384,-19.14983961248653],[146.87088939936473,-19.14988015747135],[146.87092831015616,-19.14992070904632],[146.87097837892298,-19.1499084079863],[146.87102288715863,-19.14990491459342],[146.871072954545,-19.149894375823212],[146.87109517581376,-19.14993492469198],[146.87112111956958,-19.149957853002455],[146.87114893961768,-19.149952585559255],[146.87119529821848,-19.149942044155548],[146.8712286664107,-19.14995616607112],[146.87126575160224,-19.149959716684688],[146.87130278903334,-19.150012603084498],[146.8713417272701,-19.150017917297006],[146.87138436342815,-19.150024996405744],[146.87141035911125,-19.14998096571864],[146.8714363506926,-19.14994221293701],[146.8714679027195,-19.149906988673546],[146.8715161225041,-19.149887636907195],[146.87156616254725,-19.149924680532223],[146.87161805567774,-19.149951151538342],[146.8716774072565,-19.149937094455296],[146.87179415256378,-19.1500305696754],[146.8718404716861,-19.150071135263225],[146.8718756821216,-19.150101110158122],[146.8718812004263,-19.150159270452903],[146.87190529128745,-19.15018043504456],[146.8719405425403,-19.150157549495045],[146.87198689435368,-19.150155819470218],[146.8720202096706,-19.15023866251511],[146.87199227680216,-19.150390193249166],[146.87203119205944,-19.150425457643816],[146.87204598243972,-19.150483624387935],[146.87203849826474,-19.15056996364965],[146.87203286576843,-19.15065982883257],[146.87208106805085,-19.150663387022814],[146.8721385260724,-19.15070043565381],[146.87213849213964,-19.150744484505196],[146.87209025451858,-19.150774410318657],[146.87203461012552,-19.1508025686456],[146.87201046344777,-19.15085364997087],[146.87200669212106,-19.15093471390153],[146.87198068149246,-19.15099813013892],[146.8720010364966,-19.1510545294055],[146.87202695609398,-19.151109179265635],[146.87207142116324,-19.151149743501225],[146.87207320494733,-19.15124137615855],[146.87209354099875,-19.151322447829894],[146.87210090840472,-19.151387649625885],[146.87213056406674,-19.151407055742673],[146.87215648919098,-19.15145465632136],[146.8721564634063,-19.1514881312767],[146.87226765631422,-19.15156927514765],[146.87228802638435,-19.151593952696178],[146.87232882621748,-19.15159045641265],[146.87235847923185,-19.151613387123398],[146.87239369818445,-19.1516204608472],[146.8724326246437,-19.151641635668632],[146.8724919713449,-19.151634627589836],[146.87249933756675,-19.151701591684017],[146.8725308314704,-19.151729810593082],[146.87251410382189,-19.151779143846593],[146.87252892156673,-19.15180205519998],[146.87257343703857,-19.151789758895678],[146.87261052537536,-19.151789784608958],[146.8726049161393,-19.15184969043779],[146.87264009864626,-19.151904337591954],[146.8726549123561,-19.151932544918655],[146.87269382405228,-19.15197310515356],[146.87273461446088,-19.151969608774014],[146.87276982545256,-19.15199959253221],[146.87276052093753,-19.152041872643434],[146.87276417573494,-19.152112367824945],[146.87275483202845,-19.152205755079592],[146.87277704321474,-19.152260393223937],[146.8727844055253,-19.152332644248826],[146.87280105210985,-19.152389049891102],[146.87285108638306,-19.152422568525065],[146.87291591970586,-19.152516007093812],[146.87288621516848,-19.152560035416325],[146.8728954481547,-19.1526111489721],[146.87282867401998,-19.152642824465275],[146.87276562487392,-19.15264101850599],[146.8727619065703,-19.152653343107108],[146.8728082375191,-19.152692146136417],[146.87280449084653,-19.15274148839546],[146.87281930196409,-19.15277321129982],[146.87278773616518,-19.152826058934842],[146.8728655950992,-19.15284902292709],[146.8728896689348,-19.152893088446532],[146.8728488080395,-19.15297587999791],[146.87275419702348,-19.153033970939894],[146.8726614539019,-19.15307443092854],[146.87260947034702,-19.15316427301811],[146.87255008792144,-19.15321709228592],[146.87256860924472,-19.153247064503546],[146.8726371948256,-19.153271784477393],[146.8726612537863,-19.153335235490747],[146.87264268780623,-19.153363419680566],[146.87258152127643,-19.15333694253734],[146.87252776434528,-19.153308708197912],[146.87248327827683,-19.15329457880459],[146.87242213615048,-19.153224052762003],[146.87237210578994,-19.15318524706796],[146.87235544571163,-19.15314647358068],[146.87230908626807,-19.153144679056282],[146.87223120692227,-19.153148149555115],[146.87217370595658,-19.15316573272588],[146.87215142155807,-19.15321857766646],[146.87217548166734,-19.153267939253013],[146.87218097439285,-19.153359574468546],[146.87221431486552,-19.153410695782927],[146.8721994522432,-19.153445931766516],[146.8722197709793,-19.153549913501692],[146.8721956225891,-19.153602766186573],[146.87209361633484,-19.15363088322939],[146.87204350032397,-19.153703103291658],[146.87197854605213,-19.153766492385234],[146.87193768447597,-19.1538616199335],[146.8718652769598,-19.15397082400348],[146.87183739501964,-19.154055386682213],[146.8718021183958,-19.154122330076127],[146.87174454895248,-19.154228019814287],[146.8716610226239,-19.154338978352623],[146.87160905862257,-19.15439004017133],[146.87154968494252,-19.15444286814858],[146.87147180087862,-19.15445162526582],[146.87141987637662,-19.154451588938542],[146.87133457862203,-19.15445504482487],[146.8712622797494,-19.154435617749694],[146.8711788241934,-19.154442608523404],[146.87108423914734,-19.154465443255255],[146.87098599312165,-19.154426612392555],[146.87091555012694,-19.15440541513096],[146.87085437398343,-19.154378937408502],[146.87078208206972,-19.154350689533405],[146.8707561610045,-19.154297810868666],[146.8707005509039,-19.1542801485886],[146.87062638960987,-19.154258948599843],[146.87054853032453,-19.154235992697792],[146.87049480095902,-19.154172511471124],[146.87046332757052,-19.154117866535643],[146.87040767915818,-19.154137203733416],[146.87036319579826,-19.154119558235813],[146.87037374318933,-19.15405761349961],[146.87026498334808,-19.154026095223205],[146.87017231903044,-19.153964348724177],[146.87011301952688,-19.15392202027652],[146.87004998097063,-19.15390611486466],[146.86995730713346,-19.153856704460893],[146.86991654659758,-19.153821429294524],[146.86986093275834,-19.153796726532466],[146.86983685269578,-19.153761463161057],[146.86977381129105,-19.153761418494728],[146.86973860323926,-19.153727909539548],[146.86975345810248,-19.15370325668572],[146.86977573348517,-19.15367507542041],[146.86975351757755,-19.153627477148195],[146.86969606166824,-19.15359924839888],[146.86965345529927,-19.153541061759167],[146.86958859554235,-19.153495204565928],[146.86954783674616,-19.1534458307918],[146.8695126412779,-19.15339646095912],[146.86942554366047,-19.153331202441215],[146.86937430629996,-19.153292286627],[146.86922830130982,-19.153315391124746],[146.86907746560374,-19.152843787403494],[146.8690296829322,-19.15274162036774],[146.86899027523927,-19.15271589861444],[146.8689476442944,-19.15268943347758],[146.86889205302649,-19.152648860557],[146.86885870676983,-19.15260655021738],[146.86883836101262,-19.15253956769006],[146.8688254357471,-19.152469074862655],[146.86877356875095,-19.152409128125814],[146.86871983786668,-19.15234917100511],[146.8686715710024,-19.152318544519282],[146.86864200066714,-19.15229977957225],[146.86857902122279,-19.15222219263876],[146.86849935510273,-19.1521287419367],[146.86844564229227,-19.15205821988921],[146.86841231862368,-19.151987712426443],[146.86836971311678,-19.151929525484025],[146.86831968549032,-19.151888965411572],[146.86830303908206,-19.151834321684618],[146.86826597591994,-19.15180257343062],[146.86827713458217,-19.151762057196798],[146.8682975597311,-19.151728587830164],[146.86829202445372,-19.151693337541158],[146.86825126088124,-19.15165102177264],[146.8682086510327,-19.15161045794954],[146.8681493517615,-19.151557554967866],[146.868082638789,-19.151511686872308],[146.8680400251051,-19.15146408278015],[146.86802337853123,-19.151421775238944],[146.8680382225359,-19.151398875788644],[146.86804570182545,-19.151321348285915],[146.86807911204454,-19.151282601316503],[146.8680402030372,-19.15124028683139],[146.8680439356767,-19.151210330136525],[146.86808102667877,-19.15120683213282],[146.8681181274815,-19.151190997915332],[146.86810705563207,-19.151122268675476],[146.86808299593747,-19.151062332655666],[146.86801999759547,-19.151009426975047],[146.8679922095114,-19.150974160692456],[146.86792176587122,-19.15094415070333],[146.86785690339772,-19.15090357984053],[146.8678105727077,-19.150866537880393],[146.86779020059478,-19.150845375431032],[146.86780875478712,-19.150820725388083],[146.86783472909602,-19.15080488322325],[146.86788668611538,-19.1507626249909],[146.8679534632196,-19.150727435695046],[146.86797946833858,-19.150672822573483],[146.86797209697536,-19.150614669878106],[146.86797030285086,-19.150538888988358],[146.86797406351488,-19.15047369502397],[146.86796670758238,-19.150396156858623],[146.8679352262345,-19.150341502432553],[146.86790745619683,-19.150295671287687],[146.8678648358659,-19.150256869690022],[146.86775917830926,-19.150214498102265],[146.86766278576636,-19.150180953744872],[146.86753671586803,-19.150156190493565],[146.86750496599566,-19.150152245323376],[146.86734247972197,-19.150132028666818],[146.86723242327164,-19.15013233780724],[146.86711977440473,-19.150127972609724],[146.86691872605527,-19.150167266872753],[146.86689874937647,-19.150151310221656],[146.86663238790777,-19.15021444302168],[146.86652145007662,-19.150222749301125],[146.86644170353446,-19.15024369456043],[146.86636495946706,-19.150279662325296],[146.866269731047,-19.150300560101442],[146.86615346989245,-19.150329711841483],[146.8660428267192,-19.15034985719604],[146.8659420895351,-19.150385671730472],[146.86576098629087,-19.150455625497248],[146.86572460600306,-19.150462386097246],[146.86563021411462,-19.15051870218828],[146.86552343728178,-19.15056719171446],[146.86543250000534,-19.15062018442352],[146.865367688831,-19.15064624634753],[146.86526072676682,-19.150746999553654],[146.86521667782085,-19.150781734587188],[146.86515076982397,-19.150846729258628],[146.86506880349208,-19.15089542650826],[146.86499057108554,-19.150959960195873],[146.8649167246062,-19.15103375149187],[146.86486879171966,-19.151061470471202],[146.86478893689005,-19.151097860046846],[146.86463997203913,-19.151207041092086],[146.86451805794582,-19.15131001510878],[146.86441866196574,-19.151390890851353],[146.86426820019335,-19.151492569345105],[146.86410195615827,-19.15164715974486],[146.86398583800914,-19.15173228858957],[146.86387850158198,-19.15180062312016],[146.86376096499913,-19.151898855169076],[146.8636127485176,-19.151986734492258],[146.8635068804766,-19.152084667759183],[146.86342868410628,-19.152127104065862],[146.86333083364943,-19.152200759380218],[146.86321994836678,-19.152316592066448],[146.8630774295877,-19.15240210736183],[146.86297768142927,-19.15249323962645],[146.8628433906423,-19.15255304913902],[146.86268983032082,-19.152661764228803],[146.8626144952358,-19.15272803425089],[146.86250778055725,-19.152847954571158],[146.8620811733055,-19.153160513667377],[146.86198079557957,-19.153241305988058],[146.86195470192317,-19.153262307647655],[146.86187905613087,-19.15332414874504],[146.86177319570152,-19.153581954630937],[146.86083502221456,-19.15417099853706],[146.86065212412086,-19.154468302576475],[146.860445379719,-19.154804377317305],[146.85994696597723,-19.155631590234698],[146.85985414677367,-19.15630848331862],[146.8596108424325,-19.156643553089538],[146.85957804188521,-19.156688715578785],[146.85934023019607,-19.157016206697747],[146.8591324774747,-19.157334466131],[146.8589097978604,-19.157456880048514],[146.85889574058655,-19.157536643353485],[146.8588945460758,-19.157543393455985],[146.858631376422,-19.157682603771672],[146.85862348987067,-19.157708002142865],[146.85855529534396,-19.157927705736547],[146.85861835031258,-19.158136864163033],[146.85873496808,-19.158333492582386],[146.85868268622608,-19.158394310960247],[146.85851540686622,-19.158588922452658],[146.85817305523457,-19.158948098267853],[146.85816767001495,-19.15896205706074],[146.85816191285215,-19.1589772356299],[146.8581512278091,-19.158994254045663],[146.85813944775728,-19.159012826066647],[146.85812255762053,-19.15903500010624],[146.85810778043776,-19.15905520559941],[146.85811201103255,-19.159079158263655],[146.85811382965173,-19.1590988704736],[146.8581160680515,-19.159117028556285],[146.85811901034901,-19.159135024507385],[146.85812954568442,-19.1591596327407],[146.85813608683466,-19.159184102326428],[146.85814721760678,-19.15920193288738],[146.85815392063645,-19.159226167622162],[146.85815534049428,-19.159256227470223],[146.85815229306206,-19.159272203431442],[146.85814656820412,-19.15928295364555],[146.85813586128288,-19.159303288808278],[146.85812189416515,-19.159321488600636],[146.8581077562849,-19.159339191197066],[146.85809051733858,-19.15935773188512],[146.8580756369249,-19.15937628343111],[146.85805834525456,-19.15940086113058],[146.85804435879024,-19.15941942240212],[146.8580181359297,-19.15944521325963],[146.8580207546334,-19.159463489124285],[146.85801805634148,-19.15948264655538],[146.85801930867342,-19.159508404420368],[146.85801925573992,-19.15953691771634],[146.8580273152185,-19.159576372666127],[146.85803429230853,-19.15961374815221],[146.85803552370533,-19.159641747302455],[146.85803619251132,-19.15967148121929],[146.85802855315555,-19.159696744186835],[146.8580248115143,-19.15971264730848],[146.85801849642306,-19.159724065837363],[146.85801964112605,-19.159731125015437],[146.85802708719527,-19.159731691095573],[146.85803509185988,-19.15972407866276],[146.85804363610578,-19.15970827866469],[146.85818422010294,-19.15981605107235],[146.85816883885053,-19.159830815522547],[146.85813561713357,-19.159844590144353],[146.858097196873,-19.1598652834753],[146.85802498954502,-19.159926899634947],[146.85793669522292,-19.160016591898213],[146.85790553846988,-19.16005107300368],[146.85788579489184,-19.160084595920054],[146.85786808418914,-19.160131929717828],[146.85783637155754,-19.160193559051955],[146.85782286818323,-19.160214271605025],[146.8578104081994,-19.160227086183568],[146.85768047600172,-19.16031843609952],[146.85760160687292,-19.160373892384374],[146.8575767082114,-19.160385712216005],[146.85754452276188,-19.160388642524527],[146.85749469058806,-19.1603974787058],[146.8574417375067,-19.160419145711074],[146.8573742405996,-19.160443747636826],[146.85731609128882,-19.16045849687862],[146.85727144661678,-19.160473265632525],[146.85722264526208,-19.160499852203415],[146.85716344824323,-19.160527433841498],[146.85713539550886,-19.160535292732483],[146.85711258890078,-19.16053626008243],[146.8570804127734,-19.16052832723389],[146.85706302765627,-19.160517559074677],[146.85705081926113,-19.160536302400786],[146.8568067458026,-19.16091125919004],[146.8561022690009,-19.16199363679626],[146.8558292693933,-19.162413061173236],[146.85573340487213,-19.16243412462817],[146.85475531540553,-19.162648835030215],[146.85363590126357,-19.1623640061748],[146.8533478904849,-19.162134449802487],[146.852976219361,-19.161838346156923],[146.8507286019211,-19.160046700941873],[146.85053275793766,-19.160403749073375],[146.85040177133305,-19.16068953486147],[146.85009392209523,-19.161225813389404],[146.84997288724594,-19.16154779312165],[146.84969874801632,-19.161959697225402],[146.84962493739482,-19.16235869677488],[146.84948101110658,-19.162615623527042],[146.84934227212037,-19.162951307200643],[146.84923520500325,-19.16353533113384],[146.84914162612904,-19.16381275076132],[146.84911017562618,-19.16390598289609],[146.84893207793817,-19.164432063028016],[146.8487541054237,-19.16480920506151],[146.84858665674133,-19.165106934035524],[146.84841812181782,-19.1654374409555],[146.84808036567048,-19.166814250649725],[146.84680869756681,-19.17090483879324],[146.8467715442536,-19.170888205917823],[146.8467772183783,-19.170923294200403],[146.84673454140508,-19.17101746540816],[146.84673600478672,-19.171080602554248],[146.84672600404645,-19.171137177948236],[146.8467000001467,-19.171210260517388],[146.84655370033326,-19.17155209894981],[146.8464771448182,-19.17175945443645],[146.84659587217078,-19.171839634887398],[146.84662517355198,-19.171882849540303],[146.84658824205846,-19.172057965277958],[146.84657648242688,-19.172113725813215],[146.84650909209597,-19.172211527447867],[146.84625952457003,-19.17250781162239],[146.8461323266795,-19.17261792631019],[146.8461066908121,-19.17266285730455],[146.84612693306383,-19.17271108024716],[146.8461065893796,-19.172772120484936],[146.84602538295584,-19.172804189717525],[146.84596785895502,-19.172836278783855],[146.8459136999493,-19.1728908649704],[146.84585273319433,-19.172984008397297],[146.84580188828997,-19.173115723275664],[146.84577131487438,-19.173253889860636],[146.84573740087637,-19.173353481623263],[146.84573055477162,-19.173443462160186],[146.84577783804775,-19.173510984823164],[146.8457845351808,-19.173591333734908],[146.84577433305688,-19.17364916510062],[146.8458148331024,-19.173739185404457],[146.84578091902895,-19.173838777169358],[146.84578758275276,-19.173944828670674],[146.8457300014763,-19.174037983924507],[146.84569948521244,-19.17412471817815],[146.84560134688508,-19.174188910294518],[146.84550997387748,-19.174249890704502],[146.8453814478087,-19.174262642851904],[146.845296864071,-19.174294708907272],[146.8452359474565,-19.174333220530894],[146.84519189706586,-19.174429586286408],[146.8451748302096,-19.174596684100635],[146.8452049116752,-19.17497592248868],[146.84524882771245,-19.175033799438705],[146.84522170546285,-19.175101268536785],[146.8452114610327,-19.175204088440626],[146.84522817982497,-19.175409777690586],[146.84524206203662,-19.17554660792367],[146.84524684969543,-19.17559376053372],[146.84528850590394,-19.176004350632653],[146.84537261929242,-19.176467186035463],[146.84545004308308,-19.17686252379732],[146.84550407772687,-19.176942912538447],[146.8455986975303,-19.177032969365417],[146.84571022195303,-19.177119832045022],[146.8458285484172,-19.17717456306795],[146.84591980043558,-19.17724533994196],[146.84604487763423,-19.17731293683514],[146.84617674431058,-19.1773516103389],[146.84628492198416,-19.177396689565434],[146.84640664379427,-19.177441780061706],[146.84647763391686,-19.177485228419986],[146.84654860506257,-19.177528667697487],[146.84664324063047,-19.177602664385823],[146.84672429117913,-19.17773127224899],[146.8467783386055,-19.177798809318315],[146.8467748907821,-19.177875932346918],[146.84684923246624,-19.177946694641697],[146.84695064519175,-19.177994985177115],[146.84701148563423,-19.17804002450064],[146.84704866427666,-19.178072192784033],[146.84706888669382,-19.178142909886105],[146.84709587823832,-19.17821684093184],[146.84716688159108,-19.17823618605927],[146.847241288774,-19.178236247997187],[146.84728521525906,-19.178284490497937],[146.84735619498912,-19.17832953814241],[146.84742039148165,-19.178397074423216],[146.84743720798156,-19.178499925951396],[146.84751155022843,-19.17857068797703],[146.8475622660585,-19.17859001609687],[146.84755546505866,-19.178631781707228],[146.8475148239082,-19.178692805201937],[146.84759595841143,-19.17873143553668],[146.84766692659574,-19.178789343392744],[146.84766686160555,-19.178860043587505],[146.84768033720968,-19.178924329366783],[146.84773435884046,-19.179020786082127],[146.8477241304726,-19.179107537455085],[146.84770711881362,-19.1792167865364],[146.8477814467357,-19.179303617086358],[146.84788287302067,-19.179348698810326],[146.84795385926435,-19.179387320575795],[146.84803842742667,-19.179374530269346],[146.84810610197442,-19.1793424489887],[146.84814665178072,-19.179381045489848],[146.84817363222191,-19.179467836703232],[146.84823785597283,-19.179506452765146],[146.8483088335404,-19.179554717382835],[146.8483189145576,-19.17962864330311],[146.8483459186594,-19.179689722864893],[146.84833572879853,-19.17973470304456],[146.84834922168625,-19.179770068833747],[146.848420258884,-19.17976370186181],[146.84845062784854,-19.179837635489754],[146.84844718006138,-19.17990511554106],[146.84848092043373,-19.179995129631916],[146.84848759197865,-19.18009475533124],[146.84842326505174,-19.18016861980356],[146.84835894395601,-19.180236049568382],[146.84829461986232,-19.180306696651765],[146.84825732275914,-19.180403077700788],[146.84821328719022,-19.180483384521825],[146.84814895410932,-19.1805636655017],[146.84805080337708,-19.180627858854947],[146.8479864966925,-19.18067921984975],[146.84789171782495,-19.180769127549947],[146.84778681961978,-19.18082688951624],[146.84772924296297,-19.180913601597915],[146.847647964882,-19.181019589014138],[146.84756331963334,-19.181125564558396],[146.84749898534284,-19.181196211343472],[146.84737380460012,-19.18124753056383],[146.84727228250776,-19.181305286000192],[146.8472079753111,-19.181356655752435],[146.84712678625436,-19.181375865094388],[146.84701516267742,-19.181382197733278],[146.84692046007285,-19.181388553455896],[146.8468460217787,-19.181420619604143],[146.84675123830127,-19.18150410104788],[146.8466632447844,-19.1815683021269],[146.8465516008111,-19.18160677175305],[146.8464433095598,-19.181670946715574],[146.84632825551395,-19.181735124988204],[146.8461929097173,-19.18179286053345],[146.84608802222277,-19.181837761186934],[146.8459730336488,-19.18183123906819],[146.84593688119372,-19.18183022363786],[146.84585465599085,-19.181827922337053],[146.84578701289223,-19.181824657204896],[146.8456889448415,-19.181808506132178],[146.8456044087415,-19.18179557469766],[146.84551650099982,-19.181756937787892],[146.8454387606059,-19.18170867544329],[146.845354221063,-19.181689318241315],[146.84527980633592,-19.18169568117214],[146.8451783342864,-19.181698812943594],[146.84512426222267,-19.18165698704298],[146.8450566703066,-19.181599081070154],[146.84498568981488,-19.181554032547027],[146.84492823173647,-19.18151221276611],[146.84486063091933,-19.18146394970666],[146.84479303616064,-19.18140926097775],[146.84472544446166,-19.18135135488288],[146.8446984539595,-19.181287057473874],[146.8446613112133,-19.18121632581839],[146.844634323766,-19.181148820095704],[146.84462423224758,-19.18108775432307],[146.84456678045817,-19.181039499746426],[146.84453637637003,-19.18099448540832],[146.8445026293595,-19.18092375659564],[146.8444519554135,-19.180859439081413],[146.84439109351945,-19.180836893196645],[146.84432684299196,-19.18082719571751],[146.84426599320554,-19.1807917985017],[146.8442288542248,-19.180727492409936],[146.8441714268555,-19.180653526092225],[146.84410045910133,-19.18059562593677],[146.84404303485456,-19.1805184512748],[146.8439619210716,-19.180447682106237],[146.84392141437226,-19.180364087099885],[146.8438707226509,-19.18031905539674],[146.84378956099127,-19.18030934334407],[146.84376591425047,-19.18028040327221],[146.84377273749155,-19.1802161345029],[146.8437220220324,-19.180206448333468],[146.8436374652626,-19.18020637631707],[146.8435563067016,-19.18019345585784],[146.84351234741922,-19.180180567082797],[146.8434785611427,-19.180141975334564],[146.84343125265178,-19.18010015470163],[146.8434042563738,-19.180032648786586],[146.84333663533846,-19.18000687944211],[146.84321154241778,-19.179964992342775],[146.8431811510564,-19.17990712648863],[146.8431676775082,-19.17985248339222],[146.84311021135846,-19.17982029699086],[146.8430696748063,-19.17976883905848],[146.8430392930415,-19.179710973188367],[146.84301904134037,-19.179662749934188],[146.84295818313234,-19.179636986234463],[146.842870250104,-19.17963691097767],[146.84280263235775,-19.17960793313319],[146.84274855852422,-19.17956932387358],[146.84272156261852,-19.179501808819342],[146.8426539266412,-19.179492116893517],[146.8426066460126,-19.179421376125358],[146.84261688318912,-19.179328190376665],[146.84266429500246,-19.179260739098492],[146.84273531693364,-19.179270442958767],[146.84278265245817,-19.179283334811235],[146.84280637203761,-19.179235158227687],[146.84275570536218,-19.179164414596123],[146.84267797310073,-19.179109716399807],[146.84262058360562,-19.178997186681748],[146.8426612113691,-19.17895223291876],[146.8426206873721,-19.178887923593525],[146.8425125246653,-19.178817130586623],[146.8424347984137,-19.17874636364581],[146.842319876364,-19.17867234737868],[146.84226919477337,-19.17861767224432],[146.84221855604972,-19.178518008537893],[146.84221524988985,-19.178444097152155],[146.84228296186726,-19.178373455107547],[146.84224923742693,-19.178270588595442],[146.84226288183902,-19.178145268489732],[146.84222573810646,-19.178087387629983],[146.84211758833314,-19.178003743096852],[146.8419654494745,-19.177939337587212],[146.841793811693,-19.177885769165826],[146.8414038281965,-19.178243877326256],[146.8410631533046,-19.17836043732544],[146.84065938227468,-19.178503900738992],[146.84037542883388,-19.178653477420806],[146.84000619893382,-19.17885902981452],[146.83985976660915,-19.17896229995724],[146.8397216438718,-19.179108198004517],[146.8394369429164,-19.179291093756817],[146.83909035801105,-19.179534901671175],[146.83862390722427,-19.179790361331783],[146.83832718731557,-19.1799672258036],[146.8380761509441,-19.180114197960172],[146.8380463410729,-19.18013467770302],[146.8379501130512,-19.180213191738385],[146.83794637111527,-19.180246392138834],[146.8379316169433,-19.180267788903137],[146.83790452359585,-19.180301782054627],[146.83787203351798,-19.18034929954333],[146.83783627616296,-19.180401748603565],[146.8378114850709,-19.180444925854875],[146.83779302691588,-19.18047039523786],[146.83776364867643,-19.18050651015597],[146.83773556514262,-19.180541442303852],[146.83771380134763,-19.18056244424067],[146.8376928689172,-19.180589203784965],[146.837672361539,-19.180618982221105],[146.8376489873476,-19.180642983169058],[146.83762718735997,-19.18067177537112],[146.8376063027159,-19.180698272860408],[146.83758490875712,-19.18073007489733],[146.837557445702,-19.180772355037004],[146.83753802245232,-19.180802269978965],[146.83749971290322,-19.180818892139857],[146.83748143378173,-19.18086538282682],[146.83745777947595,-19.180883988125824],[146.83744288542846,-19.180902411393806],[146.83742932442826,-19.180929059947996],[146.83741094090428,-19.180955903053555],[146.83739410120666,-19.18097971996919],[146.83736780410217,-19.1810065650963],[146.83734257028016,-19.181035444594787],[146.83732257211872,-19.181059900365376],[146.83729990816812,-19.181086965602137],[146.83728163584135,-19.181116764048436],[146.837262396353,-19.181143488892143],[146.83724148860858,-19.181174017033193],[146.83723073519548,-19.181198887677876],[146.83722272227283,-19.181222558767658],[146.8372166000798,-19.181258007369788],[146.83721434828612,-19.181294254702674],[146.83722025709105,-19.181330789435318],[146.83722317042944,-19.181366652737466],[146.83721815301126,-19.18139095006937],[146.83720998529347,-19.181426948142533],[146.8372053720451,-19.181456153183653],[146.83719981648883,-19.181486035199637],[146.83719098013995,-19.181515218419097],[146.83717318088816,-19.181557172681938],[146.8371523306589,-19.181587176688243],[146.83714499402592,-19.181619506278498],[146.83712582527184,-19.18165159943124],[146.8370910974038,-19.18167221924805],[146.83706301327638,-19.181688064130235],[146.8370367867809,-19.181700973476868],[146.8370112862595,-19.18172039948677],[146.8369926862591,-19.18174475704814],[146.83696969271577,-19.18176830636912],[146.8369421794206,-19.18180331119473],[146.83691261689654,-19.18183295497008],[146.83688632538784,-19.18185389855566],[146.83685610377552,-19.181857378234863],[146.8368206726242,-19.181858024546337],[146.83678676024394,-19.181852138104514],[146.83676463586772,-19.181843008649103],[146.83674146774598,-19.181840972683393],[146.83671571269133,-19.18183872655117],[146.83674966003477,-19.181654663307064],[146.83668300712236,-19.18166032473084],[146.83661606404468,-19.18166122312069],[146.83654506334204,-19.18165826790637],[146.83648725794913,-19.181652468577944],[146.83642318662328,-19.18164447657684],[146.83633815720668,-19.181621463650412],[146.83625905464564,-19.181597290137837],[146.8362184899187,-19.181585685969523],[146.8361657789975,-19.181564436997515],[146.83609884650758,-19.181525823351066],[146.83603597642397,-19.181486246299404],[146.83600660968156,-19.18146212614251],[146.8359661313601,-19.181440156007536],[146.8359082493896,-19.181406132382328],[146.83582917274833,-19.181355966918886],[146.8357835766138,-19.181325072174044],[146.83575314273992,-19.181302876004793],[146.8357328805084,-19.181276820893736],[146.83572580599443,-19.181245969646035],[146.83573294356626,-19.18121321517321],[146.83574919886507,-19.181184300751127],[146.83575632114665,-19.18116696420272],[146.8357604159774,-19.18114284683552],[146.83575841200278,-19.181120676105998],[146.83575287173883,-19.18110609369419],[146.83574422196358,-19.18108116058575],[146.8357280516106,-19.1810531841527],[146.83570778085166,-19.181026171057976],[146.83568852015728,-19.181006894947444],[146.83567629026123,-19.180995397362008],[146.8356611747723,-19.180977950530668],[146.83564088305633,-19.180962496345632],[146.8356063973103,-19.180949948550953],[146.83557394889812,-19.180945102507327],[146.83554858934724,-19.18094702284435],[146.83552729505791,-19.180945060704893],[146.83549990586147,-19.180931543201876],[146.83545326644037,-19.180907407474063],[146.83540967647068,-19.180877472407463],[146.8353701326338,-19.180853352059064],[146.83535731710944,-19.180837778023957],[146.8353519107424,-19.18082249983411],[146.83533982129512,-19.18073670523502],[146.83531457483213,-19.180624870888543],[146.83530549175427,-19.180576638747862],[146.835277156616,-19.18051012458294],[146.83526805819145,-19.180477346516213],[146.83526809556727,-19.180439750634722],[146.8352732044622,-19.180400234321702],[146.83527022293578,-19.18035686078089],[146.83525705560942,-19.18031251108714],[146.83523883573875,-19.180279706755883],[146.83521554624758,-19.1802469249837],[146.83517094074693,-19.18020543904875],[146.83509492192334,-19.18015140797231],[146.83501484458247,-19.18010409710126],[146.83492861624296,-19.180053915782302],[146.83483839213585,-19.18001429564129],[146.8347785721454,-19.179988222897638],[146.8347100268847,-19.17996545903228],[146.8346174017121,-19.179701408880412],[146.8345297995111,-19.17966530653015],[146.834443632956,-19.179648861952295],[146.8343505703551,-19.179642216776394],[146.83425754019706,-19.179612652533276],[146.8339404653304,-19.17950099707329],[146.8335304506149,-19.179336857488845],[146.83322001311737,-19.179208894155813],[146.83305008657618,-19.17911992835837],[146.8328986191236,-19.17901476597043],[146.83276278034148,-19.17887063000819],[146.8326071392182,-19.17866991029738],[146.8325760113053,-19.178629502445027],[146.83254910644354,-19.178617340566213],[146.83250805411006,-19.178590398531522],[146.83247548319085,-19.178575565414878],[146.8324429163326,-19.178575535689124],[146.83240748382275,-19.17858761356485],[146.83234937623996,-19.178599679762044],[146.8322941193655,-19.178605006585048],[146.8322610191161,-19.178605717413024],[146.83222413094262,-19.17860880163004],[146.8321897085779,-19.178609547386575],[146.83215651475155,-19.178608739813445],[146.83209505314866,-19.178598561624057],[146.8320372862587,-19.178574758274838],[146.83197953324915,-19.17854666211707],[146.83191111882047,-19.17851778799251],[146.8318259137114,-19.178482662598157],[146.83176119527837,-19.178448333166045],[146.83169689417807,-19.178415178966254],[146.83164242504483,-19.178375409289114],[146.83157731867348,-19.178320446868906],[146.83152859840413,-19.178276787278744],[146.8314856087314,-19.17822846055933],[146.8314483726452,-19.17818091633641],[146.8314209768261,-19.17811858678786],[146.8313997332555,-19.17804848161522],[146.831383016303,-19.177969804028816],[146.83137038051126,-19.17789969772128],[146.83135774988,-19.17782453042793],[146.831341020286,-19.1777583155105],[146.83132386625678,-19.177697947451257],[146.83129808748072,-19.17765430887835],[146.83126410878452,-19.177621182392052],[146.83123504427374,-19.177591169310993],[146.83121458828248,-19.177560386917683],[146.83119876140069,-19.177513775112278],[146.83119800075045,-19.177494849927584],[146.83119907471985,-19.17747696574024],[146.83120105093548,-19.177460383779813],[146.83120880518464,-19.177439207054636],[146.8312147959974,-19.177421806374696],[146.83121884363223,-19.17739788788394],[146.83121850837014,-19.17737219401683],[146.83122108629644,-19.177353154414366],[146.83122887002887,-19.1773310378171],[146.83124182539,-19.1773113841689],[146.83125219493286,-19.17729049904518],[146.83125684114015,-19.177276540407792],[146.8312593693509,-19.17725961552946],[146.83126173002663,-19.17724842929766],[146.83126713830217,-19.177233323600333],[146.8312778136123,-19.177220391739564],[146.83129382303193,-19.177209145752077],[146.83132226767933,-19.177193979885928],[146.8313548661041,-19.177172066832938],[146.83138984028227,-19.177142826558818],[146.83142600620576,-19.177110785753033],[146.83143965187762,-19.177095036916054],[146.83145034183283,-19.177077035031225],[146.83145745459672,-19.177050615965996],[146.83146339945924,-19.1770128899387],[146.83146342006387,-19.17699262792387],[146.83145694333163,-19.176973489628764],[146.83144630525751,-19.176949837809097],[146.83142205164907,-19.17692167281965],[146.83140724308578,-19.176902508796058],[146.8313859682041,-19.17687268364086],[146.8313723749985,-19.17684622748301],[146.83136293959797,-19.176809065727905],[146.83134642106086,-19.176750514782775],[146.83133404965537,-19.17668240599057],[146.8313317115858,-19.176634008126825],[146.8313300058576,-19.17658109210283],[146.83132354278584,-19.176529870753846],[146.8313117534119,-19.17647866258496],[146.83129521569015,-19.176429664234405],[146.83127395317305,-19.176378429281446],[146.83124556561563,-19.176328317461323],[146.8312213247399,-19.176287771105383],[146.83118819031046,-19.17624778592931],[146.83114145430184,-19.176208339522773],[146.83105798362772,-19.176152546645657],[146.83093189436224,-19.176077021810702],[146.8308549453851,-19.17603361619841],[146.83076793237714,-19.17597276797303],[146.8306749916875,-19.175914137459646],[146.8305720204561,-19.17584257404223],[146.83045462173558,-19.175742230936258],[146.83033187897288,-19.17561293575949],[146.8301733390899,-19.175425243325193],[146.83002764610904,-19.175249790361846],[146.82988193781054,-19.17509882884607],[146.8297233086957,-19.174980453431147],[146.82955606723496,-19.174894677122033],[146.82944714780814,-19.17483707046195],[146.82940169027643,-19.174813024670676],[146.8293099103732,-19.174745845086218],[146.82898511969057,-19.174611824222975],[146.8288368050156,-19.174536331470808],[146.82860407095475,-19.17444130210399],[146.8284225018885,-19.174351164358807],[146.82825662073242,-19.174275627608594],[146.82815651956568,-19.174226614042794],[146.82806284670204,-19.1741788174657],[146.82792570025865,-19.174092823845573],[146.82784212740282,-19.173990965360456],[146.82778870885886,-19.173866884840567],[146.82780557430254,-19.173736498812033],[146.82785923681644,-19.173634778033158],[146.8279329837193,-19.17352670463544],[146.82795654768984,-19.173402696291088],[146.8279433145748,-19.173250031749568],[146.82788653219745,-19.17313230144815],[146.82781646328712,-19.172931865687808],[146.82778642778453,-19.172849144536322],[146.82767947298265,-19.172705926581425],[146.82757588980485,-19.172530908821557],[146.8274991195828,-19.17232728544335],[146.8273989471886,-19.172101380706525],[146.82728531404166,-19.171942259301723],[146.82718504934465,-19.171805400696744],[146.82711496236846,-19.17161450821693],[146.827098306018,-19.171534989774514],[146.82712849350565,-19.171471403339226],[146.82718879171566,-19.171426932409723],[146.82727249875055,-19.171398389457206],[146.82733613523266,-19.17135392161888],[146.82736633914925,-19.171274438220475],[146.8273798563643,-19.171153601669257],[146.8273566197542,-19.170972287855175],[146.8273031996445,-19.17084184477081],[146.8272899573832,-19.170698714684605],[146.82724323307664,-19.17056827787779],[146.827189792862,-19.170466456456868],[146.82712957791824,-19.170431406629284],[146.82701247179833,-19.1704026746218],[146.8269288116962,-19.1703866988483],[146.82680839481884,-19.170313435894833],[146.8266579169883,-19.17018289201001],[146.8265275434315,-19.17002692647094],[146.82642394267154,-19.169880529734044],[146.82632370990274,-19.169715048950984],[146.82627028719202,-19.169597321298376],[146.82625031363364,-19.16948916886847],[146.8261734397072,-19.16938733400934],[146.82605974953844,-19.169285446172513],[146.82585243688763,-19.169091241943743],[146.8255848761577,-19.16891288624373],[146.82527044352622,-19.1687376667567],[146.82502284432627,-19.16866110037767],[146.82478859955702,-19.168619530521635],[146.82447071280947,-19.168546077518595],[146.8241260636674,-19.16846305475083],[146.82388181258005,-19.168396033630614],[146.82357604490358,-19.168276463370752],[146.82323083636282,-19.168308747687945],[146.8229408656474,-19.168225784364186],[146.8226509450264,-19.168078473724673],[146.8223223647683,-19.167903588005164],[146.82207117464833,-19.167710394449454],[146.82194694674897,-19.1674789324454],[146.82171865209327,-19.167328001819445],[146.82150304426392,-19.167213215116647],[146.8212111681342,-19.16718881013777],[146.8209446590716,-19.167206643533298],[146.82066552598275,-19.167121970072404],[146.82041852984568,-19.16701969547927],[146.820323041337,-19.166976899952846],[146.82006302662307,-19.1668560672217],[146.81984106810933,-19.166723152189935],[146.81969380960084,-19.16659632921196],[146.819600294239,-19.166427453261104],[146.81952010458687,-19.166283777834753],[146.81935321975573,-19.166023234700766],[146.819191880851,-19.165805652051755],[146.81900462526318,-19.165667139815163],[146.81884408307135,-19.165548057225912],[146.81872274849655,-19.165450775470948],[146.81859332634298,-19.165374280907873],[146.81846834200684,-19.16533596499007],[146.81833882291224,-19.165365525075003],[146.81820036399023,-19.165403598570247],[146.81807973759922,-19.16545013967611],[146.81796357705343,-19.165526382313164],[146.8178830209144,-19.165674824522654],[146.8177935630931,-19.165840212188492],[146.81769955004108,-19.16603106292365],[146.81757003061102,-19.16607760389704],[146.81750310348966,-19.1660351064025],[146.81746302837706,-19.165928975514944],[146.81745421915485,-19.165810178027655],[146.81738654206148,-19.16567155703],[146.81733592059368,-19.16553884541198],[146.8172472606289,-19.165394048961165],[146.8171712223884,-19.165291461061212],[146.81700402715097,-19.165109622970615],[146.8168522663076,-19.16506704973058],[146.816499669789,-19.16493939573358],[146.81641013067957,-19.164971145321474],[146.81625337976487,-19.165003396997122],[146.81597597136138,-19.164887032726632],[146.81576314233018,-19.164708681440203],[146.81573172117496,-19.16447601594647],[146.81566437883976,-19.164286134012574],[146.81562605633616,-19.16397370573119],[146.81558516433088,-19.16383397222061],[146.81550011294328,-19.16369622778158],[146.81538376475766,-19.163565157664245],[146.81523154063194,-19.16350470647317],[146.81512367953982,-19.163498569933747],[146.81497146902103,-19.163426062531773],[146.81488907615275,-19.16333552329039],[146.81482577993512,-19.163202807230167],[146.8148259078319,-19.163088248150984],[146.8148767997193,-19.162967694160116],[146.81496572699683,-19.162895438664588],[146.81507357421853,-19.162913658403255],[146.81519417954078,-19.16285950062695],[146.81527045049458,-19.162751046139984],[146.8152968262812,-19.16260286687473],[146.81528415747545,-19.162509740880076],[146.81521605349536,-19.16243272719407],[146.81513517305154,-19.162367865085677],[146.81504149713072,-19.162315145481642],[146.81492223566627,-19.16229883921075],[146.81474805994083,-19.16230058861739],[146.81457925197827,-19.16235841186231],[146.81433808055502,-19.16240642844659],[146.81409698062777,-19.162382045459076],[146.8138940308322,-19.162303448764646],[146.813748104452,-19.16228521684132],[146.81351675146286,-19.16219449876861],[146.81336481960253,-19.161977453755686],[146.8131364983831,-19.162049521543068],[146.812985968357,-19.162141767637024],[146.81287019655213,-19.162067334459202],[146.81283328433418,-19.161942986188627],[146.81288439658442,-19.161821953980542],[146.8129456616116,-19.161729978586187],[146.8130375050421,-19.161652566578773],[146.81301213332836,-19.161541135619164],[146.8129051871015,-19.16145866807947],[146.81276251437782,-19.161414934895912],[146.81269052290196,-19.161328951124037],[146.8125689019695,-19.16132269965054],[146.81246193275646,-19.161269296396966],[146.81241798500292,-19.161202365062874],[146.81236771442963,-19.161125675808336],[146.81226342453502,-19.16100751252401],[146.8121921782111,-19.160910557805057],[146.81218207236506,-19.160823344732016],[146.8118174422456,-19.160516709098985],[146.81153697195415,-19.160484672867693],[146.81128996195181,-19.160408278433653],[146.81109659782095,-19.16014152796153],[146.8108830152876,-19.16003343672523],[146.81070962518928,-19.159823823343896],[146.81050945147942,-19.15965860143837],[146.81033613703244,-19.159391888914723],[146.81014946178905,-19.15909978514288],[146.80987591208947,-19.158890058397198],[146.80980306639285,-19.15835688850164],[146.8099304651209,-19.157900102842362],[146.81004450816084,-19.157462327180188],[146.81029842149587,-19.157335657945904],[146.81046144337003,-19.1568951128544],[146.8104409203657,-19.156553989570757],[146.81044372898154,-19.156293179440002],[146.81048834504796,-19.156072900401284],[146.81051866366582,-19.155872543313922],[146.81040621439755,-19.15585806673667],[146.81030870190096,-19.155763488126237],[146.8103313344247,-19.155623249579232],[146.81032689272794,-19.155382422878816],[146.81030054169284,-19.155214976086494],[146.8101045908408,-19.155112740363254],[146.81000019960936,-19.15500470668463],[146.8099171888421,-19.154870133868023],[146.8100593910688,-19.154737755092302],[146.8101933777711,-19.154712308397933],[146.8101944625297,-19.154611993321204],[146.81001300388272,-19.154469763476975],[146.8098664540777,-19.15435463687743],[146.80964270754575,-19.154218689152966],[146.80946837082814,-19.154069850702744],[146.80925883855264,-19.153920668281586],[146.80910531724524,-19.153798782829835],[146.8089443323114,-19.153716952708262],[146.80882636907145,-19.153561981569233],[146.8087547833764,-19.153508188205173],[146.808609949333,-19.15339935248737],[146.8084773921485,-19.15329104458884],[146.8082457479312,-19.1532352766367],[146.80802135450622,-19.153159525027917],[146.80779690601454,-19.153090442760373],[146.80762241399205,-19.152954977893703],[146.80755399138587,-19.15277372253191],[146.80745714176567,-19.152618953373004],[146.80729536966035,-19.152610677167228],[146.80714613937977,-19.15274298319352],[146.80706721628866,-19.152882665220925],[146.80678399025226,-19.153040424400068],[146.80652848547587,-19.153238573777635],[146.80600056265177,-19.153246792599898],[146.80574119776747,-19.15315062174005],[146.80559536761703,-19.15296861504743],[146.80552093264987,-19.15269367894776],[146.80551534551705,-19.15255985484198],[146.80553195756244,-19.15232591877698],[146.80557685760212,-19.152078899228048],[146.8056774044061,-19.15189259818491],[146.8057288395095,-19.151692472025687],[146.8056808804246,-19.151571608069144],[146.8055130758892,-19.151469650273317],[146.80533889461176,-19.1513074235438],[146.80510833252973,-19.151151336589162],[146.80489881740132,-19.151002140188503],[146.80487856107638,-19.150921694000132],[146.80481566388747,-19.150880949437163],[146.80473789268248,-19.150913627747858],[146.80468219105487,-19.150859578551945],[146.80470439050455,-19.150759466680245],[146.8046489581567,-19.150678675806912],[146.80454355008902,-19.150664257374203],[146.80447310433908,-19.150670255636822],[146.80442450494408,-19.15060958943359],[146.804433132365,-19.150462540465274],[146.80442739727118,-19.150342091639644],[146.8044218015606,-19.15020827650231],[146.80433851891655,-19.150100451851497],[146.8042633617647,-19.14989238285804],[146.804180581574,-19.149737735394417],[146.8041466333788,-19.149623709263317],[146.80406327674237,-19.1495225721541],[146.8039654737387,-19.149454722777733],[146.80379718913073,-19.149399577142916],[146.80364316420872,-19.149324482757336],[146.80351207465557,-19.14908243595441],[146.80342262142673,-19.14889428804263],[146.8034028875029,-19.148767009924104],[146.80334890819864,-19.148552474268232],[146.80329377523054,-19.14844491422768],[146.80323900528376,-19.14830392485139],[146.80315579885394,-19.148189411988483],[146.80303893654482,-19.148124280067503],[146.80295096478346,-19.14809093681804],[146.802862317921,-19.14806556387635],[146.80263624515857,-19.148010535943797],[146.80242346641128,-19.147963954010986],[146.80215598315306,-19.1479299564172],[146.8019077160542,-19.14789035782207],[146.80162984800643,-19.147888657328036],[146.80133867886985,-19.147892554324407],[146.8010977235461,-19.147917580650805],[146.80084942412117,-19.147913091272773],[146.80056117758372,-19.14793806564839],[146.80016355287464,-19.147969942818925],[146.79985606801137,-19.148018772237354],[146.7995796263112,-19.148056392345932],[146.79934902983996,-19.148078617009023],[146.7990459794182,-19.14812463924751],[146.7987399747593,-19.14816784708838],[146.7985093514751,-19.148204114935957],[146.79836594908156,-19.148233456063434],[146.79827574427378,-19.14826987760675],[146.7982372818595,-19.14829793296554],[146.79822245615352,-19.148337238836938],[146.7982224015131,-19.148382191283716],[146.79824896156984,-19.14842155162394],[146.79832428347186,-19.14846377613308],[146.79842326872583,-19.148503215904086],[146.7985266811176,-19.148538439964188],[146.79864194834417,-19.14856104253444],[146.79878379426515,-19.14859209707887],[146.7989566891167,-19.14862319451681],[146.79908968749314,-19.14864159569033],[146.79923305375272,-19.14865018433465],[146.7993527601156,-19.148658738002094],[146.79943701597696,-19.148650407016895],[146.79951095185228,-19.14862801142875],[146.7995523688878,-19.1485943467402],[146.7995701528341,-19.14856205708371],[146.79959531114517,-19.148533986939697],[146.79963374455681,-19.148529817368434],[146.79966180777942,-19.148545302078954],[146.79965879774034,-19.14858884145736],[146.79963952625923,-19.14863236310924],[146.7995951313817,-19.148682888539145],[146.79953300172,-19.14872495359345],[146.79941320601418,-19.148782418857206],[146.7992579726237,-19.148820170710398],[146.79911458172265,-19.148839679633443],[146.79891060976027,-19.148839456580863],[146.7986830173128,-19.14882235250083],[146.79850566012968,-19.14881653682672],[146.7983400909907,-19.148837430678793],[146.79822627467738,-19.14884151723688],[146.79826320006381,-19.14886543483483],[146.7982986351285,-19.14889497211226],[146.79840204017862,-19.14894424954074],[146.79850842397133,-19.148968243263486],[146.79862215345602,-19.149035796666094],[146.79872703609348,-19.149082264870206],[146.79882154507004,-19.14915118887461],[146.79901510118523,-19.149208996600414],[146.7992101586207,-19.149244329511],[146.79942298559226,-19.14925158403348],[146.79959742242502,-19.14923491938909],[146.79971123456585,-19.149226611468713],[146.7998294656762,-19.149236573070382],[146.79989746644281,-19.149231025796155],[146.80000388787246,-19.149224119497042],[146.80009995708048,-19.14922984533429],[146.80014279338985,-19.149249557512086],[146.80015460986976,-19.149260803969028],[146.80015753016002,-19.149291715381672],[146.80014271390246,-19.149315576335884],[146.8000687737819,-19.14934920577786],[146.79998301546607,-19.14937298953271],[146.79984111614047,-19.149385478507135],[146.79964894705108,-19.149399313391008],[146.79949818195877,-19.14940617111294],[146.7994168747237,-19.14942153651226],[146.7993695448187,-19.149445361915394],[146.7994301312127,-19.14946088216128],[146.79949811578345,-19.149460956340512],[146.7995793992862,-19.149465256470503],[146.79965771275366,-19.14948781810621],[146.79976112197303,-19.149534284116392],[146.79984091627534,-19.149551225965254],[146.79989850187638,-19.149594831326272],[146.7999620323457,-19.149621588210124],[146.80002705777827,-19.14962306882277],[146.80009210118982,-19.149617518260154],[146.80013939552472,-19.14962319101903],[146.800179276129,-19.149641490124736],[146.80020731930287,-19.149673829660095],[146.80020876730663,-19.149703329620806],[146.80022792951593,-19.14974268163266],[146.80025597779502,-19.149770800655443],[146.8002958780912,-19.149780676811222],[146.80032690585986,-19.149790543319124],[146.80033278433504,-19.149813025957794],[146.80032536489315,-19.149838304810384],[146.8002898548999,-19.149870575274477],[146.80019522486364,-19.149901371618625],[146.8001079888928,-19.149927964482906],[146.8000281402251,-19.149955975192874],[146.79992909615825,-19.149964290344766],[146.79979165494944,-19.149954307878087],[146.7997029760539,-19.14994718911949],[146.79966748456926,-19.149964005364865],[146.7996482366642,-19.14998786144571],[146.79963196086175,-19.15000750929192],[146.79962010197906,-19.150031373425247],[146.79962895416648,-19.15004824704276],[146.79964964218019,-19.150052481069512],[146.79969398759215,-19.150051119557503],[146.799766395442,-19.150058229631657],[146.79986244650007,-19.15007940065615],[146.79994667936913,-19.150090725971616],[146.80002646548715,-19.1501146989037],[146.80007668364613,-19.150148463396597],[146.80012099419255,-19.150168177183073],[146.80015794720995,-19.150169618180445],[146.8001890054828,-19.15015419783271],[146.80020969351372,-19.1501584408341],[146.80023331709188,-19.15018094276482],[146.8002465839813,-19.150211856381834],[146.80023620023468,-19.15024274429219],[146.8002095633348,-19.150266592399834],[146.80014744844237,-19.150296023248796],[146.80006910173333,-19.15030858149054],[146.79996859021605,-19.150311282780837],[146.79980160674856,-19.150281602573664],[146.799438155788,-19.150154789818597],[146.79910282763012,-19.150002720179714],[146.7987394493596,-19.14981690935965],[146.7982402262981,-19.149521387191903],[146.79786801272562,-19.149314489517128],[146.7974603531122,-19.14908789548091],[146.79712947588797,-19.148923183704817],[146.7969271059153,-19.14882604211923],[146.79681188780677,-19.1487711294832],[146.79673214063655,-19.148716265045124],[146.79667455528238,-19.148665627525904],[146.7966155183408,-19.148596732641675],[146.79657275319707,-19.148519432803056],[146.79654476256889,-19.148444959970536],[146.7965330255955,-19.1483690952778],[146.79653316677377,-19.148253912552207],[146.79654817020116,-19.148069916708724],[146.79656468118563,-19.1478662569372],[146.79659016172835,-19.147575530808673],[146.79661260991702,-19.14735361281079],[146.79663645457893,-19.14719491363956],[146.7966587881786,-19.14705868904538],[146.79665898086492,-19.1469013735483],[146.79664292779526,-19.146731387579855],[146.79661309626962,-19.146599569788325],[146.79660323931472,-19.146557163981274],[146.79656642655252,-19.146441949375458],[146.79650699529265,-19.14626872513811],[146.79641362827718,-19.146061663055136],[146.79631019095933,-19.14585460783832],[146.79625608256396,-19.145753490570335],[146.79619967949662,-19.14565478375379],[146.79611823973164,-19.145531530419582],[146.7959850850607,-19.145371771429645],[146.79582995456653,-19.145180907978762],[146.79574079443174,-19.145049295251535],[146.79558575725773,-19.14478310414516],[146.79547968225398,-19.144595873786532],[146.79539937620618,-19.14443318174432],[146.7953611407137,-19.144323749297108],[146.79534050703435,-19.144222099649696],[146.79533490202462,-19.14417904780118],[146.7953318023182,-19.14414019214121],[146.79533371758728,-19.144113895150852],[146.7953400400483,-19.1440917783916],[146.7953539070982,-19.14406668765623],[146.79536965545557,-19.144050564213156],[146.79539482315295,-19.14403803913985],[146.7954168578504,-19.144029098463648],[146.79544536647398,-19.14402173751343],[146.79557400295874,-19.14401900667972],[146.79566933802917,-19.144039157843068],[146.79594994560628,-19.14400387081341],[146.7961099483351,-19.144013049692003],[146.79630982370753,-19.144037835189838],[146.79654187806005,-19.14404772613814],[146.79675784299403,-19.1440650639812],[146.79701400315162,-19.144067588308342],[146.7973344547095,-19.144047905729586],[146.79759993968358,-19.14392877669028],[146.79778512902354,-19.143831682758375],[146.79790686130795,-19.14368070057184],[146.79792543457648,-19.14344503200252],[146.7979194092598,-19.14326235940693],[146.79788945855142,-19.143071861142495],[146.79780355564574,-19.142873194701302],[146.7976701151649,-19.142628411759887],[146.797614902583,-19.14255177623538],[146.7975440180183,-19.142444558605163],[146.797504316363,-19.142413733149187],[146.79745048210867,-19.142337641342962],[146.79738069984674,-19.14223901049019],[146.79732586653944,-19.142303730863745],[146.79739267774445,-19.142374595256772],[146.79747914883785,-19.142520013560485],[146.79759757113686,-19.142673347703166],[146.79767621602798,-19.14280347488064],[146.7977334733315,-19.142989312765096],[146.79781625070893,-19.143177654972583],[146.79782236126078,-19.143352709052603],[146.7978129417846,-19.143481971107594],[146.79777960637222,-19.14360337134098],[146.79768997697275,-19.14374705032537],[146.7975689082288,-19.143837165530325],[146.7974320818484,-19.14390430803995],[146.79726348433218,-19.143948297485522],[146.79705535551892,-19.14394626033822],[146.79694311834018,-19.143960370461706],[146.79678318198896,-19.14394357376913],[146.79663125243863,-19.14392686713293],[146.7964473148188,-19.14390984477035],[146.7962151657425,-19.143907563174],[146.79595934754684,-19.14387460885378],[146.79573240192792,-19.143863150323895],[146.79558750385056,-19.14386646870085],[146.79546761139804,-19.14386528699897],[146.79528763154252,-19.143877757241473],[146.79514314165448,-19.143843100150125],[146.79497341354394,-19.143831930373064],[146.7948292691126,-19.143764051573495],[146.79470991089457,-19.14371540502794],[146.79459085425867,-19.143638263506762],[146.7944583007836,-19.143502254622796],[146.79434894987503,-19.143305141953096],[146.79426619401173,-19.14311024605531],[146.7942195213448,-19.142911531497877],[146.79422427388232,-19.142514203125568],[146.79425473523787,-19.14203581001424],[146.7943019701874,-19.141780435980017],[146.7943534238854,-19.141573715513726],[146.79443493707518,-19.141204850672718],[146.79459348211424,-19.14063740948009],[146.7946194969198,-19.14030091809934],[146.7946239475404,-19.14014685172438],[146.79465819108506,-19.140053641016586],[146.79470518374413,-19.14000098677497],[146.79476491552256,-19.139996995619676],[146.79486299052647,-19.140029540665267],[146.79494403123533,-19.140041795542732],[146.79502940709637,-19.13999324185904],[146.79507219957767,-19.13989192492251],[146.7950767247989,-19.139677045248792],[146.79505568606814,-19.13944186595697],[146.79499188460332,-19.139291781307705],[146.79486411727441,-19.139117296322592],[146.7947236006204,-19.13891036141278],[146.79455743132374,-19.138739891176105],[146.794318691238,-19.138613939710346],[146.79415854545303,-19.13854033078381],[146.79407993141567,-19.138504201196238],[146.7939435706695,-19.138382412670534],[146.79379012576933,-19.138280885045297],[146.79374041124456,-19.138258967564088],[146.79344903366953,-19.1381304886837],[146.7932827094646,-19.138093808337082],[146.79306519895286,-19.138048963602905],[146.7929032006669,-19.13795958105809],[146.7927370386423,-19.13779316702958],[146.79263477683432,-19.137695744929395],[146.79244292093387,-19.137606328307946],[146.79226386938322,-19.13751287715076],[146.7920934135616,-19.137366719775745],[146.7919229885052,-19.13719624235321],[146.79175674690077,-19.137094698557068],[146.79158622073388,-19.137005305198894],[146.7914626620831,-19.136883529347802],[146.79135187784402,-19.136773932389406],[146.79124102682184,-19.1367251576947],[146.79107901483155,-19.1366560446562],[146.79092125856027,-19.136582887512105],[146.79074225495032,-19.136452941490003],[146.79006872594186,-19.136071062266968],[146.78975753561195,-19.135892306417492],[146.7895742128242,-19.135802896571118],[146.7893737747648,-19.135758076064462],[146.7891519929962,-19.135725386313784],[146.7888876017117,-19.13564804730172],[146.78865313474736,-19.13552614221833],[146.78840579174644,-19.13546504442887],[146.788184063104,-19.13538369565154],[146.78791967197515,-19.135314470932634],[146.78759976935658,-19.135281666135686],[146.78725856969723,-19.135224507186468],[146.7869173390734,-19.13519167653118],[146.7867699751448,-19.135188369714093],[146.78634573099853,-19.135178848865387],[146.78593623058381,-19.135158101545905],[146.785688848285,-19.135121319989505],[146.78546711525325,-19.13505214146084],[146.7854486772814,-19.135037668983117],[146.78532222380835,-19.13493844326267],[146.78528394246482,-19.134849207448443],[146.78532670283812,-19.134776270486583],[146.785441931173,-19.134731804872995],[146.78544907666597,-19.13472842414522],[146.78551022728666,-19.13469944893663],[146.78552736886783,-19.134642713402574],[146.7854890351429,-19.134594010772556],[146.7854492787947,-19.134571912886866],[146.7853867271927,-19.134537135887506],[146.78521188952558,-19.13449233169608],[146.78499169723275,-19.13446045217674],[146.78474165642533,-19.13441424916704],[146.78457759004473,-19.134342037194727],[146.78436303479052,-19.134245771312774],[146.78400321666282,-19.13419134095292],[146.78353603858582,-19.13414878536556],[146.78295530599112,-19.134034083790727],[146.78268391202948,-19.133949750676567],[146.78236834688164,-19.133853354058175],[146.78226743430145,-19.133763221085328],[146.7822043984543,-19.133685134719403],[146.78216667296456,-19.133565071994973],[146.7821668617964,-19.133421050561516],[146.78221123145673,-19.133289074215234],[146.7822872014299,-19.13313314069152],[146.78229373538747,-19.132965123149983],[146.78229399488248,-19.13276708462634],[146.78224372063912,-19.13258699802334],[146.7820832649797,-19.132424720341113],[146.78190575053148,-19.132291821294682],[146.78184493910456,-19.132258201959985],[146.7816943644139,-19.13217495959918],[146.78142008043733,-19.132035130926543],[146.78124207098733,-19.131888927447054],[146.7811153773786,-19.131715871180578],[146.78106066024733,-19.131502692654685],[146.78104994736688,-19.1314712836103],[146.78100165891695,-19.131329725906017],[146.78086225078107,-19.131172741081485],[146.78073128854237,-19.13103586563106],[146.78057496513298,-19.13087886042325],[146.78041014861802,-19.130737931703347],[146.78019887497692,-19.130552708738676],[146.77994955730662,-19.130339297231565],[146.77971303127615,-19.130045484980283],[146.7794976732236,-19.129743645380586],[146.7793626272509,-19.129490162155207],[146.77926994787924,-19.129196521803],[146.77923632201154,-19.129027597567934],[146.77931268367388,-19.12887087037759],[146.77934665662085,-19.128778430323642],[146.77931291862626,-19.12869394338808],[146.77928764734614,-19.12861349733249],[146.77930893832567,-19.12850495530381],[146.7793556008017,-19.128408508775976],[146.77932185102284,-19.12834010858813],[146.77939806816858,-19.128291948750334],[146.779516646987,-19.128199601057826],[146.77968606160388,-19.128047006885947],[146.77978772992887,-19.127950626107104],[146.77987241039676,-19.127894432816618],[146.77994445982515,-19.127798016504233],[146.7799445982524,-19.12769347077545],[146.7799194078272,-19.127544665180434],[146.7799873056881,-19.127387927547733],[146.78012717798845,-19.127191059007117],[146.78023741012044,-19.12701025075241],[146.78030188045688,-19.126885302852944],[146.78033071715254,-19.12682941318018],[146.7804367282328,-19.126640556371402],[146.7806019717961,-19.126447739412622],[146.78075025192499,-19.126291097310638],[146.7809620337467,-19.12609432281465],[146.78116528915112,-19.125945789193477],[146.7812966752858,-19.125764996385158],[146.78138990640522,-19.12564046183799],[146.78145355505222,-19.1254957746036],[146.78149177421008,-19.12538323068456],[146.78154701842976,-19.125194312887285],[146.78162766011815,-19.124997381828745],[146.78167441531792,-19.124828553333604],[146.7816789316752,-19.12461142343065],[146.78166653924055,-19.124382208379593],[146.78153135574402,-19.124241315774402],[146.78150612739364,-19.12412065310187],[146.78146816756572,-19.124036170541597],[146.78139212748567,-19.123951633695967],[146.78137960326944,-19.123822951748156],[146.78139241831295,-19.123730486106346],[146.78144324592446,-19.123682286168922],[146.78152361217872,-19.123694446691577],[146.7816801093584,-19.12371474091324],[146.78180714062572,-19.123626423380973],[146.78195111841526,-19.123514013756882],[146.78212051443427,-19.12337749491867],[146.7822348939616,-19.12325699759097],[146.78235778294695,-19.123100324049066],[146.7824553060236,-19.12292754269507],[146.78260345605796,-19.12285935803274],[146.78283201391574,-19.122771168734342],[146.78310294038062,-19.122638790461608],[146.78333564590847,-19.12260690009944],[146.7836107043313,-19.12254288569981],[146.7838814729914,-19.122531138836134],[146.78410008745993,-19.122506361553217],[146.7842326406911,-19.122491343044235],[146.78466001504773,-19.122415440528826],[146.7851085506237,-19.122327505684474],[146.78532012492798,-19.122283523041688],[146.78547818538416,-19.12221906202598],[146.7857645323542,-19.12211515691641],[146.78601424387085,-19.121922921257138],[146.78613228271323,-19.121866989730552],[146.78633280049056,-19.121895257048653],[146.78649221428242,-19.121783304571917],[146.78672225482597,-19.121789183637752],[146.78701742986308,-19.121598897162862],[146.78728917024077,-19.121279626774694],[146.7874371202404,-19.12090414425236],[146.7875083565421,-19.120545400885245],[146.78750270522036,-19.1203547659742],[146.78759142293615,-19.12016984326824],[146.78780400073305,-19.11998507241138],[146.78808732429303,-19.11983962369011],[146.7883588884454,-19.11965491105339],[146.78854205192283,-19.119414036715344],[146.78861908980474,-19.119133790367933],[146.78873170818622,-19.118702197310558],[146.7888382958055,-19.11837713154403],[146.78905691655726,-19.11808022853502],[146.78906431437457,-19.11806469247622],[146.78919294670695,-19.11779443719696],[146.7893230318058,-19.117547888900955],[146.78938242783428,-19.11721716547376],[146.78941824430876,-19.11688640599946],[146.78947647253736,-19.116584068040066],[146.78950136593363,-19.11645478762326],[146.78958441618641,-19.116079228866287],[146.7896672344592,-19.115894307328347],[146.78976764478585,-19.115782284439604],[146.78977364122113,-19.11570940365326],[146.78966161381,-19.115670025699117],[146.7896263750065,-19.11555224455644],[146.7896856090243,-19.11535608047222],[146.78983325772847,-19.11521047383835],[146.7899631249745,-19.115126518864614],[146.79016365655175,-19.115137963147195],[146.79029338218086,-19.115166145391363],[146.79041716362204,-19.115233570748853],[146.79055288544328,-19.115188871995894],[146.79070630100819,-19.11514419326147],[146.7908537653192,-19.11514436087598],[146.79093036028914,-19.115211723231194],[146.7909538290731,-19.11530706866807],[146.79090657186785,-19.11536307476188],[146.7908592793652,-19.11544712424392],[146.79088270830627,-19.115581710576535],[146.79091794800811,-19.11569949148686],[146.7909237441098,-19.11577799801327],[146.79107106106858,-19.115895906166976],[146.79130101631043,-19.11596344238214],[146.79153113338126,-19.1159020310862],[146.79167282750876,-19.115795666204193],[146.79175545129428,-19.115756509728687],[146.79185572227888,-19.115762235448845],[146.79199135751372,-19.11577920761442],[146.79203268464028,-19.115751219909185],[146.79198557492455,-19.115689494600982],[146.79199745816345,-19.11562222365187],[146.79208592750376,-19.11562232360578],[146.7921744483872,-19.115588785904524],[146.79229259522597,-19.115448747238652],[146.79248750991735,-19.11523030414022],[146.79261758111247,-19.114989365677776],[146.79284793379693,-19.11473732442627],[146.79305455523334,-19.114591781528365],[146.793325989413,-19.114507983261728],[146.79385113982022,-19.11435158124872],[146.79417572377085,-19.114211781449832],[146.7943468173493,-19.1141783259615],[146.7943763793533,-19.11412229919915],[146.79444130104739,-19.11408872499122],[146.79452382636273,-19.11412806711414],[146.79468896967597,-19.11413946695476],[146.79480683668297,-19.114223701619576],[146.79490120954102,-19.114223806794914],[146.7949544496887,-19.114094909614934],[146.7950724618812,-19.114061394313758],[146.79507843950142,-19.113994125605494],[146.79513750770866,-19.113926906951733],[146.7952731582133,-19.11393827344192],[146.79543823672398,-19.11399452579287],[146.79559162235765,-19.113972265036804],[146.79563286576035,-19.114011560818696],[146.7955915465529,-19.114033946087048],[146.79553839652945,-19.114089946849887],[146.79564446495618,-19.114174167876456],[146.7958331555675,-19.11421923051354],[146.79600420756802,-19.114219420155788],[146.79618696236034,-19.114298122572773],[146.79632253773417,-19.114371151268376],[146.7964404374039,-19.11442174724711],[146.79648179090032,-19.11437132741236],[146.79649958067716,-19.114292856141642],[146.79645252459144,-19.114186278759387],[146.79637590037828,-19.114141340757268],[146.7963759484309,-19.114102090821614],[146.79645274415842,-19.114006865973632],[146.79656951277528,-19.11397925887843],[146.79657074913186,-19.113978962006307],[146.79668279500024,-19.113995904639328],[146.79678891190875,-19.1140408750752],[146.79685368927358,-19.11412504982245],[146.79688315458404,-19.11414750444813],[146.7969304436821,-19.11406345337458],[146.79698356168157,-19.11404108985502],[146.7971192097576,-19.114046842677958],[146.79724300685763,-19.114103047912586],[146.7973078759829,-19.114119938195696],[146.797307957969,-19.114052662916155],[146.79716652605174,-19.113940369460686],[146.79711940808835,-19.113884248702135],[146.79714305387174,-19.113845033807806],[146.7972551612276,-19.113811510594022],[146.79746162749078,-19.113789315768813],[146.79771526224695,-19.11378959466299],[146.79806318525402,-19.113851648772613],[146.79838159139342,-19.113941704317803],[146.7985467823614,-19.11391385075665],[146.79866477742343,-19.113885945432376],[146.79884167231202,-19.113936604395295],[146.79897718081216,-19.114065699910565],[146.79915386337126,-19.11428455581801],[146.79927182749947,-19.114290296798256],[146.79938389415597,-19.11429041896935],[146.79951947094034,-19.114363454360742],[146.79961958329585,-19.114492510849622],[146.79967841350108,-19.1146215313993],[146.79974323982128,-19.114666455198464],[146.79989056212878,-19.1147843563566],[146.80000839577716,-19.11489101882292],[146.80009085147424,-19.114997633757312],[146.80025599608274,-19.115009028613745],[146.80042117158405,-19.114986776631493],[146.8006158225075,-19.114986987580462],[146.80071617121152,-19.11491982087632],[146.80088130908285,-19.114936818433],[146.8010287397648,-19.114965012277032],[146.80115259923005,-19.114970749390878],[146.8012824137587,-19.11492603631817],[146.80141807893494,-19.11492618272912],[146.8015183871391,-19.11489265322949],[146.80164221313512,-19.1149264243975],[146.80173657306176,-19.114937741633135],[146.80190170439025,-19.114960341537294],[146.80202543707338,-19.11507261233915],[146.80226712816162,-19.115196216349098],[146.80243798142217,-19.115364606326597],[146.80260290032638,-19.115566618431707],[146.80264986094932,-19.115757297414753],[146.80277352159166,-19.115931239741112],[146.80290297098276,-19.116194894704204],[146.80297933222485,-19.11646410505842],[146.80307344083337,-19.1166884720681],[146.80328553575507,-19.11690174959242],[146.80366274881828,-19.117143246538657],[146.80403409456153,-19.117362305319432],[146.80450186048824,-19.117613648438773],[146.80458820382864,-19.117660048433148],[146.80511876550798,-19.117924127268576],[146.80560809876968,-19.118126488939286],[146.8059088558495,-19.11818847846054],[146.80623916242502,-19.1181944297718],[146.80645746493926,-19.118144202944137],[146.80655194743855,-19.118060199028463],[146.80651672578136,-19.117908783381623],[146.80656416765083,-19.117690170214583],[146.80659976751235,-19.117516397848235],[146.80668260379423,-19.117292218559808],[146.80685971020296,-19.117157844705368],[146.80706040820817,-19.117029098677662],[146.80709862545356,-19.117016323517426],[146.80736135222256,-19.116928491797367],[146.80766220854866,-19.11689516874972],[146.80793950181146,-19.11683938946979],[146.80825810018365,-19.116772437228434],[146.8085235422352,-19.116761497988257],[146.80877121932107,-19.116812221063032],[146.80918399225484,-19.116919174850757],[146.80955553750496,-19.11697002525033],[146.8099683690196,-19.11702651176566],[146.81065239126164,-19.117201026556874],[146.81110059275463,-19.11727437480793],[146.81117736886952,-19.117190350314438],[146.81134841771697,-19.11719613802546],[146.81168460156618,-19.11722451673072],[146.81202090596273,-19.11714636050989],[146.81231578471272,-19.11718591144967],[146.81261052461542,-19.11734880602543],[146.81289361727104,-19.11737712846362],[146.81324752104774,-19.11738309117452],[146.81380788727873,-19.117372452374447],[146.81421483272717,-19.117423320155282],[146.81441623031304,-19.117489352735447],[146.8145921943303,-19.117547053983085],[146.81486348548432,-19.117586568048246],[146.81485768722658,-19.11749125238672],[146.8149344116419,-19.11745207954219],[146.81504648380843,-19.11745779546987],[146.81514669114839,-19.117513965001415],[146.81535906418895,-19.117491756058712],[146.81557741909452,-19.117391052844653],[146.81561492884677,-19.11734700533553],[146.8158254781506,-19.11709975038436],[146.81597912466952,-19.11684199090732],[146.81600300839105,-19.11658411065379],[146.8158616236583,-19.11641576265946],[146.81561604427804,-19.11634099329528],[146.8155844890777,-19.116331390931972],[146.81546075244302,-19.1162135259073],[146.81543145224612,-19.116039686651973],[146.8154787793936,-19.115921993093217],[146.8156165987661,-19.115840874723315],[146.8156499452172,-19.11582124244752],[146.81600405673538,-19.115636571300886],[146.81635805271128,-19.115547218242074],[146.8166293224968,-19.115603557563038],[146.81702429271627,-19.115811398227006],[146.8174487474852,-19.116019267291005],[146.8178201152946,-19.116232695151933],[146.8181561144956,-19.116429259433826],[146.81835066932297,-19.116519158127925],[146.81863370047836,-19.116603540549193],[146.81888138055024,-19.116654241006408],[146.8190937459372,-19.116637631005396],[146.81928262261314,-19.116520075530392],[146.8195659827533,-19.11630169033434],[146.8199556003125,-19.116004917651775],[146.82027440450472,-19.11574171270862],[146.82061678426624,-19.11548974576034],[146.82096505521005,-19.115248999475988],[146.8213310189915,-19.115008260656207],[146.82167331749886,-19.114829179373036],[146.82194794308268,-19.11477110790915],[146.82217479101448,-19.11472313904024],[146.82236439123696,-19.11468073722348],[146.82249928056507,-19.114650564477138],[146.82259380333528,-19.114510483363258],[146.8225939349013,-19.114387139149063],[146.8224819817357,-19.114280496699465],[146.82240539823664,-19.11419071620837],[146.8224585453113,-19.11412909530434],[146.8225470055797,-19.114145999464625],[146.82257654616726,-19.114101174629138],[146.82256484287234,-19.114011456726313],[146.82268883997236,-19.113888231859093],[146.82296617709656,-19.11378196426536],[146.82319042681345,-19.113681266617373],[146.82336733159005,-19.113720677451486],[146.82346766211063,-19.113670317105825],[146.82355612224234,-19.113687220780882],[146.82364448966098,-19.113782615365967],[146.82379774680504,-19.113878081070553],[146.8239923610967,-19.113911904981347],[146.82406306480118,-19.113979257062045],[146.82418091119283,-19.114097110738534],[146.82513048372277,-19.114165290718294],[146.8258087414464,-19.11421078711923],[146.8262865342296,-19.114188816495027],[146.82645769180309,-19.114088055712614],[146.82664660499648,-19.11393685489542],[146.82685313784648,-19.11384734263938],[146.8270478926727,-19.113746603493865],[146.82729576327404,-19.113612276248222],[146.8273903337902,-19.113421736068382],[146.82754396483236,-19.11315836339158],[146.8276151054767,-19.112805206694407],[146.827721566974,-19.112524961762954],[146.8277525434802,-19.11247824857436],[146.82795196201067,-19.112177566187018],[146.82837127299481,-19.111662139744944],[146.82842381270592,-19.11161494947324],[146.8288140577892,-19.111264475268268],[146.82915057842683,-19.110956417789065],[146.8293159361149,-19.11074911430706],[146.8293750871806,-19.11058657464836],[146.82938112931663,-19.110452020224667],[146.82940502775676,-19.110149284570245],[146.82933436375149,-19.11004268448195],[146.82922231327572,-19.110020158426824],[146.82913385824372,-19.11000886076088],[146.82902779836004,-19.109902236739522],[146.82888631947026,-19.109818001894794],[146.82871534094724,-19.109750558373804],[146.82861522024464,-19.109610301891383],[146.82848563670052,-19.109441974401786],[146.82833250816986,-19.109223168243755],[146.828214859069,-19.108914688369136],[146.8281856277999,-19.108662359885447],[146.82823295744828,-19.108522240720962],[146.82832749502427,-19.10835973436971],[146.8284868100354,-19.108303813895347],[146.82864025758408,-19.108203034470574],[146.82882335033787,-19.107962119141842],[146.8289356414837,-19.107749163294955],[146.82905453029218,-19.10761033947353],[146.8290891688759,-19.10756989244745],[146.82917185273465,-19.10746904686782],[146.82927804349183,-19.107446714159416],[146.82953759227004,-19.107418920146525],[146.82979128282392,-19.107346276032303],[146.83005098599423,-19.107167093444488],[146.83036369896666,-19.107055252922795],[146.83039213825282,-19.10704291575252],[146.8307118469416,-19.10690418532954],[146.8309595619805,-19.106910025222692],[146.8311895176751,-19.106971908426342],[146.8313782593861,-19.106977684644637],[146.8315670710592,-19.106904969608586],[146.83175601295164,-19.106703306724057],[146.83177994433467,-19.106372527114694],[146.83183332909587,-19.106069808874388],[146.83179229438437,-19.105817470071777],[146.8317570900515,-19.105638024435823],[146.8318515545574,-19.10554279165926],[146.83195779468082,-19.105470009820188],[146.83211112258644,-19.105492571841154],[146.83231160068797,-19.105548823482994],[146.83241780109742,-19.105515282392297],[146.83251224822945,-19.105436868141357],[146.83257722098668,-19.105341617198444],[146.83255374093528,-19.10523506118234],[146.83243002858225,-19.105089181966324],[146.8323653156558,-19.104926519422914],[146.8323890214399,-19.10480879976431],[146.83256016002034,-19.10471364541816],[146.83279607355828,-19.104719463052252],[146.83309089055413,-19.10480383396725],[146.83339739394128,-19.105000343904596],[146.83367451334738,-19.1050903101964],[146.83391035303447,-19.105180229808024],[146.83416388745823,-19.10525894945114],[146.83426423755765,-19.105180548646345],[146.83439411943377,-19.10505170864859],[146.8345474863175,-19.1050350276202],[146.83472431787516,-19.10514171205296],[146.83492472972486,-19.10526523634217],[146.83502493495118,-19.10533261072502],[146.83514883861292,-19.105287868309457],[146.83519006870026,-19.10533836187426],[146.83511329742942,-19.105444827826005],[146.83516030930866,-19.105618671097588],[146.8351660649042,-19.105758848695245],[146.8352839356441,-19.105854273237107],[146.83543725328576,-19.105888048086854],[146.8355492535592,-19.105949820403872],[146.835578634062,-19.106061984594483],[146.8357258874659,-19.10625834839926],[146.8358849657726,-19.106437903738726],[146.83594966615232,-19.106617374881427],[146.8360262701323,-19.106690330971826],[146.83617366261993,-19.10674653113966],[146.83619129487366,-19.106808219082463],[146.83619708847658,-19.10692036218315],[146.83617336451908,-19.107049297906745],[146.83621455518238,-19.10715025689204],[146.83621987625912,-19.107153298242448],[146.83650929562316,-19.10731871670356],[146.836780520594,-19.107414276383363],[146.83715196577654,-19.107554768660403],[146.83739962181247,-19.107622272098688],[146.83764141232425,-19.107650519945114],[146.83780072359139,-19.10759459137871],[146.8378939718891,-19.10761333604202],[146.83791276413407,-19.10761711220721],[146.8379423267333,-19.10754425037123],[146.8380308233422,-19.10752190607122],[146.83809566830556,-19.107555600869286],[146.83807203302698,-19.107594830174193],[146.83806018942028,-19.107650888731143],[146.83817217550342,-19.10772947832685],[146.83829008345631,-19.10778004760682],[146.83828405269938,-19.107920205702623],[146.83828984369342,-19.10802673641148],[146.83852566830242,-19.10813908131708],[146.83875562722218,-19.108212170697634],[146.8389915460015,-19.108217980430634],[146.83910954538936,-19.108184445809737],[146.8392274377011,-19.108251833361205],[146.83923909543648,-19.108397619250074],[146.8392859174663,-19.108773305954436],[146.83930916813702,-19.109132162217403],[146.8393560663097,-19.109429357815095],[146.83947369451928,-19.109771468437824],[146.83960306656454,-19.110180873768034],[146.8397267511725,-19.110366007243137],[146.8399271838338,-19.11047831050144],[146.8401453586322,-19.110540172306838],[146.84023968117484,-19.11059071985938],[146.84022188008996,-19.110702842329715],[146.84008616956626,-19.110753181141167],[146.8400447762047,-19.110859670779384],[146.8401448198563,-19.11110085238107],[146.84023783212194,-19.111278593264434],[146.84043804380607,-19.111890392065135],[146.8405557840894,-19.112546186289787],[146.84054334090038,-19.11313892115931],[146.84049069048186,-19.113502889875797],[146.84048055468958,-19.113572967270436],[146.84057664919138,-19.11391929701574],[146.84084799318114,-19.11414264173282],[146.84173935495932,-19.114913391134728],[146.84231658772103,-19.115203783895552],[146.842689559658,-19.11547237354547],[146.842841827193,-19.115582020598723],[146.84296503695782,-19.115663852283998],[146.84341085457623,-19.115968002086525],[146.84352735194764,-19.115999804869396],[146.84360489373594,-19.11604411859609],[146.84370958977013,-19.116088455349477],[146.84380265180442,-19.11612909485232],[146.84389183124927,-19.116173418333943],[146.8439042133543,-19.11618038774543],[146.84397712811582,-19.11622141676239],[146.84413223982995,-19.116280545279682],[146.84428735856028,-19.116332299035232],[146.8443726728683,-19.116361869739954],[146.84446570502044,-19.11642463279477],[146.84464018889466,-19.11650958848429],[146.84478364717555,-19.116576081254248],[146.84493488719454,-19.11662784023194],[146.84506283158794,-19.116701694351043],[146.84521405122564,-19.1167755679567],[146.845353640286,-19.11684205702933],[146.84549322680252,-19.116901171357046],[146.84569098344602,-19.116989832906174],[146.84603142971108,-19.117103620553465],[146.84626712373134,-19.117212268117886],[146.8465014292757,-19.117311307312306],[146.8466244289665,-19.1174077772001],[146.84687532972438,-19.11752366669515],[146.8470653804905,-19.117639514333224],[146.847301033258,-19.11778430168535],[146.8475519748304,-19.11785681007632],[146.84773445325513,-19.117936491533612],[146.8479473306489,-19.11804511807232],[146.84815266802903,-19.118081437782752],[146.84825155009162,-19.118081519339587],[146.84836880502195,-19.118056789844275],[146.84880667582954,-19.118230544423277],[146.84927779865197,-19.118339254871373],[146.84957612095286,-19.118452630934957],[146.84993097099522,-19.11851032711336],[146.85050422566778,-19.11858104250006],[146.85098108970004,-19.118609020864977],[146.85145974860495,-19.118682141984873],[146.8519384079399,-19.118755261862095],[146.85230033179207,-19.118750527802643],[146.85277779643164,-19.118734660862216],[146.8532616488391,-19.118763569779844],[146.85373273498075,-19.118702914233296],[146.85420381127952,-19.11864225747069],[146.85468129447085,-19.118626394641037],[146.85514599138008,-19.118520958417633],[146.85527111832425,-19.118539764581815],[146.8556362225991,-19.11859463812092],[146.85606852972734,-19.118528062720355],[146.8565377719958,-19.118442689885246],[146.85666899238066,-19.118418815512136],[146.8570070138063,-19.118357297774732],[146.85747625513542,-19.118271913501417],[146.8579319462014,-19.118143209637473],[146.85822519795488,-19.11803233718876],[146.8586182450915,-19.117897998143352],[146.85880125444407,-19.11785147777304],[146.85893761745916,-19.117828021448926],[146.85910643481589,-19.117811105944003],[146.8593339925186,-19.117759684638077],[146.859470704842,-19.117716490177454],[146.8595814542623,-19.117680786011668],[146.85989225596563,-19.11756953566445],[146.8600432840571,-19.117507056504937],[146.86085247987526,-19.11706379079296],[146.86092214909496,-19.117034778689288],[146.8618252122096,-19.1166586743351],[146.8621271538577,-19.116633595618286],[146.86233050809716,-19.116724276983593],[146.86236618814516,-19.11681958656823],[146.8624318415275,-19.116989794659435],[146.86242325977688,-19.117134569807714],[146.8622884662798,-19.117227302721513],[146.86233191422093,-19.11732274464572],[146.8624560589692,-19.11735646618814],[146.86257989581043,-19.117210584175023],[146.86268891873803,-19.117088306144133],[146.86279254025757,-19.1169554681601],[146.86286254354852,-19.116843716788733],[146.86291575593552,-19.11673195288381],[146.86300256958415,-19.11659625542634],[146.86312119209126,-19.116477129340147],[146.86316016763317,-19.116450343905658],[146.86328660736183,-19.116363451430704],[146.86339017490454,-19.116306763466074],[146.863516530916,-19.11625208964086],[146.86364050778556,-19.116199989667862],[146.86372785317192,-19.11614530486634],[146.8638038152078,-19.116082025925454],[146.863859069621,-19.116029883976648],[146.86390652133602,-19.115985418161095],[146.86394285259584,-19.115948083779458],[146.86399330975752,-19.11587910128293],[146.86409120751244,-19.11577907366422],[146.8642032418913,-19.11565735725797],[146.86431373534484,-19.115547912641787],[146.86437319812524,-19.115488073640932],[146.86440114128058,-19.11544159601881],[146.8644152656857,-19.1154116559731],[146.86442218993193,-19.11538513585549],[146.86443632382876,-19.11535520485248],[146.86446063517738,-19.115331824531193],[146.86449575401278,-19.115311895470754],[146.86453417736922,-19.115285407571978],[146.86456210975888,-19.115252052443218],[146.86460747911835,-19.1151956011132],[146.86464262205524,-19.11514600175457],[146.86469847860855,-19.115089277948606],[146.864784385253,-19.115025535947975],[146.86482104020328,-19.1150105695695],[146.8648539815838,-19.115002432847593],[146.86494557895875,-19.11500251815173],[146.86501296510627,-19.115019928721814],[146.8651074559569,-19.115063061934706],[146.86518783461983,-19.11510960095913],[146.86523670191897,-19.115159560188403],[146.86528555167254,-19.115219478775593],[146.8653465453015,-19.115311597998772],[146.8655149671229,-19.115168493983003],[146.86540552407882,-19.115015128042813],[146.8652182414791,-19.11490876359841],[146.8653904213937,-19.114726900371842],[146.8648781290134,-19.11429126738918],[146.86494688227467,-19.114205388779403],[146.86497367022486,-19.114129194735582],[146.86499316764738,-19.114050681726255],[146.8649883804706,-19.113962914523498],[146.8649349921624,-19.11388434804671],[146.86484757801625,-19.113814992956016],[146.86474806199402,-19.113685583418807],[146.86469711723245,-19.113595477709627],[146.86468257948655,-19.11353772608572],[146.86473368210764,-19.113445381757476],[146.86475321711978,-19.113320677851576],[146.8647532565598,-19.113272173322223],[146.86479947813635,-19.113207543568137],[146.86477037084873,-19.11314284944272],[146.86470724546268,-19.11308968030972],[146.86464415571407,-19.11298108385413],[146.86461991641104,-19.112916402320703],[146.86458846189643,-19.11275701093184],[146.86453030972675,-19.112551417980605],[146.86450131939873,-19.11235508285602],[146.8644480221684,-19.112165661632453],[146.86442145256873,-19.111962396464655],[146.86441916556743,-19.111793790127955],[146.8644459947669,-19.111666787027374],[146.8644412286415,-19.11155361523318],[146.86438058863527,-19.111426538673367],[146.86435154019267,-19.11129025802669],[146.86428114787773,-19.111207060622526],[146.86417670205142,-19.11117926540814],[146.86406499224478,-19.111105273817213],[146.8639654349999,-19.111028986561426],[146.86389018088312,-19.110950403606285],[146.8637615060212,-19.110834826524453],[146.86369114257835,-19.110716987957403],[146.86359642701171,-19.110661490467646],[146.86351634902644,-19.110541331020176],[146.8634192642042,-19.110418854343934],[146.8633391143473,-19.110374908487504],[146.86325410433557,-19.110344822599682],[146.86319340869136,-19.11028703655266],[146.86316431202616,-19.110210801205735],[146.86312551969485,-19.110120695032258],[146.8631426234965,-19.109993684872013],[146.86315244079717,-19.109882828446178],[146.86314281539302,-19.10976041660529],[146.8631185714399,-19.109702657623437],[146.86311865315298,-19.10960334395707],[146.8631211668535,-19.109494795713054],[146.86306052859874,-19.109379268700692],[146.8629828588789,-19.10927989718579],[146.86287358666902,-19.109203602103175],[146.86274001559255,-19.109124975227378],[146.8626113028834,-19.10905790188001],[146.86251177615637,-19.10894697289186],[146.8624584498049,-19.10879681017464],[146.86237842511545,-19.10861429110031],[146.86232991711506,-19.108512627485297],[146.8622741151183,-19.108413281053576],[146.86223773658247,-19.108337031064274],[146.86225722311914,-19.10827238190658],[146.86230341750414,-19.108240080071322],[146.86235930930238,-19.108219335474615],[146.8624443600314,-19.10821016264804],[146.86253428239195,-19.108173275224377],[146.86258779742678,-19.108106337816615],[146.86266815762923,-19.10788236570414],[146.862746085625,-19.10766763716092],[146.8627973473747,-19.10751975761876],[146.86291655754025,-19.107175822633753],[146.8629929905348,-19.106963162454434],[146.86306510666384,-19.10676250994579],[146.86327688746505,-19.106268421162703],[146.86332564391546,-19.106067525248612],[146.86334520944837,-19.105917416829453],[146.86335018522573,-19.10577422035199],[146.86334056750744,-19.105654113051465],[146.8633867836773,-19.10558255177582],[146.863430638026,-19.10543477497255],[146.86339669722693,-19.1053539088017],[146.8633360450695,-19.105245313635624],[146.86326804596803,-19.1052036903705],[146.86318789106437,-19.105180539865195],[146.86314906187155,-19.10512508364179],[146.86309816617006,-19.104967991046852],[146.86303747633085,-19.10491713674077],[146.86294516386718,-19.10489166347141],[146.86295980488626,-19.104822383372937],[146.86294532936094,-19.10469072242065],[146.86288953015844,-19.104600612530856],[146.86284341875543,-19.104533600813088],[146.86275114271092,-19.104475791072907],[146.86275117890594,-19.104431904693026],[146.86265650531607,-19.104341765754633],[146.86261526174542,-19.104263207603143],[146.8625546772596,-19.104073771217177],[146.86250627157781,-19.10384971195713],[146.8624747882948,-19.103729588264315],[146.8623970661611,-19.103697193804514],[146.86230962209447,-19.103671723854983],[146.8621784589155,-19.103630052949466],[146.86206917928735,-19.10356761194507],[146.8619939255921,-19.103493646370314],[146.86193810438374,-19.103419704371053],[146.8619139134993,-19.103299586046184],[146.8618557390308,-19.103140183049717],[146.86184122617144,-19.103054712955448],[146.86183650037074,-19.102895350037723],[146.86179770860122,-19.102796007135886],[146.86182209675405,-19.102689788863636],[146.86187314775012,-19.102657490752385],[146.86194115702997,-19.102673709949702],[146.86196307105658,-19.10261598537469],[146.8619971446028,-19.102546719900538],[146.86208222121942,-19.102491356244915],[146.86217453418536,-19.102502975358753]]]]},"properties":{"Division":3,"DivisionName":"Division 3","Dogs2024":2165,"Dogs2026":2005,"Decrease":160,"DeclineRate":0.07390300230946882,"LabelLongitude":146.78014223356945,"LabelLatitude":-19.25270245998676}}]}